case_number,year,country,area,location,activity,sex,age,injured_part,fatal,time,species
1927.05.29,1927,PHILIPPINES,Luzon Island,Bondoc Peninsula,Sea disaster,Unknown,Unknown,Unknown,Y,Unknown,Unknown
2000.09.16.b,2000,JAPAN,Miyako Island,Sunayama Beach,Surfing,M,31,Unknown,Y,17,white shark
1971.09.05,1971,AUSTRALIA,South Australia,Adelaide,Fishing,M,51,Unknown,Y,Unknown,Unknown
1984.03.17,1984,SOMALIA,Unknown,Unknown,Murder,M,Unknown,Unknown,Y,Unknown,Unknown
1853.00.00.b,1853,USA,South Carolina,Off the Battery,He was fighting a shark when his boat capsized & he disappeared,M,Unknown,Unknown,Y,Unknown,Unknown
1805.09.00,1805,USA,New York,"Sag Harbor, Suffolk County",Unknown,M,Unknown,Unknown,Y,Unknown,Unknown
1909.04.10,1909,USA,Hawaii,"Pa'uwela, Maui",Reported swept away by waves while gathering opihi,F,19,Unknown,Y,Unknown,Unknown
1956.05.00,1956,AUSTRALIA,Torres Strait,Unknown,Diving,Unknown,Unknown,Unknown,N,Unknown,Unknown
1878.03.30.R,1878,NEW GUINEA,Unknown,Unknown,Unknown,M,Unknown,Unknown,N,Unknown,Unknown
1758.00.00,1758,MEDITERRANEAN SEA,Unknown,Unknown,"Fell overboard from a frigate & was swallowed by a shark. The captain fired a gun at the shark, and ""the creature cast the man out of his throat.""",M,Unknown,Unknown,N,Unknown,Unknown
1938.00.00.a,1938,SOUTH AFRICA,KwaZulu-Natal,"Bilanhlolo River Mouth, Ramsgate",Swimming,M,Unknown,Unknown,N,Unknown,Unknown
1881.00.00.b,1881,INDIA,Unknown,"At Panihattu, Barrackpore, Dackhineshwar, Barahonagore, Kashipur & Chitpur down to Baug Bazar ghats",Unknown,Unknown,Unknown,Unknown,Y,Unknown,Unknown
1931.08.30,1931,USA,Hawaii,Unknown,Unknown,M,Unknown,Unknown,Y,Unknown,Unknown
1902.06.02,1902,PHILIPPINES,Zamboanga del Sur Province,"Near mouth of River Cumalarang, 5 miles from Port Isabela, Basilan Island",Unknown,M,Unknown,face,N,Unknown,Unknown
1894.06.29,1894,USA,Florida,Anastasia Island,Bathing,M,Unknown,Unknown,Unknown,Unknown,Unknown
1920.00.00.b,1920,NEW ZEALAND,North Island,"Stanley Bay, Auckland Harbor",Unknown,F,Unknown,Unknown,N,Unknown,Unknown
1835.01.06,1835,TASMAN SEA,35ï¿½ï¿½ï¿½ï¿½,Alongside the whaler Marianne,Hooking into a whale,M,Unknown,Unknown,N,Unknown,Unknown
1861.03.00,1861,NEW ZEALAND,North Island,"Wynyard Wharf, Auckland Harbor",Bathing,M,Unknown,Unknown,N,Unknown,Unknown
1916.11.15,1916,PANAMA,Unknown,Panama Canal,Unknown,M,Unknown,Unknown,N,Unknown,Unknown
1876.00.00.b,1876,AUSTRALIA,Western Australia,Between De Grey River and Port Walcott,Pearl diving,M,Unknown,Unknown,N,Unknown,Unknown
ND.0058,1958,FIJI,Kadavu Island Group,"18.8S, 178.25E",Swimming with fish attached to  belt,F,Unknown,Unknown,N,Unknown,Unknown
1862.06.03,1862,SOUTH AFRICA,KwaZulu-Natal,Durban Harbor,Unknown,M,Unknown,Unknown,N,Unknown,Unknown
1960.08.14,1960,MOZAMBIQUE,Delagoa Bay,Bella Vista,boat with 46 people on board capsized,Unknown,Unknown,Unknown,N,Unknown,Unknown
1941.06.00,1941,PACIFIC OCEAN,Off coast of Ecuador,Between Esmeraldas & Salinas,"Ditched aircraft, 3 men in the water. Swam for 31 hours",M,Unknown,Unknown,Y,17,Unknown
2002.11.11,2002,USA,Florida,"Ponce Inlet, New Smyrna Beach, Volusia County",Surfing,M,21,Unknown,N,13,Unknown
1959.08.14.a,1959,PHILIPPINES,Queaon,Between Unisan & Angadanan Islands,Fishing boat capsized ,Unknown,Unknown,Unknown,Y,15,Unknown
1966.01.14,1966,COLUMBIA,Unknown,Off Cartagena,Colombian  (Avianca) DC-4 airliner plunged into the sea 5 minutes after takeoff,Unknown,Unknown,Unknown,Y,Unknown,Unknown
1996.02.05,1996,DOMINICAN REPUBLIC,12 miles off the north coast,Boeing 757 enroute from Porta Plata,Boeing 757 enroute from Porta Plata plunged into the sea,Unknown,Unknown,Unknown,Y,Unknown,Unknown
1929.11.29,1929,KIRIBATI,Phoenix Islands,Nikumaroro Island,"Sea Disaster, wreck of the  SS Norwich City",Unknown,Unknown,Unknown,Y,Unknown,Unknown
2006.11.25,2006,PHILIPPINES,Surigao del Norte,"Off Bilisan Point, Hinatuarn Island",Sea Disaster,Unknown,Unknown,Unknown,Y,14,Unknown
1942.11.28,1942,SOUTH AFRICA,KwaZulu-Natal,50 km off St. Lucia,U-177 torpedoed & sank the troopship Nova Scotia,M,Unknown,Unknown,Y,9,white shark
2003.09.00,2003,USA,Florida,"Boca Grande, Lee County",Wade-fishing,M,Unknown,ankle,N,Unknown,Unknown
1965.11.03.b,1965,PANAMA,Caribbean Sea,Golfo de los Mosquitos,Argentine Air Force C-54,Unknown,Unknown,Unknown,Y,7,Unknown
1874.00.00,1874,TUVALU,Unknown,Between Nanumea & Nanumaga Atolls,Fleet of canoes caught by a squall and charged by sharks.,Unknown,Unknown,Unknown,Y,21,Unknown
1970.06.00,1970,PHILIPPINES,200 nm southeast of Manila,Unknown,Motor launch Baby Princesa capsized with 22 people on board,Unknown,Unknown,Unknown,Y,Unknown,Unknown
1985.11.05,1985,USA,California,"Southeast Farallon Island, Farallon Islands",Boat,Unknown,Unknown,no injury,N,Unknown,white shark
1938.05.02.R,1938,INDIA,West Bengal,Hooghley River near Budge-Budge,Bathing,Unknown,Unknown,Unknown,Y,Unknown,Unknown
1997.08.27,1997,USA,Florida,"New Smyrna Beach, Volusia County",Walking / surfing,M,22,heel,N,11,Unknown
1987.12.20,1987,PHILIPPINES,Mindoro,Off Manila,Ferry boat Dona Paz with 4431 passengers exploded & caught fire when she collided with an  oil tanker ,Unknown,Unknown,Unknown,Y,Unknown,Unknown
ND.0019,1921,USA,Florida,"Gadsden Point, Tampa Bay",Fishing,M,Unknown,Unknown,N,Unknown,Unknown
1950.01.12.R,1950,AUSTRALIA,Victoria,South Werribee Beach,Swimming,M,Unknown,heel,N,Unknown,Unknown
1951.05.09.R,1951,ITALY,Naples Province,"Torre del Greco, Naples",Unknown,Unknown,Unknown,Unknown,N,Unknown,Unknown
1961.00.00.a,1961,USA,Hawaii,Maui,Light aircraft ditched at sea,Unknown,Unknown,Unknown,Y,Unknown,Unknown
1937.09.01,1937,SCOTLAND,Argyll,"Carradale Bay, Kintyre Peninsula",Rowing,M,Unknown,Unknown,N,Unknown,basking shark
1877.03.16,1877,ITALY,Strait of Messina,Off Calabria,Paddling,M,Unknown,torso,N,Unknown,Unknown
1981.01.30,1981,USA,Florida,20 miles from Mayport,Commercial spearfishing,M,25,head,N,Unknown,tiger shark
1961.01.06.b,1961,ATLANTIC OCEAN,9.35N 79.35W,"East of La Grande Island, North of Panama Canal",Pacific Seafarer of US Navy,Unknown,Unknown,Unknown,Y,Unknown,Unknown
2013.10.23,2013,USA,Hawaii,"Waiehu, Maui",Diving ,M,45,buttock,N,15,white shark
1948.12.05,1948,NORTH PACIFIC OCEAN,Between Kwajalein Atoll & Johnston Island,500 nautical miles southwest of Johnston Island,Air/Sea Disaster involving C-54 Air Force Transport No. 2686 with 37 on board,M,Unknown,Unknown,Y,18,Unknown
1943.03.02.b,1943,BRAZIL,Unknown,Near the Abrolhos Archipelago ,The 3540-ton Alfonso Penna was torpedoed & sunk by the Italian submarine Barbarigo,Unknown,Unknown,Unknown,Y,19,Unknown
1927.11.03,1927,AUSTRALIA,New South Wales,"Bradleys Head, Sydney ",The steamer Tahiti collided with the ferry Greycliffe,Unknown,Unknown,Unknown,Y,Unknown,Unknown
1941.11.24,1941,SOUTH ATLANTIC OCEAN,"North of Pernambuco, Brazil",Unknown,British cruiser Dunedin torpedoed & sunk by the U-124,Unknown,Unknown,Unknown,Y,Unknown,Unknown
1959.09.10.R,1959,INDIA,Orissa,Machhagan,Unknown,Unknown,Unknown,Unknown,Y,Unknown,Unknown
1997.11.05,1997,AUSTRALIA,New South Wales,Botany Bay?,Unknown,M,21,Unknown,Y,Unknown,Unknown
1959.00.00.f,1959,INDIA,Orissa,Mouth of Devi River at Machgaon,Unknown,Unknown,Unknown,Unknown,Y,Unknown,Unknown
1981.09.28,1981,USA,Florida,"Cocoa Beach, Brevard County",Surfing,M,28,buttock,N,18,Unknown
1933.05.24,1933,BARBADOS,St Michael Parish,Off Pelican Island,Yacht of Michael Howell capsized,Unknown,Unknown,Unknown,Y,Unknown,Unknown
1892.03.25.R,1892,PACIFIC OCEAN,Unknown,Unknown, a canoe was pursuing a schooner that had forcibily abducted 5 young girls,M,Unknown,Unknown,Y,Unknown,Unknown
1968.05.18,1968,TANZANIA,Mafia Island,Unknown,Schooner sank during a storm,Unknown,Unknown,Unknown,Y,Unknown,Unknown
1964.06.29.a,1964,BERMUDA,Hamilton,2 miles south of Castle Island Harbour entrance to Hamilton,Conducting a promotional film project for the Gemini space program (a practice astronaut recovery),Unknown,Unknown,Unknown,Y,Unknown,Unknown
2006.07.17.R,2006,AUSTRALIA,Torres Strait,Western Province,Unknown,Unknown,Unknown,Unknown,N,Unknown,Unknown
1948.05.10,1948,IRAN,Shatt-al-Arab River,Unknown,"Fishing, shark caught in his net",M,38,arm,N,Unknown,Unknown
1963.01.26,1963,AUSTRALIA,New South Wales,Evans Head,Swimming,M,25,Unknown,Y,16,Unknown
2014.09.13,2014,USA,California,"Manresa State Beach, Santa Cruz County",Surfing,M,Unknown,Unknown,N,18,Unknown
1949.08.28.b,1949,AUSTRALIA,Queensland,Yorkeyï¿½ï¿½ï¿½ï¿½ï¿½ï¿½ï¿½ï¿½ï,Swimming,M,21,abdomen,N,13,Unknown
1961.04.30,1961,USA,Florida,Palm Beach County,Splashing ,M,10,abdomen,N,15,Unknown
1966.09.08.b,1966,USA,Florida,"Florida Keys, Monroe County",Hunting crayfish ,M,14,abdomen,N,Unknown,nurse shark
1920.02.03,1920,SOUTH AFRICA,Eastern Cape Province,Zwartkops River,Floating face down,F,18,abdomen,N,17,Unknown
1817.02.22,1817,SRI LANKA,Unknown,Gulf of Mannar,Conch diver,M,Unknown,abdomen,N,13,Unknown
1901.00.00,1901,USA,Florida,Indian River Inlet / Fort Pierce Inlet,Bathing,M,Unknown,abdomen,N,Unknown,Unknown
1946.00.00.a,1946,PERSIAN GULF,"""Head of the Gulf""",Unknown,Bitten after dhow shipwrecked,F,Unknown,abdomen,N,Unknown,Unknown
1954.08.19,1954,ITALY,Liguaria,Finale Ligure,Spearfishing,M,27,abdomen,N,Unknown,Unknown
1981.12.13.b,1981,AUSTRALIA,Queensland,Green Island,Unknown,Unknown,Unknown,abdomen,N,Unknown,Unknown
1989.01.03,1989,AUSTRALIA,New South Wales,"Half Tide Beach, Evans Head",Surfing with dolphins,M,17,abdomen,N,17,tiger shark
2003.09.29,2003,FIJI,Taveuni,Welagi coastal reef off Drekeniwai,Wading to shore from his boat,M,40,abdomen,Y,21,Unknown
1921.08.28,1921,PHILIPPINES,Luzon Island,"Fort Frank, Manila Bay",Swimming,M,21,abdomen,Y,15,Unknown
1926.10.29.R,1926,PAPUA NEW GUINEA,Central Province,Roku Point,Jumped into the water,M,Unknown,abdomen,Y,Unknown,Unknown
1955.08.08,1955,AMERICAN SAMOA,Tutuila Island,Pago Pago Bay,Swimming,M,28,abdomen,Y,9,blue shark
1923.00.00.b,1923,PHILIPPINES, Manila Bay,Fort Drum,Unknown,M,Unknown,abdomen,Y,Unknown,Unknown
1964.05.08,1964,FIJI,Vita Levu,Naviti,Spearfishing,M,35,abdomen,Y,11,tiger shark
1939.00.00.a,1939,PAPUA NEW GUINEA,"Abau Sub District, Central Province",Aroma Passage,Swimming to anchored boat,M,Unknown,abdomen,Y,Unknown,Unknown
1952.00.00.b,1952,PAPUA NEW GUINEA,New Ireland Province,"Samo Plantation, east coast ",Spearfishing,M,27,abdomen,Y,Unknown,Unknown
1949.00.00.a,1949,NEW GUINEA,"Abau Sub District, Central Province",Kerpuna ,Swimming ,M,Unknown,abdomen,Y,Unknown,Unknown
1923.10.20,1923,AUSTRALIA,New South Wales,"Botany Bay, Sydney",Sailing,M,Unknown,abdomen,Y,Unknown,Unknown
1925.11.00.b,1925,USA,Puerto Rico,"Condado Beach, San Juan",Unknown,Unknown,Unknown,abdomen,N,Unknown,Unknown
1964.03.05,1964,USA,Florida,"Fort Lauderdale, Broward County",Skin diving ,M,38,abdomen,N,16,Unknown
2007.09.13,2007,USA,Florida,"Lauderdale-by-the-Sea, Broward County",Snorkeling,M,14,abdomen,N,16,nurse shark
1991.07.18,1991,USA,Florida,150 miles from Crystal River,Swimming from makeshift raft  to life vest after fishing boat sank,M,42,abdomen,N,Unknown,blacktip shark
1959.01.02,1959,MOZAMBIQUE,Maputo Province,Off Inhaca Island,Swimming ashore from fishing boat swamped and sunk by a squall,M,30,abdomen,Y,8,Unknown
1945.07.30,1945,PHILIPPINES,In transit between Tinian and Leyte,200 miles Leyte,American cruiser Indianapolis torpedoed & sunk by the Japanese submarine I-58,Unknown,Unknown,buttock,Y,Unknown,Unknown
1980.01.13,1980,SOUTH AFRICA,Eastern Cape Province,Sardinia Bay,Swimming,M,Unknown,Unknown,N,Unknown,hammerhead shark
1959.01.00,1959,AUSTRALIA,Tasmania,Badger Head,Spearfishing / free diving,M,Unknown,Unknown,N,Unknown,Unknown
1953.03.19.R,1953,AUSTRALIA,South Australia,"Schnapper Rock, Kirton Point",Spearfishing,M,Unknown,Unknown,N,Unknown,Unknown
1999.00.00.a,1999,USA,Virginia,"Sandridge Beach, Virginia Beach, Princess Anne County",Body surfing,M,Unknown,Unknown,N,Unknown,Unknown
1986.04.00,1986,SPAIN,Catalonia,Lloret-de-Mar,Diving,M,Unknown,Unknown,N,Unknown,Unknown
1924.04.20,1924,AUSTRALIA,Western Australia,Fremantle,Swimming ,M,Unknown,Unknown,N,Unknown,Unknown
1993.08.19,1993,USA,Hawaii,"Paukukalo, Maui","Surfing, paddling seawards",M,Unknown,no injury,N,7,Unknown
1924.10.31.R,1924,FRENCH POLYNESIA,Tuamotus,Rangiroa,Pearl diving,M,Unknown,Unknown,N,Unknown,Unknown
1988.10.24,1988,PHILIPPINES,Viscayan Sea,Unknown,The MV Dona Marilyn sank in Typhoon Unsang with the loss of 389 lives,Unknown,Unknown,Unknown,Y,Unknown,Unknown
1942.07.06,1942,ITALY,Liguria,Savona,Sculling,M,20,no injury,N,Unknown,porbeagle
1965.03.23,1965,USA,Puerto Rico,60 miles offshore north of San Juan,Aircraft exploded,M,Unknown,no injury,N,11,Unknown
1960.08.29,1960,SENEGAL,Cap-Vert Peninsula,off Dakar,Air disaster: crash of Air France Super Constellation ,Unknown,Unknown,no injury,Y,Unknown,Unknown
1935.07.27.a,1935,USA,California,Santa Barbara Channel,fishing boat exploded & sank,M,53,Unknown,Y,Unknown,Unknown
1923.01.13,1923,CUBA,Caribbean Sea,20 miles from Havana,seaplane Columbus ditched in the sea,M,Unknown,Unknown,Y,Unknown,dusky shark
1943.03.02.a,1943,PAPUA NEW GUINEA,Morobe Province, Huon Gulf,"Known as The Battle of the Bismarck Sea :  8 Japanese destroyers guarding a convoy of 8 transports were attacked by 129 Allied fighters, 207 bombers & 3 squadrons of the Royal Australian Air Force. ",Unknown,Unknown,Unknown,Y,Unknown,Unknown
2006.07.17,2006,USA,South Carolina,"Singleton Beach, Hilton Head Island, Beaufort County",Standing,M,49,ankle,N,10,angel shark
1998.05.16.c,1998,USA,Florida,"Pecks Lake, Martin County",Swimming,F,14,ankle,N,14,blacktip shark
1979.03.24,1979,USA,Florida,"Singer Island, Riviera Beach, Palm Beach County",Surfing,M,27,ankle,N,11,blacktip shark
2016.05.18,2016,USA,Florida,"Ponte Vedra, St. Johns County",Swimming,M,48,ankle,N,9,blacktip shark
2001.08.18.a,2001,USA,Florida,"New Smyrna Beach, Volusia County",Surfing,M,19,ankle,N,10,blacktip shark
2001.04.13.a,2001,USA,Florida,"New Smyrna Beach, Volusia County",Surfing,M,12,ankle,N,10,blacktip shark
2001.04.12.b,2001,USA,Florida,"New Smyrna Beach, Volusia County",Body boarding,M,12,ankle,N,12,blacktip shark
1975.00.00.b,1975,BERMUDA,Unknown,Unknown,Spearfishing,M,25,ankle,N,Unknown,blue shark
1959.07.23.a,1959,USA,California,"Venice Beach, Los Angeles County",Dragging stranded shark ashore,M,Unknown,ankle,N,Unknown,blue shark
2014.08.09.R,2014,BAHAMAS,Unknown,Unknown,Spearfishing,M,Unknown,ankle,N,Unknown,bull shark
1999.07.26,1999,USA,Florida,"Two miles off Key Colony Beach, Monroe County",Swimming with dolphins,M,43,ankle,N,18,bull shark
2016.05.21.b,2016,USA,Florida,"St. Petersburg, Pinellas County",Swimming,F,22,ankle,N,18,bull shark
2011.06.26,2011,USA,North Carolina,"North Topsail Beach, Onslow County",Playing in the surf,F,10,ankle,N,15,bull shark
2009.08.01,2009,USA,Louisiana,"Curlew Island, Breton Sound",Wade Fishing,M,56,ankle,N,10,bull shark
2009.10.29.R,2009,MOZAMBIQUE,Inhambane Province,Off Vilanculo,Spearfishing,M,Unknown,ankle,N,Unknown,bull shark
1962.04.07,1962,SOUTH AFRICA,KwaZulu-Natal,Umhlali,Wading,M,13,ankle,N,11,bull shark
1996.02.04,1996,AUSTRALIA,New South Wales,"Ned's Beach, Lord Howe Island",Swimming,M,7,ankle,N,15,caribbean reef shark
1989.11.02,1989,AUSTRALIA,Queensland,Mermaid Waters,Swimming in canal,M,10,ankle,N,Unknown,copper shark
2004.06.10.b,2004,AUSTRALIA,Western Australia,Bunbury,Body boarding,M,17,ankle,N,15,copper shark
1988.02.14,1988,SOUTH AFRICA,Eastern Cape Province,Nahoon,Surfing,M,20,ankle,N,17,grey reef shark
1983.07.12.b,1983,USA,Florida,"Caloosahatchee River, Lee County",Windsurfing,F,39,ankle,N,15,hammerhead shark
2000.07.07,2000,USA,Texas,"Mustang Island, Corpus Christi",Jumping,M,5,ankle,N,Unknown,lemon shark
2012.11.27,2012,AUSTRALIA,Queensland,Mooloolaba,Unknown,M,20,ankle,N,14,Unknown
1960.04.20.R,1960,SOUTH AFRICA,Eastern Cape Province,Port Alfred,Fishing,M,Unknown,ankle,N,Unknown,sandtiger shark
1995.06.23,1995,USA,Georgia,"Tybee Island, Chatham County",Playing / jumping,M,13,ankle,N,Unknown,sand shark
1956.09.23,1956,USA,Florida,"Daytona Beach, Volusia County",Surf fishing,M,27,ankle,N,Unknown,sand shark
1997.05.31.a,1997,USA,Florida,"Flagler Beach, Flagler County",Surfing,M,12,ankle,N,11,sand shark
1994.10.08,1994,USA,Florida,"Bill Baggs Cape Florida State Recreation Area, Miami-Dade County",Wading,F,9,ankle,N,13,sand shark
2003.10.31.b,2003,AUSTRALIA,New South Wales,"Lighthouse Beach, Seal Rocks",Surfing,M,22,ankle,N,17,sandtiger shark
1985.10.22,1985,USA,California,"Point Conception, Santa Barbara County",Hookah diving for abalone,M,46,ankle,N,16,sevengill shark
2005.07.22,2005,USA,Florida,"Quarter mile south of Ponce de Leon Inlet, Volusia County",Surfing,M,25,ankle,N,11,Unknown
2003.08.12,2003,USA,California,"Venice Beach, Los Angeles County",Swimming,M,31,ankle,N,0,Unknown
1997.12.25.b,1997,USA,Florida,"Fort Lauderdale, Broward County",Unknown,F,29,ankle,N,Unknown,Unknown
1997.06.02,1997,USA,Florida,"Daytona Beach Shores,  Volusia County","Body surfing, stood up on sandbar",M,33,ankle,N,10,spinner shark
2011.09.02,2011,USA,Florida,"New Smyrna Beach, Volusia County",Surfing,M,19,ankle,N,11,spinner shark
1987.02.28,1987,USA,Florida,"Singer Island, Riviera Beach, Palm Beach County",Windsurfing,M,Unknown,ankle,N,Unknown,spinner shark
1993.06.10,1993,USA,Hawaii,"Goats Island (Mokuï¿½ï¿½ï¿½ï¿½ï¿½ï¿½ï¿½ï¿½ï¿½auia Island), Malaekahana State Re",Paddling on surfboard or body board,M,22,ankle,N,7,tiger shark
1938.10.05,1938,AUSTRALIA,Queensland,Between Wynnum & St. Helena Island,Fishing,M,18,ankle,N,15,tiger shark
1961.02.17.a,1961,AUSTRALIA,Victoria,Mount Martha Beach,Standing,F,Unknown,ankle,N,18,Unknown
1947.04.20,1947,SOUTH AFRICA,KwaZulu-Natal,"Country Club Beach, Durban",Treading water,M,21,ankle,N,12,Unknown
2015.09.20.d,2015,USA,Florida,"New Smyrna Beach, Volusia County",Surfing,M,14,ankle,N,16,Unknown
1982.07.19,1982,USA,Florida,"Stuart Beach, Martin County ",Swimming,M,17,ankle,N,15,Unknown
1996.05.18,1996,USA,Florida,"South of Ponce Inlet, Volusia County",Surfing,M,22,ankle,N,13,Unknown
1975.09.00,1975,SOUTH AFRICA,KwaZulu-Natal,Richards Bay,Paddleskiing,M,21,ankle,N,Unknown,Unknown
1942.00.00.f,1942,BAHAMAS,Cay Sal Bank,Anchored off the largest island in the group,Swimming along side N.E.L. vessel Saluda,M,48,ankle,N,15,Unknown
1967.12.30,1967,SOUTH AFRICA,Western Cape Province,Mossel Bay,Surfing,M,22,ankle,N,14,Unknown
1992.11.23,1992,USA,Florida,Unknown,Surfing,M,24,ankle,N,13,Unknown
1991.10.12,1991,USA,Florida,"Melbourne Beach, Brevard County",Surfing,M,21,ankle,N,8,Unknown
1967.08.00.a,1967,SENEGAL,Cap Vert Peninsula,Hann,Beach seine netting,M,Unknown,ankle,N,4,Unknown
1990.10.12,1990,USA,Florida,"Stuart Beach, Martin County",Surfing,M,19,ankle,N,12,Unknown
1988.06.01,1988,USA,Florida,"Daytona Beach, Volusia County",Surfing,M,25,ankle,N,8,Unknown
2003.06.26,2003,USA,Florida,St Augustine Beach. St. Johns County,Surfing,M,15,ankle,N,9,Unknown
2009.11.08,2009,AUSTRALIA,South Australia,Second Valley,Kayaking,M,25,ankle,N,10,Unknown
2003.07.05.b,2003,USA,Florida,"Near New Smyrna Jetty, Volusia County","Walking, carrying surfboard & stepped on shark",M,10,ankle,N,10,Unknown
1944.02.27,1944,SOUTH AFRICA,Western Cape Province,False Bay,Treading water,M,Unknown,ankle,N,14,Unknown
1980.01.25,1980,KENYA,Lamu Archipelago,South of Lamu Island,Spearfishing,M,29,ankle,N,Unknown,Unknown
1981.07.07,1981,USA,Florida,Carter Cay,Spearfishing,M,Unknown,ankle,N,18,Unknown
2002.09.21.b,2002,USA,Oregon,Cape Kiwanda,Boogie boarding or Surfing,M,24,ankle,N,Unknown,Unknown
2007.03.31.b,2007,USA,Florida,"Normandy Beach, Hutchinson Island,  St. Lucie County",Surfing,M,27,ankle,N,14,Unknown
2009.03.18.a,2009,USA,Florida,"Ponce Inlet, Volusia County",Surfing,F,17,ankle,N,17,Unknown
1987.07.21,1987,USA,Florida,"Ponce Inlet, New Smyrna Beach, Volusia County",Surfing,M,27,ankle,N,9,Unknown
1962.08.00.a,1962,SENEGAL,Cap Vert Peninsula,Unknown,Beach seine netting,M,23,ankle,N,Unknown,Unknown
2012.09.02.a,2012,USA,Florida,"New Smyrna Beach, Volusia County",Swimming or boogie boarding,F,56,ankle,N,16,Unknown
1957.04.22,1957,USA,Florida,"Ormond Beach, Volusia County",Standing,M,17,ankle,N,11,Unknown
2010.05.01,2010,USA,Florida,New Smyrna Beach,Wading,F,10,ankle,N,10,Unknown
2008.09.01,2008,USA,Florida,"New Smyrna Beach, Volusia County",Surfing,M,52,ankle,N,10,Unknown
2012.03.14.b,2012,USA,Florida,"New Smyrna Beach, Volusia County",Surfing,F,15,ankle,N,16,Unknown
1999.08.05.a,1999,USA,Florida,"New Smyrna Beach, Volusia County",Body surfing,M,62,ankle,N,11,Unknown
1983.10.13,1983,USA,Florida,"Daytona Beach, Volusia County",Wading,M,20,ankle,N,Unknown,Unknown
1958.01.19,1958,AUSTRALIA,New South Wales,Brunswick Heads,Body surfing,M,14,ankle,N,16,Unknown
1981.08.29,1981,USA,Florida,"New Smyrna Beach, Volusia County",Surfing,M,15,ankle,N,Unknown,Unknown
1877.01.24.R,1877,AUSTRALIA,Victoria,Boarding School Bay,Swimming,F,Unknown,ankle,N,Unknown,Unknown
2003.09.13.a,2003,USA,South Carolina,"Isle of Palms, Charleston County","Standing, stepped on shark",M,15,ankle,N,15,Unknown
2015.09.01,2015,THAILAND,Phuket,Karon Beach,Wading,F,37,ankle,N,8,Unknown
1946.01.17,1946,AUSTRALIA,Queensland,Townsville,Unknown,M,12,ankle,N,Unknown,Unknown
2013.06.15,2013,USA,Florida,"Atlantic Beach, Duval County",Surfing,F,Unknown,ankle,N,Unknown,Unknown
1999.04.01,1999,USA,Florida,"Hobe Sound Beach, Palm Beach County",Surfing,M,14,ankle,N,Unknown,Unknown
2003.02.15.b,2003,AUSTRALIA,South Australia,"Goolwa Beach, Fleurieu Peninsula",Wading,M,37,ankle,N,18,Unknown
2013.05.04.a,2013,USA,Florida,"Melbourne Beach, Brevard County",Surfing,M,16,ankle,N,11,Unknown
2003.04.20.a,2003,USA,Florida,"New Smyrna Beach, Volusia County",Surfing,M,18,ankle,N,14,Unknown
2014.08.02.b,2014,USA,Florida,"Table Beach, Brevard County",Boogie boarding,M,8,ankle,N,13,Unknown
2016.12.14,2016,AUSTRALIA,Western Australia,Trigg Beach,Free diving,M,61,ankle,N,9,Unknown
2016.08.29.a,2016,USA,Florida,"New Smyrna Beach, Volusia County",Surfing,M,37,ankle,N,14,Unknown
2016.08.25,2016,USA,Florida,"Ponte Vedra, St. Johns County",Wading,M,49,ankle,N,16,Unknown
2016.03.11,2016,USA,Florida,"Vero Beach, St. Lucie County",Body surfing,M,19,ankle,N,13,Unknown
2015.11.03,2015,USA,Hawaii,"Kehena Beach, Hawaii",Swimming,M,54,ankle,N,11,Unknown
2015.10.05.b,2015,USA,Florida,"Pepper Park Beach, St. Lucie County",Body boarding,M,22,ankle,N,13,Unknown
1995.02.00,1995,VENEZUELA,Unknown,Unknown,Wind surfing,M,Unknown,ankle,N,Unknown,Unknown
2015.04.11,2015,AUSTRALIA,New South Wales,McKenzies Beach,Paddle boarding,M,Unknown,ankle,N,7,Unknown
2014.08.09,2014,USA,Florida,"Lori Wilson Park, Cocoa Beach, Brevard  County",Swimming,F,10,ankle,N,13,Unknown
2013.09.25,2013,USA,Florida,"Panama City, Bay County",Standing,M,7,ankle,N,10,Unknown
2013.07.19,2013,USA,Alabama,"Gulf Shores, Baldwin County",Walking in surf,F,50,ankle,N,14,Unknown
2012.10.18.b,2012,USA,Florida,"Ponce Inlet, Volusia County",Surfing,M,24,ankle,N,10,Unknown
2016.12.11,2016,USA,Florida,"New Smyrna Beach, Volusia County",Surfing,M,19,ankle,N,15,Unknown
2016.10.30,2016,USA,Florida,"Mayport Naval Station Beach, Duval County",Surfing,M,41,ankle,N,15,Unknown
2011.12.23,2011,USA,Florida,New Smyrna Beach,Surfing,M,27,ankle,N,12,Unknown
2011.07.06,2011,REUNION,Saint-Gilles,Roches Noires,Surfing,M,16,ankle,N,14,Unknown
2011.05.13.b,2011,USA,Florida,"Ponte Vedra Beach, St Johns County",Body surfing,M,86,ankle,N,15,Unknown
1990.07.08,1990,USA,Florida,"Perdido Key near the Florida Panhandle, Escambia County",Surfing,M,17,ankle,N,Unknown,Unknown
2011.06.21,2011,USA,Florida,"Perdido Key, Escambia County",Jet skiing,M,20,ankle,N,15,Unknown
1989.06.29,1989,USA,Hawaii,"Anahola, Kaua'i",Fell off surfboard 20' from shore,M,Unknown,ankle,N,Unknown,Unknown
2009.07.05,2009,USA,Florida,"Daytona Beach, Volusia County",Boogie Boarding,F,12,ankle,N,16,Unknown
2009.04.28,2009,USA,Florida,"St. Augustine, St. John's County",Unknown,F,Unknown,ankle,N,16,Unknown
2009.04.03,2009,USA,Florida,"Sanibel Island, Lee County",Wading,M,15,ankle,N,16,Unknown
1988.03.25,1988,USA,Hawaii,"Running Waters Beach, Ninini Point, Kaua'i",Body surfing,M,Unknown,ankle,N,Unknown,Unknown
2008.08.28,2008,USA,Florida,"New Smyrna Beach, Volusia County",Surfing,M,19,ankle,N,12,Unknown
1986.11.04,1986,USA,Florida,"Tiger Shores Beach, Martin County",Surfing,M,23,ankle,N,Unknown,Unknown
2008.04.03,2008,USA,Florida,"South of Ponce de Leon Jetty, New Smyrna Beach, Volusia County",Walking out of the water after surfing,M,18,ankle,N,12,Unknown
2008.03.21,2008,USA,Florida,"Beachway Avenue Approach, New Smyrna Beach, Volusia County",Wading,M,14,ankle,N,15,Unknown
2007.08.11,2007,USA,Florida,"Ponce Inlet,  New Smyrna Beach, Volusia County",Walking out of the water after surfing,M,19,ankle,N,18,Unknown
1998.10.24,1998,USA,Florida,"Jupiter Beach, Palm Beach County",Swimming,F,17,ankle,N,15,Unknown
1994.05.23,1994,USA,Florida,"New Smyrna Beach, Volusia County",Wading,M,26,ankle,N,15,Unknown
2006.10.10,2006,USA,Florida,"Daytona Beach, Volusia County",Surfing,M,20,ankle,N,11,Unknown
2006.07.12,2006,USA,South Carolina,"Kiawah Island, Charleston County",Swimming,F,21,ankle,N,13,Unknown
2006.04.19,2006,USA,Florida,"Daytona Beach, Volusia County",Standing,F,13,ankle,N,15,Unknown
2005.07.01,2005,USA,Florida,"Boca Grande, Lee County",Standing,M,19,ankle,N,11,Unknown
1971.07.26,1971,USA,Florida,"Daytona Beach, Volusia County",Wading,M,8,ankle,N,15,Unknown
2003.12.08,2003,AUSTRALIA,Victoria,Collendina Beach east of Ocean Grove,Surfing amid a shoal of sharks,M,36,ankle,N,9,Unknown
2003.10.27,2003,USA,Florida,"New Smyrna Beach, Volusia County",Surfing,M,46,ankle,N,12,Unknown
2003.10.05.d,2003,USA,Florida,"Stuart Park Beach, Martin County",Surfing,M,18,ankle,N,14,Unknown
2003.10.05.c,2003,USA,Florida,"South Jetty, New Smyrna Beach, Volusia County",Surfing,M,30,ankle,N,14,Unknown
2003.06.08,2003,USA,Florida,"Ponce Inlet, Volusia County",Surfing,Unknown,15,ankle,N,11,Unknown
2001.09.18,2001,USA,Florida,"New Smyrna Beach, Volusia County",Surfing,M,14,ankle,N,15,Unknown
1978.08.01.R,1978,USA,Florida,Florida Straits,Floating on inner tube raft,M,27,ankle,N,Unknown,Unknown
1976.08.26,1976,USA,North Carolina,"Emerald Isle Pier (near Morehead City), Carteret County","Surfing, fell off surfboard",M,23,ankle,N,Unknown,Unknown
2001.04.13.b,2001,USA,Florida,"New Smyrna Beach, Volusia County",Surfing,M,16,ankle,N,11,Unknown
2001.04.12.d,2001,USA,Florida,"New Smyrna Beach, Volusia County",Surfing,M,38,ankle,N,16,Unknown
2000.06.19,2000,USA,Florida,"Seminole Avenue, Ormond Beach, Volusia County",Standing,M,52,ankle,N,7,Unknown
1997.08.30,1997,USA,Florida,"New Smyrna Beach, Volusia County",Surfing,M,18,ankle,N,13,Unknown
1996.09.18,1996,USA,Florida,"New Smyrna Beach, Volusia County",Swimming,M,14,ankle,N,13,Unknown
2005.09.07,2005,AUSTRALIA,New South Wales,"Park Beach, Coff's Harbour",Standing,M,15,ankle,N,18,Unknown
1988.06.05,1988,USA,Florida,"Daytona Beach, Volusia County",Swimming,M,12,ankle,N,12,Unknown
1979.04.08.b,1979,USA,Florida,"Public Beach (Carlin Park), Jupiter, Palm Beach County",Swimming,M,24,ankle,N,13,Unknown
2009.04.21,2009,USA,Florida,"New Smyrna Beach, Volusia County",Surfing,M,20,ankle,N,15,Unknown
1964.08.26,1964,USA,Florida,"Hollywood Beach, Broward County",Swimming,M,14,ankle,N,14,Unknown
1964.01.23,1964,SOUTH AFRICA,Eastern Cape Province,Nahoon,Body surfing,M,39,ankle,N,16,Unknown
1963.11.25,1963,FIJI,Vita Levu,Rewa River,Spearing fish,M,25,ankle,N,14,Unknown
2014.06.01.b,2014,AUSTRALIA,New South Wales,"Seven Mile Beach, Gerroa",Surfing,M,Unknown,ankle,N,9,Unknown
1944.03.14,1944,SOUTH AFRICA,KwaZulu-Natal,"Country Club Beach, Durban",Treading water,M,16,ankle,N,17,Unknown
1930.08.06,1930,USA,Florida,"Palm Beach Inlet, Palm Beach County",Swimming,M,Unknown,ankle,N,6,Unknown
1941.12.03,1941,AUSTRALIA,Western Australia,Carnarvon,Swimming,M,10,ankle,N,21,Unknown
1940.07.13.b,1940,USA,South Carolina,"Folly Beach, Charleston County",Standing,M,Unknown,ankle,N,Unknown,Unknown
1938.07.18,1938,USA,South Carolina,Charleston,Swimming,M,Unknown,ankle,N,Unknown,Unknown
1935.07.27.b,1935,USA,California,Santa Barbara Channel,fishing boat exploded & sank,M,23,ankle,Y,Unknown,Unknown
1933.08.28.a,1933,USA,South Carolina,"Pawleyï¿½ï¿½ï¿½ï¿½ï¿½ï¿½ï¿½ï¿½ï¿½s I",Bathing,M,Unknown,ankle,N,Unknown,Unknown
1932.06.26,1932,USA,New Jersey,"Off Ocean City, Cape May County",Fishing,M,Unknown,ankle,N,Unknown,Unknown
1929.08.05,1929,USA,South Carolina,Fort Moultrie,Bathing,M,Unknown,ankle,N,Unknown,Unknown
1916.07.13,1916,USA,New York,"Sheepshead Bay, Brooklyn",Swimming,M,Unknown,ankle,N,Unknown,Unknown
1915.11.08,1915,AUSTRALIA,New South Wales,Manly,Bathing,M,Unknown,ankle,N,Unknown,Unknown
1875.11.27.R,1875,AUSTRALIA,New South Wales,Clarence Heads,Fishing,M,Unknown,ankle,N,Unknown,Unknown
1862.00.00.b,1862,USA,Hawaii,Puna,Unknown,F,Unknown,ankle,N,Unknown,Unknown
1847.00.00.c,1847,AUSTRALIA,Queensland,Moreton Bay,Unknown,Unknown,Unknown,ankle,N,Unknown,Unknown
ND.0010,1862,USA,Hawaii,Puna,Unknown,F,Unknown,ankle,N,Unknown,Unknown
ND.0056,1958,USA,Florida,"Palm Beach, Palm Beach County",Standing,M,Unknown,ankle,N,Unknown,Unknown
2004.10.30.a,2004,SOUTH AFRICA,Western Cape Province,Gansbaai,Chumming for white sharks,M,52,ankle,N,9,white shark
1996.11.29.a,1996,USA,California,"Salmon Creek Beach, Sonoma County",Surfing,M,45,ankle,N,8,white shark
2005.06.05,2005,USA,New Jersey,"Surf City, Long Beach Island, Ocean County",Surfing,M,17,ankle,N,11,white shark
2010.04.04,2010,EGYPT,Sinai Peninsula,Sharm el-Sheikh ,Swimming / treading water,M,24,ankle,N,14,white shark
1981.03.04,1981,CHILE,Coquimbo,"Bahia Totoralillo, 80  km north of Coquimbo",Free diving Spearfishing,M,Unknown,ankle,N,10,white shark
1964.02.08,1964,SOUTH AFRICA,Western Cape Province,Muizenberg,Body boarding,M,25,ankle,N,8,white shark
1959.10.04,1959,USA,California,"Bodega Rock, Sonoma County",Diving for abalone,M,30,ankle,N,15,white shark
2011.03.10.R,2011,EGYPT,South Sinai Peninsula,Sharm-el-Sheikh,Unknown,F,Unknown,Unknown,N,Unknown,Unknown
1960.08.04.b,1960,ENGLAND,In the English Channel ,Off the south Devon coast,Helping angler land a shark,M,25,arm,N,Unknown,Unknown
1960.02.27.a,1960,USA,Hawaii,"Between Keawakapu & Makena, Maui",Spearfishing,M,36,arm,N,8,Unknown
2009.10.17,2009,SCOTLAND,Fife,Deep Sea World Aquarium,Diving,M,23,arm,N,14,angel shark
2006.06.30.b,2006,USA,Florida,"Florida Keys, Monroe County",Spearfishing,F,28,arm,N,Unknown,blacktip shark
1986.12.11,1986,USA,Florida,"Ponce Inlet, New Smyrna Beach, Volusia County",Surfing,M,40,arm,N,14,blacktip shark
1992.11.25.a,1992,USA,Florida,"Brevard County, a mile north of Sebastian Inlet",Surfing,M,19,arm,N,7,blacktip shark
1968.11.06,1968,SOUTH AFRICA,KwaZulu-Natal,Ramsgate,Fishing,M,22,arm,N,Unknown,blacktip shark
2013.10.28,2013,AUSTRALIA,Western Australia,Turquoise Bay,Snorkeling,F,60,arm,N,15,blacktip shark
2009.05.12,2009,GUAM,North Region,Ritidian Point,Spearfishing,M,27,arm,N,15,blacktip shark
ND-0123,2009,USA,Florida,Unknown,Shark tagging,F,21,arm,N,18,blacktip shark
1989.09.03,1989,USA,California,24 km off Santa Catalina Island in the Channel Islands,Filming 5' blue shark,M,46,arm,N,Unknown,blue shark
1968.06.00,1968,ENGLAND,Unknown,Unknown,Unknown,M,Unknown,arm,N,Unknown,blue shark
1943.05.01.R,1943,INDIAN OCEAN,Unknown,Unknown,ship torpedoed 400 miles off the African coas. Man was clinging to hatch cover,M,Unknown,arm,N,Unknown,blue shark
1933.02.12,1933,AUSTRALIA,South Australia,"Port River, Adelaide",Fishing,M,Unknown,arm,N,Unknown,blue shark
1959.11.10,1959,USA,California,"Near Paradise Cove, Malibu, Los Angeles County",Swimming at surface through school of feeding 2.5' to 5ï¿½ï¿½ï¿,M,21,arm,N,13,blue shark
2009.03.02,2009,SOUTH AFRICA,Western Cape Province,Off Cape Point,Fishing,M,40,arm,N,13,blue shark
1933.08.28.b,1933,USA,California,"Hermosa Beach, Los Angeles County","Fishing, caught a 15' shark & took it onboard",M,Unknown,arm,N,Unknown,blue shark
1984.09.17,1984,USA,California,"Mission Beach, San Diego County",Wading,M,Unknown,arm,N,15,blue shark
1963.12.20.a,1963,SOUTH AFRICA,KwaZulu-Natal,Umvoti,Splashing in surf,M,15,arm,Y,12,bull shark
2011.04.12,2011,INDONESIA,Bali,Balian,Surfing,M,Unknown,arm,N,9,bull shark
2003.08.29,2003,USA,Texas,1.5 miles off Surfside ,Fishing,M,Unknown,arm,N,12,bull shark
2016.04.13,2016,USA,Florida,"Off Singer Island, Palm Beach County",Spearfishing,M,26,arm,N,Unknown,bull shark
2015.07.22,2015,REUNION,Unknown,St. Leu,Surfing,M,45,arm,N,Unknown,bull shark
2014.08.25,2014,USA,Florida,Apalachicola Bay ,Fishing for sharks,M,Unknown,arm,N,Unknown,bull shark
1976.11.25,1976,USA,Florida,"Delray Beach, Palm Beach County",Surfing,M,19,arm,N,10,bull shark
2004.10.31,2004,CUBA,Camaguey Province,Santa Lucia,Diving,M,40,arm,N,14,bull shark
1999.08.05,1999,BAHAMAS,Abaco Islands,Grand Cay,Spearfishing & holding catch,M,35,arm,N,17,bull shark
1973.09.14,1973,BAHAMAS,Grand Bahama Island,"Memory Rock, 18 miles from NW end of the Island","Free diving, Spearfishing",M,11,arm,N,14,bull shark
2015.06.14.a,2015,USA,North Carolina,"Oak Island, Brunswick County",Wading,F,12,arm,N,16,bull shark
2004.07.25,2004,USA,Texas,"Bryan Beach, Brazoria County",Wading / fishing & carrying a bag of fish,M,11,arm,N,19,bull shark
2004.05.23.b,2004,BRAZIL,Pernambuco,Piedade Beach,Swimming,M,17,arm,N,14,bull shark
1938.05.15,1938,IRAQ,Basrah City,"Ashar Canal, where people wash clothes & kitchen pans","Swimming, naked",M,10,arm,N,15,bull shark
2000.06.09.a,2000,USA,Alabama,"Gulf Shores, Baldwin County",Swimming ,M,44,arm,N,6,bull shark
ND.0064,1960,IRAQ,Basrah,Shatt-al-Arab River ,Swimming naked near a date palm where many dates fell into the water,M,6,arm,N,15,bull shark
2017.01.09,2017,INDONESIA,Bali,Balian Beach,Surfing,M,48,arm,N,7,bull shark
2006.11.09,2006,SOUTH AFRICA,Eastern Cape Province,"Nahoon, East London",Canoeing,M,Unknown,arm,N,15,bull shark
2001.07.06.a,2001,USA,Florida,Gulf Islands National Seashore,Swimming,M,8,arm,N,18,bull shark
2015.06.01,2015,REUNION,Le Port,Folette,Surfing,M,47,arm,N,15,bull shark
2011.03.23,2011,AUSTRALIA,New South Wales,Crowdy Head,Surfing,M,48,arm,N,17,bull shark
2016.08.27,2016,REUNION,Unknown,Boucan Canot,Surfing,M,20,arm,N,17,bull shark
2009.12.20.a,2009,AUSTRALIA,Queensland,Lamont Reef,Spearfishing,M,18,arm,N,7,bull shark
2000.06.09.b,2000,USA,Alabama,"Gulf Shores, Baldwin County",Swimming,M,55,arm,N,6,bull shark
2007.08.07,2007,USA,Florida,"Islamorada, Monroe County",Jumped into the water,F,19,arm,N,15,bull shark
2012.03.15,2012,USA,Florida,"Jensen Beach, Martin County ",Surfing,M,61,arm,N,15,bull shark
2013.10.05.b,2013,USA,Florida,"Destin, Okaloosa County",Wading,M,12,arm,N,15,bull shark
1986.10.00,1986,USA,Florida,"Floridana Beach, Brevard County",Surfing,M,28,arm,N,Unknown,bull shark
1953.04.00.b,1953,IRAN,Karun River,"near Ahvaz, 275 km from the sea",Unknown,M,Unknown,arm,N,Unknown,bull shark
1953.04.00.a,1953,IRAN,Karun River,"near Ahvaz, 275 km from the sea",Swimming in midriver near sewage outlet & 400 m from a slaughterhouse,M,Unknown,arm,N,Unknown,bull shark
1970.01.23.b,1970,MOZAMBIQUE,Limpopo River,"Gijana, 150 km inland",Swimming,M,12,arm,N,Unknown,bull shark
1963.01.06,1963,SOUTH AFRICA,KwaZulu-Natal,"Selection Reef, Umdhloti",Spearfishing,M,24,arm,N,16,bull shark
2004.05.18,2004,BAHAMAS,Abaco Islands,Green Turtle Cay,Free diving & spearfishing,M,63,arm,N,15,caribbean reef shark
1991.07.27,1991,USA,Florida,"John Pennekamp Marine Park, Monroe County",Snorkeling,M,39,arm,N,Unknown,caribbean reef shark
2017.02.01.a,2017,BAHAMAS,Bimini,Unknown,Scuba Diving,M,37,arm,N,Unknown,caribbean reef shark
2011.01.26,2011,BAHAMAS,West End,Tiger Beach,Scuba diving,M,55,arm,N,15,caribbean reef shark
1997.05.26,1997,BAHAMAS,Abaco Islands,Powell Cay,Spearfishing,M,54,arm,N,Unknown,caribbean reef shark
1966.01.10,1966,AUSTRALIA,Western Australia,Woodman Point,Jumped into the water,M,43,arm,N,Unknown,carpet shark
2007.07.18.a,2007,NORWAY,Oslo Fjord,Sjï¿½ï¿½ï,Scuba diving,M,48,arm,N,Unknown,cat shark
2002.06.03,2002,SOUTH AFRICA,KwaZulu-Natal between Port Edward and Port St Johns,Off Mkhambati ,Snorkeling (filming the sardine run),M,50,arm,N,Unknown,copper shark
1995.03.11,1995,AUSTRALIA,South Australia,Cactus Beach,Surfing,M,35,arm,N,7,copper shark
2000.12.03,2000,AUSTRALIA,Queensland,"Sykes Reef, Great Barrier Reef",Spearfishing,M,38,arm,N,9,copper shark
1949.05.16,1949,AUSTRALIA,Western Australia,Broome,Bathing,F,22,arm,N,Unknown,copper shark
2014.05.04,2014,SOUTH AFRICA,Western Cape Province,Simonstown,Diving,Unknown,Unknown,arm,N,Unknown,cow shark
1767.00.00,1767,FRANCE,Cï¿½ï¿½ï¿½ï¿,St. Tropez,Bathing,M,Unknown,arm,N,Unknown,Unknown
2016.07.07.b,2016,USA,Massachusetts,"Off Gloucester, Essec County",Fishing,M,59,arm,N,10,dogfish shark
2009.10.02,2009,UNITED KINGDOM,Devon,Mewstone Rock,Fishing,M,39,arm,N,12,dogfish shark
1984.02.17,1984,SOUTH AFRICA,KwaZulu-Natal,"Shark tank at Oceanographic Research Insitute, Durban",Scuba diving,M,33,arm,N,9,dusky shark
1985.01.00.a,1985,SOUTH AFRICA,KwaZulu-Natal,Salt Rock,Spearfishing,M,20,arm,N,11,dusky shark
2008.01.30,2008,JAPAN,Tokyo Bay,Unknown,Diving,Unknown,Unknown,arm,N,Unknown,goblin shark
1938.00.00.d,1938,TRINIDAD & TOBAGO,Trinidad,"Manzanilla Bay, St. Andrew County",Body surfing,M,50,arm,N,Unknown,grey reef shark
2016.04.18,2016,FRENCH POLYNESIA,Tuamotos,Makemo Atoll,Spearfishing,M,26,arm,N,Unknown,grey reef shark
2000.07.12,2000, TONGA,Minerva Reef,Treated at Nuku-alofa,Scuba diving,M,69,arm,N,Unknown,grey reef shark
1966.06.11,1966,USA,Florida,"Ft. Lauderdale, Broward County",Fishing,M,18,arm,N,9,hammerhead shark
1992.11.12.R,1992,FIJI,Wakaya Island,Unknown,Scuba diving,M,30,arm,N,Unknown,hammerhead shark
1961.05.15,1961,USA,Florida,"Laguna Beach, Bay County",Walking in chest-deep water,M,52,arm,N,11,hammerhead shark
2002.12.29,2002,AUSTRALIA,Queensland,Great Barrier Reef  (near Upolu Bay),Snorkeling,F,18,arm,N,Unknown,hammerhead shark
2013.02.09,2013,FRENCH POLYNESIA,Society Islands,"Tapu, a dive site on the outer reefs of Bora Bora",Scuba diving,M,48,arm,N,9,lemon shark
1981.05.16,1981,USA,Florida,"Jacksonville, Duval County",Diving,M,Unknown,arm,N,Unknown,lemon shark
2007.05.00,2007,BAHAMAS,Bimini Islands,Unknown,Shark tagging,F,20,arm,N,Unknown,lemon shark
1982.06.26.a,1982,BAHAMAS,Andros Islands,North Rat Cay Reef,Spearfishing ,M,19,arm,N,Unknown,lemon shark
1991.08.09,1991,USA,Florida,Florida Bay,Fishing,M,Unknown,arm,N,Unknown,lemon shark
1994.03.07,1994,USA,California,Unknown,Removing shark from tank in nightclub ,M,33,arm,N,Unknown,lemon shark
2010.04.28,2010,USA,Florida,Hanalei Bay,Measuring sharks,M,29,arm,N,15,lemon shark
2010.12.01.b,2010,EGYPT,South Sinai Peninsula,"Ras Nasrani, Sharm el-Sheikh",Snorkeling,M,54,arm,N,11,mako shark
1981.08.07,1981,BAHAMAS,Grand Bahama Island,"Gingerbread Reef, east of Little Isaac Island ",Snorkeling on surface,M,53,arm,N,12,mako shark
2013.08.26,2013,FRANCE,Bay of Biscay,Unknown,Longline fishing for sharks,M,50,arm,N,20,mako shark
2007.12.14,2007,AUSTRALIA,New South Wales,Bondi ,Swimming,M,34,arm,N,20,Unknown
2013.09.01.c,2013,USA,Florida,Key West Aquarium,Unknown,M,3,arm,N,Unknown,nurse shark
1964.07.27,1964,USA,Puerto Rico,Unknown,Unknown,M,22,arm,N,11,nurse shark
2010.07.11,2010,USA,Florida,"Lauderdale-by-the-Sea, Broward County",Fishing,M,Unknown,arm,N,Unknown,nurse shark
1963.09.10,1963,USA,Florida,"Snapper Point Jetty, Miami, Dade County","Spearfishing, pulled sharkï¿½ï¿½ï",M,16,arm,N,13,nurse shark
2002.03.15.b,2002,USA,Florida,"Deerfield Beach (near Boca Raton), Broward County",Snorkeling,M,39,arm,N,9,nurse shark
2016.05.15,2016,USA,Florida,"Boca Raton, Palm Beach County",Teasing a shark,F,23,arm,N,13,nurse shark
2016.07.27,2016,USA,Florida,"Florida Keys, Monroe County",Lobstering,M,43,arm,N,Unknown,nurse shark
1959.07.02,1959,USA,Florida,"Delray Beach, Palm Beach County",Free diving,M,13,arm,N,Unknown,nurse shark
2003.11.00,2003,PANAMA,Pearl Islands,Unknown,Spearfishing,M,Unknown,arm,N,Unknown,nurse shark
2011.10.28.,2011,SOUTH AFRICA,KwaZulu-Natal,"uShaka Aquarium, Durban",Diving,Unknown,Unknown,arm,N,Unknown,sandtiger shark
1986.02.06,1986,SOUTH AFRICA,Western Cape Province,Arniston,Spearfishing,M,29,arm,N,13,sandtiger shark
1980.01.10,1980,SOUTH AFRICA,Eastern Cape Province,Kingï¿½ï¿½ï¿,Swimming,M,25,arm,N,18,sandtiger shark
1960.07.03,1960,USA,Virginia,Hog Island,"Fishing, tossing netted shark onboard",M,41,arm,N,12,sand shark
2014.06.09.b,2014,USA,Delaware,"Cape Henlopen State Park, Sussex County",Standing,M,16,arm,N,17,sandbar shark
2011.05.10,2011,USA,Florida,Miami,Fishing ,M,Unknown,arm,N,Unknown,sandbar shark
2005.08.21,2005,USA,South Carolina,"34th Avenue North, Myrtle Beach, Horry County",Swimming,M,8,arm,N,9,sandbar shark
1967.03.12,1967,AUSTRALIA,Victoria,Geelong,Spearfishing,M,36,arm,N,15,sandtiger shark
1967.11.30.a,1967,AUSTRALIA,Queensland,Surfer's Paradise,Unknown,M,18,arm,N,Unknown,sandtiger shark
1963.01.14,1963,NEW ZEALAND,North Island,"Petone Beach, Wellington",Fishing,Unknown,14,arm,N,15,sandtiger shark
1991.03.03,1991,AUSTRALIA,New South Wales,Bass Point,Scuba diving,M,18,arm,N,Unknown,sandtiger shark
1937.01.27,1937,AUSTRALIA,New South Wales,"Lake Conjola, near Milton",Holding shark's tail ,M,18,arm,N,Unknown,sandtiger shark
2007.08.20,2007,USA,Delaware,"Indian River Inlet, Rehoboth Beach",Fishing,M,Unknown,arm,N,19,sandtiger shark
2005.03.12,2005,USA,New Mexico,"Albuquerue Aquarium, Albuquerue",Diving in aquarium display tank,M,45,arm,N,15,sandtiger shark
2010.07.17.b,2010,USA,North Carolina,"Wrightsville Beach, New Hanover County",Swimming,F,13,arm,N,13,sandtiger shark
1999.12.31.b,1999,NEW ZEALAND,South Island,Oreti Beach,Swimming,F,13,arm,N,Unknown,sevengill shark
1962.06.04,1962,USA,California,"12' tank at Steinhart Aquarium, San Francisco","Scuba diving, attempting to catch a captive shark",M,55,arm,N,13,sevengill shark
2016.03.28.b,2016,USA,Florida,"Fort Myers Beach, Lee County",Unknown,M,15,arm,N,Unknown,Unknown
2013.07.09,2013,SPAIN,Catalonia,"Sant Marti dï¿½ï¿½ï¿½ï¿½ï¿½ï¿½ï¿½ï¿½ï",Swimming,M,48,arm,N,Unknown,Unknown
2003.10.24,2003,USA,Hawaii,Honolua Bay,Snorkeling,M,56,arm,N,12,Unknown
2009.06.16,2009,USA,Florida,"Melbourne Beach, Brevard County",Crawling,M,14,arm,N,17,Unknown
1957.04.13,1957,AUSTRALIA,Torres Strait,"Thursday Island Harbour, Queensland",Swimming between  anchored  pearling luggers,M,22,arm,N,14,Unknown
1968.04.20,1968,USA,Florida,"Palm Beach Shores, Riviera Beach, Singer Island, Palm Beach County",Unknown,M,10,arm,N,12,silky shark
2015.12.25,2015,SPAIN,Grand Canary Island,"Arinaga Beach, Aguimes, Gran Canaria",Swimming,F,38,arm,N,Unknown,silky shark
2007.09.03.a,2007,USA,Florida,"Fort Lauderdale, Broward County",Swimming,M,58,arm,N,9,spinner shark
1997.06.09,1997,USA,Florida, Palm Beach County,Surfing,M,18,arm,N,18,spinner shark
2009.06.27,2009,AUSTRALIA,New South Wales,"Seven Mile Beach, Gerroa",Surfing,M,52,arm,N,8,copper shark
1999.02.23,1999,AUSTRALIA,New South Wales,Scotts Head,Surfing,M,35,arm,N,18,tiger shark
1989.10.14,1989,USA,Hawaii,"Kahe Point, O'ahu",Scuba diving,M,Unknown,arm,Y,16,tiger shark
1995.06.13,1995,HONG KONG,Clearwater Bay,First Beach,Swimming,F,45,arm,Y,Unknown,tiger shark
1985.10.18,1985,USA,Hawaii,"Little Glass Shacks, Princeville, Kaua'i",Body boarding,M,33,arm,N,Unknown,tiger shark
1996.03.05,1996,AUSTRALIA,Queensland,Heron Island,Swimming breast stoke,F,47,arm,N,7,tiger shark
1963.11.30.a,1963,PAPUA NEW GUINEA,Gulf Province,"Kukipi, 150 miles west of Port Moresby in the Lakekamu River area",Fishing / standing in waist deep water,F,18,arm,N,14,tiger shark
1963.07.28,1963,FEDERATED STATES OF MICRONESIA,Eastern Caroline Islands,"Koop Reef, Truk (Chuuk)",Spearfishing,M,26,arm,N,8,tiger shark
2017.05.28,2017,USA,Florida,Off Jupiter,Feeding sharks,M,Unknown,arm,N,9,tiger shark
2017.06.02,2017,BAHAMAS,New Providence ,Athol Island,Snorkeling,F,32,arm,N,12,tiger shark
1953.03.00.a,1953,PAPUA NEW GUINEA,Milne Bay Province,"Off Rossel Island, Louisiade Archipelago",Went over side of boat at trochus ground,M,Unknown,arm,Y,Unknown,tiger shark
1935.04.25,1935,AUSTRALIA,New South Wales,Coogee,"Disappeared 11 days earlier, probable homicide victim",M,40,arm,N,Unknown,tiger shark
1933.11.18,1933,AUSTRALIA,Queensland,Near Barrow Point,Pearl diving,M,17,arm,N,Unknown,tiger shark
1929.12.26,1929,AUSTRALIA,New South Wales,"White Bay, near Bald Rock Jetty, Sydney Harbor ",Diving by wharf,M,16,arm,Y,Unknown,tiger shark
1928.04.14.R,1928,AUSTRALIA,Queensland,"Barrow Point, 100 miles north of Cooktown, Queensland",Fishing,M,Unknown,arm,N,Unknown,tiger shark
2015.12.21.a,2015,BRAZIL,Pernambuco,Fernano de Noronha,Scuba diving,M,32,arm,N,Unknown,tiger shark
1959.10.00,1959,FIJI,Kadavu,Great Astrolabe Reef,Spearfishing,M,36,arm,N,12,tiger shark
1988.08.22.b,1988,USA,Louisiana,New Orleans,Diving in Sharkey's Reef restaurantï¿½ï¿½ï¿½ï¿,M,Unknown,arm,N,Unknown,tiger shark
1999.10.01,1999,USA,Hawaii,Old Kona Airport State Park,"Surfing, lying on surfboard",M,16,arm,N,18,tiger shark
1959.00.00.e,1959,ATLANTIC OCEAN,Unknown,Unknown,Paddling & sailing from Buenos Aires to Miami,M,Unknown,arm,N,Unknown,tiger shark
2013.01.16,2013,USA,Hawaii,Kiholo Bay,Surfing,M,43,arm,N,16,tiger shark
1991.11.26.b,1991,USA,Hawaii,"Olowalu, Maui",Snorkeling,F,41,arm,Y,9,tiger shark
1997.02.28.a,1997,AUSTRALIA,Queensland,Whitsunday Passage,Scuba diving,M,30,arm,N,15,tiger shark
1988.02.02,1988,Fiji,Vanua Levu,Unknown,Diving,M,22,arm,N,Unknown,tiger shark
2000.09.08.a,2000,REUNION,Saint-Pierre,Pic du Diable ,Surfing,M,27,arm,N,18,tiger shark
1991.07.01.b,1991,REUNION,L'Etang-Salï,"Ravine des Sables, Saint Leu",Surfing,M,30,arm,N,17,tiger shark
2012.01.19,2012,AUSTRALIA,Western Australia,Coral Bay,Snorkeling,M,26,arm,N,15,tiger shark
1992.10.22,1992,USA,Hawaii,"Lanaikea, O'ahu",Surfing,M,28,arm,N,7,tiger shark
1936.04.22,1936,AUSTRALIA,Queensland,Arlington Reef near Cairns,Diving for trochus,M,16,arm,N,10,tiger shark
1997.08.14.a,1997,MEXICO,Quintana Roo,"Santa Rosa, Cozumel",SCUBA diving,M,33,arm,Y,Unknown,tiger shark
2006.05.31,2006,USA,Hawaii,O'ahu,Spearfishing,M,26,arm,N,13,tiger shark
2015.03.18,2015,USA,Hawaii,Hapuna Beach,Standing / Snorkeling,M,58,arm,N,11,tiger shark
1965.10.16.b,1965,BAHAMAS,New Providence Island,Nassau,Sunbathing on beach when he saw child being attacked by the shark,M,32,arm,N,Unknown,Unknown
1941.07.01,1941,USA,Hawaii,"Nankuli, O'ahu",Fishing,M,Unknown,arm,N,Unknown,Unknown
2007.09.03.b,2007,USA,Florida,"Daytona Beach, Volusia County",Jumping,F,12,arm,N,9,Unknown
1958.00.00.h,1958,PANAMA,Canal Zone,Unknown,Skindiving,M,Unknown,arm,N,Unknown,Unknown
1937.05.15,1937,AUSTRALIA,Queensland,"Ross River, Townsville","Refused permission to cross on the ferry, he was swimming across the river",M,33,arm,Y,21,Unknown
1961.02.01.b,1961,SOUTH AFRICA,Eastern Cape Province,Nahoon,Swimming,M,14,arm,Y,14,Unknown
1960.09.24,1960,USA,South Carolina,"Atlantic Beach, Horry County",Fishing inside net,M,Unknown,arm,N,Unknown,Unknown
1959.08.12,1959,CROATIA,Istria,Pula,Fishing,M,Unknown,arm,N,Unknown,Unknown
1958.09.06,1958,BAHAMAS,Cat Cay,off yacht Serenade,Fishing,M,42,arm,N,9,Unknown
1933.09.27.R,1933,ISRAEL,Unknown,Nabi Rubin,Fishing,M,Unknown,arm,N,Unknown,Unknown
1963.12.26.a,1963,AUSTRALIA,Queensland,"Figtree Ledge, Hervey Bay",Sitting on gunwale of boat,M,Unknown,arm,N,7,Unknown
1990.02.17,1990,USA,Hawaii,"Mokapu, Kane'ohe Marine Air Corps Station, O'ahu",Scuba diving & spearfishing,M,Unknown,arm,Y,21,Unknown
1966.08.13,1966,ITALY,Taranto province,"Pulsano, near Taranto",Attacked shark with fists,M,21,arm,N,Unknown,Unknown
2005.07.15,2005,USA,North Carolina,"Holden Beach, Brunswick County",Swimming,M,22,arm,N,16,Unknown
1957.12.23,1957,SOUTH AFRICA,KwaZulu-Natal,Margate,Floating,M,23,arm,Y,16,Unknown
1952.12.03,1952,USA,Hawaii,"Maile Beach, O'ahu",Swimming from fishing boat setting nets,M,40,arm,Y,Unknown,Unknown
2002.04.01,2002,USA,Florida,"Lauderdale-By-The-Sea, Broward County",Swimming / Wading,M,29,arm,N,11,Unknown
1963.01.11,1963,SOUTH AFRICA,KwaZulu-Natal,"Peace Cottage, Umdhloti","Free diving, hunting crayfish",M,27,arm,N,12,Unknown
1970.09.13,1970,PALAU,Western Caroline Islands (North Pacific Ocean),Outside barrier reef,Spearfishing,M,20,arm,N,Unknown,Unknown
2004.06.10.a,2004,USA,Florida,"Daytona Beach Shores, Volusia County",Swimming,M,8,arm,N,18,Unknown
1996.10.03.b,1996,USA,Florida,"Cocoa Beach, Brevard County",Surfing,M,21,arm,N,8,Unknown
1975.07.15,1975,USA,Florida,"New Smyrna Beach, Volusia County",Swimming,F,14,arm,N,10,Unknown
1977.04.21,1977,USA,Hawaii,"Ka'anapali, Maui",Swimming,M,Unknown,arm,N,Unknown,Unknown
1995.10.01,1995,USA,Florida,"Ormond Beach, Volusia County",Surfing,M,39,arm,N,11,Unknown
1995.08.25,1995,USA,North Carolina,"Off Masonboro Island, New Hanover County",Swimming,M,16,arm,N,18,Unknown
1990.06.23,1990,BAHAMAS,Unknown,Bimini,Spearfishing,M,38,arm,N,14,Unknown
1995.08.31.b,1995,USA,Florida,"North Beach Inlet, St. Lucie County",Surfing,M,19,arm,N,Unknown,Unknown
1984.10.21,1984,USA,Florida,"3 miles south of Sebastian Inlet State Park, Indian River County",Surfing or body surfing,F,23,arm,N,13,Unknown
1997.08.04,1997,USA,Florida,"Carysfort Lighthouse, Key Largo, Monroe County",Wade-fishing,M,Unknown,arm,N,Unknown,Unknown
1993.01.05,1993,AUSTRALIA,Queensland,"Line Reef, northeast of Hamilton Island, Whitsundays",Spearfishing,M,21,arm,N,9,Unknown
2011.02.23,2011,NEW CALEDONIA, Loyalty Islands,"Bay of Bweedro, Ouvï¿",Spearfishing,M,21,arm,N,12,Unknown
1990.11.28,1990,AUSTRALIA,Queensland,Nerang River,Swimming ,M,26,arm,N,Unknown,Unknown
1980.00.00.d,1980,NORTH ATLANTIC OCEAN,Unknown,Onboard swordfish trawler,Gaffing netted shark,M,34,arm,N,Unknown,Unknown
2005.08.12,2005,USA,North Carolina,"Carolina Beach off Texas Avenue, New Hanover County",Surfing,M,16,arm,N,11,Unknown
2004.07.27.b,2004,USA,North Carolina,"Carolina Beach, New Hanover County",Swimming,F,13,arm,N,17,Unknown
1994.06.24,1994,BAHAMAS,Grand Bahama Island,Freeport,Spearfishing,M,30,arm,N,15,Unknown
1988.09.13.b,1988,USA,Florida,"Shell Island Panama City Beach, Bay County",Walking,F,Unknown,arm,N,15,Unknown
1963.06.01.a,1963,PAPUA NEW GUINEA,Central Province,Near Fisherman's Island,Fishing,M,30,arm,N,9,Unknown
1995.09.19.,1995,USA,Florida,"Matanzas Bay Inlet, St. Johns County",Surfing,M,19,arm,N,Unknown,Unknown
1965.02.14,1965,SOUTH AFRICA,KwaZulu-Natal,Amatikulu,Treading water,M,25,arm,N,15,Unknown
1981.10.19.a,1981,USA,Florida,"Jupiter Island, Brevard County",Swimming,M,19,arm,N,11,Unknown
1985.10.12,1985,USA,Hawaii,"Barbers Point, O'ahu",Floating on inner tube after diving for lobster,M,24,arm,N,Unknown,Unknown
1963.04.13,1963,AUSTRALIA,Western Australia,Yallingup,"Surfing on ""chest board"" (boogie board?)",M,25,arm,N,Unknown,Unknown
1894.11.28,1894,AUSTRALIA,New South Wales,Newcastle ,Bathing,M,19,arm,N,9,Unknown
1918.03.22,1918,AUSTRALIA,New South Wales,Newcastle,Surfing,M,Unknown,arm,N,18,Unknown
1924.07.14,1924,ENGLAND,Dorset,Weymouth,Fishing for mackerel,M,Unknown,arm,N,Unknown,Unknown
1917.09.09,1917,USA,Hawaii,"Nanakuli, Oahï¿",Stuffing a shark into an automobile,M,Unknown,arm,N,Unknown,Unknown
1976.06.23,1976,USA,Florida,"St. Andrews State Park, Bay County",Skindiving,M,17,arm,N,21,Unknown
2015.05.25,2015,FRENCH POLYNESIA,Rangiroa,Avatoru Pass,Spearfishing,M,19,arm,N,8,Unknown
2001.01.24,2001,CUBA,Holquin Province,Off Blau Costa Verde resort,Swimming,F,55,arm,N,Unknown,Unknown
1955.05.08,1955,USA,California,"Malibu, Los Angeles County",Spearfishing,M,28,arm,N,Unknown,Unknown
1953.06.00,1953,AUSTRALIA,Queensland,Unknown,Landing hooked shark in boat,M,Unknown,arm,N,Unknown,Unknown
2012.01.03,2012,AUSTRALIA,New South Wales,North Avoca Beach,Surfing,M,28,arm,N,20,Unknown
1967.09.13,1967,ITALY,Brindisi Province,Brindisi,Scuba diving,M,21,arm,N,Unknown,Unknown
1901.09.23.R,1901,CYPRUS,Southern Cyprus,Larnaca,Swimming,M,15,arm,Y,Unknown,Unknown
2007.03.12,2007,AUSTRALIA,Queensland,"Moore Park, north of Bundaberg",Swimming,F,59,arm,N,15,Unknown
2009.04.17.,2009,USA,Florida,"Walton Rocks, St Lucie County",Surfing,M,31,arm,N,13,Unknown
1966.12.31,1966,AUSTRALIA,Tasmania,"Piccaninny Point, 10 miles from Bicheno",Fishing,M,30,arm,N,Unknown,Unknown
1964.01.01.a,1964,SOUTH AFRICA,Western Cape Province,Mossel Bay,Diving for sinkers,M,Unknown,arm,N,19,Unknown
2002.05.13,2002,USA,Florida,"Ten Thousand Islands National Wildlife Refuge, Collier County",Fishing,M,31,arm,N,Unknown,Unknown
1978.11.26,1978,USA,Hawaii,"Ewa, O'ahu",Surfing,M,Unknown,arm,N,Unknown,Unknown
1972.08.17,1972,USA,Hawaii,"Waimanu, Honoka'a, Hawai'i",Spearfishing,M,Unknown,arm,N,Unknown,Unknown
1955.07.07,1955,YEMEN,Aden,Telegraph Bay,Swimming,F,Unknown,arm,Y,Unknown,Unknown
1954.10.06,1954,UNITED KINGDOM,Isle of Man,Off Fleetwood,Fishing  (trawling),M,62,arm,N,Unknown,Unknown
1958.04.03,1958,SOUTH AFRICA,KwaZulu-Natal,Port Edward,Swimming with goggles,M,29,arm,Y,13,Unknown
1924.01.19,1924,AUSTRALIA,New South Wales,"Near Asbestos Works, Camellia, Parramatta River",Had just dived into water & was swimming,M,16,arm,Y,16,Unknown
1991.08.30,1991,AUSTRALIA,Queensland,"On board the Japanese longline trawler Fukuya No.38, 100 nm northeast of Brisbane",Finning the shark that bit him,M,36,arm,N,15,Unknown
2016.01.02,2016,AUSTRALIA,Queensland,Miall Island,Spearfishing,M,31,arm,N,11,Unknown
2008.05.24.a,2008,MEXICO,Guerro,Playa Linda,Surfing,M,49,arm,N,7,Unknown
2004.11.00,2004,NEW CALEDONIA,North Province,Koumac,Diving,Unknown,Unknown,arm,N,Unknown,Unknown
1983.07.15,1983,SOUTH AFRICA,Eastern Cape Province,"Seal Point, Cape St. Francis",Surfing,M,Unknown,arm,N,Unknown,Unknown
2016.09.11,2016,USA,Florida,"Ponte Vedra, St. Johns County",Wading,M,60,arm,N,15,Unknown
2016.06.15.b,2016,USA,Hawaii,"Kalapaki Beach, Kauai",Surfing,M,Unknown,arm,N,6,Unknown
2010.08.02.a,2010,USA,Florida,"Micklers Landing, St. Johns County",Standing,F,37,arm,N,11,Unknown
1959.02.06,1959,PAPUA NEW GUINEA, Kikori River mouth,"Ururumba, mouth of Kikori River 7.45S, 144.40E",Fishing,M,Unknown,arm,N,Unknown,Unknown
1956.10.20,1956,PAPUA NEW GUINEA,Central Province,Kapakapa ,"Spearfishing, holding 5' speared fish",M,Unknown,arm,N,Unknown,Unknown
1974.07.02,1974,USA,Florida ,Gulf of Mexico,Adrift after the sinking of the motor yacht Princess Dianne,M,10,arm,Y,Unknown,Unknown
1965.09.08,1965,MEXICO,Veracruz,Playa Villa del Mar,Unknown,M,23,arm,N,18,Unknown
1985.05.08,1985,SOUTH AFRICA,KwaZulu-Natal,Umdhloti,Spearfishing,M,39,arm,N,Unknown,Unknown
1977.02.26,1977,AUSTRALIA,New South Wales,"Kingscliffe Beach, south of Tweed Heads","Pushed surfmat of a young girl out of the shark's path, drawing shark's attention to his own board",M,24,arm,N,Unknown,Unknown
2015.08.20,2015,USA,South Carolina,"Murrells Inlet, Georgetown County",Surfing,M,15,arm,N,12,Unknown
1969.08.01,1969,USA,Florida,"St. Petersburg, Pinnellas County",Body surfing,M,13,arm,N,16,Unknown
1966.07.19,1966,USA,South Carolina,"Folly Beach, Charleston County",Killing a shark,M,34,arm,N,18,Unknown
2014.03.22.a,2014,USA,Florida,Delray Beach,Kite Surfing,M,Unknown,arm,N,Unknown,Unknown
1982.02.27,1982,USA,Florida,"Hobe Sound, Palm Beach County",Surfing,M,18,arm,N,Unknown,Unknown
2011.09.16,2011,USA,Florida,New Smyrna Beach,Surfing,M,25,arm,N,11,Unknown
1935.06.18,1935,USA,New Jersey,50 miles offshore,"Fishing for bluefish, shark leapt into dory",M,31,arm,N,Unknown,Unknown
1943.04.05,1943,USA,Hawaii,"3 miles from shore off McGregor Point, Maui","Small boat swamped, 4  people swimming to shore but he fell behind the other 3 and vanished",M,Unknown,arm,Y,Unknown,Unknown
2012.09.25,2012,USA,Florida,"Melbourne Beach, Brevard County",Surfing,M,21,arm,N,16,Unknown
1982.06.26.b,1982,USA,South Carolina,"Isle of Palms, Charleston County",Swimming,M,20,arm,N,16,Unknown
1947.02.06.R,1947,BAHAMAS,New Providence Island,Cable Beach,Attempting to ride a shark,M,Unknown,arm,N,Unknown,Unknown
1959.08.14.b,1959,USA,South Carolina,Charleston,Fishing,M,Unknown,arm,N,Unknown,Unknown
2011.01.31,2011,MEXICO,Quintana Roo,Cancun,Swimming,F,38,arm,N,12,Unknown
1949.11.20,1949,AUSTRALIA,New South Wales,"Kurnell, Botany Bay ",Free diving or wading back to shore,M,36,arm,N,15,Unknown
1922.05.24,1922,JAMAICA,Westmoreland Parish,Savanna-la-Mar,Swimming,M,19,arm,Y,10,Unknown
2009.05.06,2009,BAHAMAS,Exuma Islands,Unknown,Spearfishing,M,48,arm,N,Unknown,Unknown
1957.07.09,1957,AUSTRALIA,Torres Strait,Near Thursday Island,Diving for trochus,M,36,arm,N,Unknown,Unknown
1944.12.18,1944,PHILIPPINES,300 miles east of Luzon,USS Hull DD-350 was one of 3 destroyers that capsized in Typhoon Cobra,Swimming near life raft,M,19,arm,N,Unknown,Unknown
1928.11.04,1928,PANAMA,Gulf of Panama,Taboga Island Bay,Swimming,M,17,arm,Y,10,Unknown
1943.10.26,1943,USA,Florida,Victim was on said to be on tanker that collided off Florida coast on 10-20-1943,Unknown,M,Unknown,arm,N,Unknown,Unknown
2017.05.27,2017,AUSTRALIA,New South Wales,Evans Head,Fishing ,M,73,arm,N,Unknown,Unknown
2015.10.08,2015,MOZAMBIQUE,Inhambane Province,"Maxixe, Inhambane Bay",Fishing,M,Unknown,arm,N,Unknown,Unknown
2014.11.20,2014,MAURITIUS,Cargados Carajos Shoals (St. Brandon),Unknown,Fishing,M,39,arm,Y,Unknown,Unknown
2014.06.09.c,2014,BRAZIL,Unknown,500 km off the coast of Pernambuco,Fishing,M,43,arm,N,Unknown,Unknown
1992.07.08.b,1992,BRAZIL,Maranhï¿,"Praia da Marcela, Sï¿½ï¿½ï¿½ï¿½ï",Surfing,M,Unknown,arm,N,Unknown,Unknown
2013.12.13,2013,KIRIBATI,740 miles SE of Tarawa Atoll,Unknown,Attempting to remove fishing net from submerged object,M,35,arm,N,Unknown,Unknown
2013.03.03,2013,SOUTH AFRICA,Eastern Cape Province,Port St. John's,Swimming,M,39,arm,N,Unknown,Unknown
2011.09.28.b,2011,DOMINICAN REPUBLIC,Samanï¿½ï¿½ï¿½ï,Playa Jackson ,Fishing,M,48,arm,N,Unknown,Unknown
2011.06.06.R,2011,COLUMBIA,San Andrï¿½ï¿½ï¿½ï¿½ï¿,Albuquerque Cay,Spearfishing,M,24,arm,N,Unknown,Unknown
2009.09.15,2009,SOMALIA,Unknown,300 miles off the coast ,Fishing,M,Unknown,arm,N,Unknown,Unknown
2009.01.27.R,2009,AZORES,Unknown,Onboard the fishing vessel Nuevo Cedes ,Fishing,M,49,arm,N,Unknown,Unknown
2008.04.09.R,2008,FIJI,Unknown,Unknown,Spearfishing,M,Unknown,arm,N,Unknown,Unknown
2006.02.12.b,2006,AUSTRALIA,Queensland,"Point Vernon, Hervey Bay",Swimming,M,Unknown,arm,N,Unknown,Unknown
2004.04.13.a,2004, TONGA,Nuku'alofa,30 nautical miles offshore,Five men on makeshift raft after their 10 m fishing boat  capsized and sank in rough seas. Survivors rescued after  7.5 hours in the water,M,Unknown,arm,Y,Unknown,Unknown
2002.06.16,2002,INDONESIA,Unknown,"Shark caught in Indonesia, offloaded to trawler that docked at Samut Prakan, 20 miles south of Bangkok, Thailand",Unknown,Unknown,Unknown,arm,Y,Unknown,Unknown
2002.06.13.R2,2002,PAPUA NEW GUINEA,Louisiade Archipelago,"Brooker Island , Calvados Chain",Unknown,Unknown,Unknown,arm,N,Unknown,Unknown
2001.05.18,2001,PHILIPPINES,Zamboanga del Sur Province,Unknown,Shark fishing,M,24,arm,N,Unknown,Unknown
2016.10.21,2016,USA,Hawaii,"Hooipa Beach Park, Maui",Surfing,M,36,arm,N,17,Unknown
1952.04.00,1952,SUDAN,Red Sea State,"Suakin Harbor, Suakin Island",Spearfishing,M,Unknown,arm,N,21,Unknown
2006.09.02.a,2006,USA,Florida,"New Smyrna Beach, Volusia County",Swimming,M,13,arm,N,17,Unknown
2017.01.22,2017,USA,Florida,"Vero Beach, Indian River County",Unknown,M,15,arm,N,14,Unknown
2016.12.27,2016,USA,Florida,"Avalon State Park Beach, North Hutchinson Island, St Lucie County",Surfing,M,16,arm,N,17,Unknown
2016.05.21.a,2016,USA,Florida,"Hugenot Beach , Jacksonville, Duval County",Swimming,F,11,arm,N,17,Unknown
2016.02.19,2016,NEW CALEDONIA,South Province,Yate,Spearfishing,M,31,arm,N,16,Unknown
2015.11.01.a,2015,MOZAMBIQUE,Inhambane Province,Maxixe,Fishing,M,19,arm,N,4,Unknown
2015.10.09.b,2015,USA,South Carolina,"Shipyard Beach Club, Hilton Head Island, Beaufort County",Boogie boarding,F,9,arm,N,16,Unknown
1995.07.07,1995,BRAZIL,Pernambuco,Candeias,Surfing,M,18,arm,Y,Unknown,Unknown
2014.11.08,2014,USA,Florida,"Fort Pierce Inlet State Park, St. Lucie County",Surfing,M,18,arm,N,16,Unknown
1993.09.16.a,1993,EL SALVADOR,La Libertad,El Cocal Beach,Surfing,M,17,arm,Y,Unknown,Unknown
2013.11.10,2013,BAHAMAS,Unknown,Off Cape Eleuthera,Shark fishing,M,77,arm,N,11,Unknown
2013.08.25,2013,AUSTRALIA,New South Wales,Smiths,Wrangling a shark,M,Unknown,arm,N,15,Unknown
1992.05.00,1992,MEXICO,Mexico / Caribbean Sea,Isla Mujeres,Scuba diving & filming,M,Unknown,arm,N,Unknown,Unknown
2014.06.08,2014,JAPAN,Atsumi peninsula,Aichi,Surfing,M,43,arm,N,15,Unknown
1991.06.28,1991,HONG KONG,Kowloon Peninsula,Sai Kung,Fishing,M,Unknown,arm,Y,Unknown,Unknown
2011.07.13.a,2011,BAHAMAS,Grand Bahama Island,Off Lucaya,Scuba diving,M,54,arm,N,12,Unknown
2011.07.05,2011,COLUMBIA,Sucre,"Libertad, San Onofre",Kayaking,M,17,arm,N,10,Unknown
2011.03.21.a,2011,FIJI,Unknown,Nukudamu ,Diving / fishing,M,30,arm,N,16,Unknown
2010.05.03,2010,MADAGASCAR,Antsiranana Province," Ambatolaoka, Nosy Be Island",Scuba diving,M,59,arm,N,9,Unknown
1989.08.09,1989,BAHAMAS,Great Exuma Island,Highborn Cay,Spearfishing,F,31,arm,N,Unknown,Unknown
2010.01.09.a,2010,VIETNAM,Binh Dinh Province,Quy Nhon ,Bathing,M,Unknown,arm,N,6,Unknown
2010.01.06,2010,USA,Florida,Elliot Key,Spearfishing,M,32,arm,N,10,Unknown
2009.07.30,2009,AUSTRALIA,New South Wales,Broken Head,Surfing,M,14,arm,N,6,Unknown
1988.07.00,1988,BAHAMAS,Unknown,Unknown,Spearfishing,M,Unknown,arm,N,Unknown,Unknown
1988.04.10,1988,SOUTH AFRICA,KwaZulu-Natal,La Lucia,Unknown,F,Unknown,arm,Y,Unknown,Unknown
2008.08.20,2008,USA,Florida,"Sanibel Island, Lee County",Swimming,M,47,arm,N,14,Unknown
2008.07.25.a,2008,USA,Hawaii,"Lahilahi Point, Oahu",Snorkeling,F,44,arm,N,8,Unknown
2008.07.11,2008,USA,South Carolina,"Isle of Palms, Charleston County",Surfing,M,24,arm,N,14,Unknown
2008.05.26,2008,USA,North Carolina,"Hammocks Beach State Park, Bear Island, Onslow County",Surfing,M,9,arm,N,15,Unknown
1985.12.22,1985,SOUTH AFRICA,KwaZulu-Natal,Garvies Beach,Surfing,M,Unknown,arm,N,Unknown,Unknown
1985.11.03,1985,USA,California,5 miles south of Redondo Beach,Fishing,M,24,arm,N,Unknown,Unknown
2007.03.11,2007,USA,Florida,"Tiger Shores Beach, Martin County",Surfing,M,29,arm,N,13,Unknown
2006.06.24,2006,BAHAMAS,Andros Islands,Mangrove Cay,Spearfishing,M,25,arm,N,13,Unknown
2006.05.10,2006,USA,Florida,"Cocoa Beach, Brevard  County",Unknown,M,Unknown,arm,N,12,Unknown
2006.01.25,2006,SOUTH AFRICA,Eastern Cape Province,Coffee Bay,Spearfishing,M,34,arm,N,14,Unknown
2005.11.24,2005,NEW CALEDONIA,Loyalty Islands,Marï,Spearfishing,Unknown,Unknown,arm,N,20,Unknown
1982.11.00,1982,USA,South Carolina,"Isle of Palms, Charleston County",In waist-deep water,M,Unknown,arm,N,Unknown,Unknown
1982.07.00,1982,NEW CALEDONIA,South Province,"Sarcelle, Isle of Pines",Unknown,Unknown,Unknown,arm,N,Unknown,Unknown
1982.03.00,1982,NEW CALEDONIA,Unknown,Unknown,Spearfishing,Unknown,Unknown,arm,N,Unknown,Unknown
2004.03.27.a,2004,USA,Florida,"Sanibel Island, Lee County",Swimming,M,61,arm,N,8,Unknown
1981.05.19,1981,USA,Florida,"Sands Cut, Elliot Key",Free diving,M,32,arm,N,Unknown,Unknown
2003.09.28,2003,USA,Florida,"North Hutchinson Island, St. Lucie Couny",Surfing,M,16,arm,N,7,Unknown
1966.06.02,1966,FRENCH POLYNESIA,Society Islands,Tahiti,Fishing,M,Unknown,arm,N,15,Unknown
1981.02.00,1981,BRAZIL,Rio de Janeiro,Cabo Frio,Spearfishing,Unknown,Unknown,arm,N,Unknown,Unknown
2002.08.17,2002,USA,Alabama,"Gulf of Mexico, 65 miles offshore from Mobile",Swimming,F,29,arm,N,17,Unknown
1978.04.02.a,1978,MARSHALL ISLANDS,Ralik Archipelago,Enewetak Atoll,Diving,M,23,arm,N,Unknown,Unknown
2001.08.29,2001,USA,Florida,"Coquina Beach, Anna Maria Island, Manatee County",Standing,F,29,arm,N,13,Unknown
1977.08.23,1977,AUSTRALIA,Queensland,"Buddina Beach, south of Noosa",Floating on an inflatable raft,M,25,arm,Y,Unknown,Unknown
2000.10.02,2000,USA,North Carolina,"Wrightsville Beach, New Hanover County",Surfing,M,24,arm,N,16,Unknown
1975.07.30.b,1975,USA,Oregon,Unknown,Sea disaster,F,62,arm,Y,Unknown,Unknown
1975.07.26.b,1975,USA,Florida,"Off Hutchinson Island, St Lucie County",Free diving,M,24,arm,N,Unknown,Unknown
2000.09.10.b,2000,USA,Florida,"Vero Beach, Indian River County",Swimming,M,8,arm,N,17,Unknown
2000.06.02,2000,USA,Florida,"27th Avenue, New Smyrna Beach, Volusia County",Snorkeling,M,13,arm,N,14,Unknown
1999.12.02,1999,USA,Florida,"Boynton Beach, Palm Beach County",Surfing,M,35,arm,N,12,Unknown
1974.08.16.b,1974,HONG KONG,Mirs Bay ,Unknown,Freedom swimming,M,19,arm,N,Unknown,Unknown
1999.03.18.a,1999,USA,Hawaii,"Olowalu side of Lahina, Maui ","Swimming, towing a kayak",F,29,arm,Y,20,Unknown
1898.07.15,1898,YEMEN ,Aden,Outer Harbor,Swimming at side of small boat,M,24,arm,Y,15,Unknown
1998.09.22,1998,USA,Florida,"New Smyrna Beach, Volusia County",Surfing,M,18,arm,N,15,Unknown
1998.05.16.b,1998,USA,Florida,"Walden Rocks, St. Lucie County",Swimming / surfing,M,24,arm,N,15,Unknown
1972.10.22,1972,AUSTRALIA,Queensland,"Stevens Reef, 70 miles from Mackay",Spearfishing,M,24,arm,N,Unknown,Unknown
1972.03.21,1972,PACIFIC OCEAN ,Unknown,Unknown,Fishing,M,33,arm,N,Unknown,Unknown
1996.07.20,1996,USA,Florida,"New Smyrna Beach, Volusia County",Swimming,M,9,arm,N,13,Unknown
1970.12.13,1970,MOZAMBIQUE,Inhambe Province,"Inhambe Bay Estuary, 10 to 12 miles inland from the sea",Fishing for prawns,M,20,arm,Y,Unknown,Unknown
1970.01.23.d,1970,MOZAMBIQUE,Limpopo River,3.2 km inland,Swimming,M,14,arm,N,Unknown,Unknown
1969.07.27,1969,ENGLAND,Unknown,Unknown,Unknown,M,Unknown,arm,N,Unknown,Unknown
1994.02.13,1994,USA,Hawaii,Kailua Bay,Fishing,M,Unknown,arm,N,17,Unknown
2003.04.09,2003,USA,Florida,"Melbourne Beach, Brevard County",Surfing,M,Unknown,arm,N,18,Unknown
1991.07.07,1991,USA,Florida,"South Miami Beach, Dade County",Swimming,M,22,arm,N,18,Unknown
1945.07.00,1945,JAVA,Northern Java,Off Cheribon,"90 European civilians, many women & children, were placed on the deck of a Japanese submarine that submerged when it was well offshore",Unknown,Unknown,arm,Y,18,Unknown
1987.10.25,1987,SOUTH AFRICA,KwaZulu-Natal,Richards Bay,Boogie boarding,M,14,arm,N,16,Unknown
1967.10.00,1967,TONGA,Unknown,Unknown,Swimming,M,17,arm,N,Unknown,Unknown
1987.04.18,1987,USA,Texas,"Mustang Island, near Port Aransas",Swimming,F,16,arm,N,18,Unknown
2015.07.04.a,2015,USA,North Carolina,"Off Surf City, Pender County",Unknown,M,32,arm,N,18,Unknown
1930.07.19,1930,CUBA,Havana Province,"LaPlaya Beach / Vedado, Havana",Swimming,M,29,arm,N,18,Unknown
1976.07.24,1976,USA,Florida,St. Lucie County,Spearfishing,M,24,arm,N,10,Unknown
1965.05.28,1965,MEXICO,Veracruz,Playa Mocambo,Swimming,M,Unknown,arm,Y,Unknown,Unknown
1965.05.00.a,1965,MEXICO,Veracruz,Mocambo,Swimming,M,35,arm,N,Unknown,Unknown
1924.11.21,1924,USA,Puerto Rico,Santurce,Bathing,M,35,arm,Y,15,Unknown
1970.12.17,1970,MOZAMBIQUE,Inhambe Province,"Inhasoka, Inhambe Bay",Fishing for prawns,M,18,arm,Y,15,Unknown
2011.02.12,2011,AUSTRALIA,Western Australia,Exmouth,Snorkeling,M,58,arm,N,15,Unknown
1964.02.00.a,1964,COSTA RICA,Puntarenas Province,Puntarenas,Swimming,M,Unknown,arm,Y,Unknown,Unknown
1968.08.21,1968,USA,Florida,Okaloosa County,Standing,M,15,arm,N,17,Unknown
1967.12.18,1967,FIJI,Unknown,Unknown,Unknown,M,27,arm,N,9,Unknown
1963.07.15,1963,USA,Florida,"New Smyrna Beach, Volusia County",Bathing,M,14,arm,N,15,Unknown
1965.11.21.a,1965,PACIFIC OCEAN ,"250 miles southwest of O'ahu, Hawaii",Japanese fishing boat Taihei Maru No.10,"Hauling dead shark aboard, when another shark leapt out of the water & bit him",M,44,arm,N,23,Unknown
1965.06.09,1965,MEXICO,Veracruz,Mocambo,Swimming,M,38,arm,N,14,Unknown
1963.02.06,1963,MAURITIUS,Rodrigues,Unknown,Unknown,M,24,arm,N,Unknown,Unknown
1963.01.30,1963,FIJI,Unknown,Unknown,Freediving,M,41,arm,N,Unknown,Unknown
1965.05.29,1965,MEXICO,Veracruz,Playa Mocambo,Swimming,M,Unknown,arm,Y,12,Unknown
1955.05.00,1955,PAPUA NEW GUINEA,"Admiralty Islands, Manus Province","Lou Island, south of Manus Island",Spearfishing,M,Unknown,arm,N,15,Unknown
1962.10.28,1962,SOUTH AFRICA,KwaZulu-Natal,Paradise Reef,Spearfishing,M,30,arm,N,15,Unknown
1962.09.22,1962,MEXICO,Veracruz,"Villa del Mar Beach, Veracruz",Swimming,M,20,arm,N,15,Unknown
2015.12.08,2015,SOUTH AFRICA,Eastern Cape Province,Mpande,Swimming / Wading,F,22,arm,N,9,Unknown
1961.03.00,1961,FIJI,"19S, 178?E","Wotua Beach, 70 miles from Suva",Floating on back,M,Unknown,arm,N,11,Unknown
1960.08.24,1960,USA,Connecticut,"Off Eames Monument, Bridgeport, Fairfield County",Free diving,M,38,arm,N,13,Unknown
2013.09.21.a,2013,USA,Florida,"Carlin Park, Jupiter, Palm Beach County",Surfing,M,Unknown,arm,N,9,Unknown
1961.06.02,1961,NEW BRITAIN,East New Britain Province,Rabaul,Spearfishing,M,Unknown,arm,N,Unknown,Unknown
1956.07.12,1956,USA,South Carolina,"Isle of Palms, Charleston County",Swimming,M,7,arm,N,15,Unknown
1955.09.20,1955,USA,Hawaii,East Moloka'i,Hunting turtle,M,Unknown,arm,N,9,Unknown
1961.00.00.d,1961,NEW CALEDONIA,Unknown,Unknown,Spearfishing,Unknown,Unknown,arm,N,Unknown,Unknown
1960.08.22.R.,1960,PAPUA NEW GUINEA,Milne Bay Province,Unknown,Free-diving,M,Unknown,arm,N,Unknown,Unknown
1960.06.27.a,1960,NORTH SEA,"Unknown, treated at Wick, SCOTLAND","On board  East German fishing trawler, I Mai",Fishing,M,18,arm,N,Unknown,Unknown
1960.06.07,1960,USA,California,"10 miles off Santa Barbara, Santa Barbara County","Testing classified underwater electronic gear for Raytheon Corporation, vessel torn apart by explosion",M,32,arm,N,Unknown,Unknown
1950.06.06,1950,USA,Florida,275 miles northeast of Miami,Survived crash of two-engine  C-46 transport plane carrying 62 migrant workers from Puerto Rico to USA ,M,25,arm,Y,9,Unknown
1948.12.26,1948,AUSTRALIA,Queensland,"Kingï¿½ï¿½ï¿½ï¿½ï¿½ï¿½ï","Treading water, waiting for a wave",M,28,arm,Y,11,Unknown
1947.06.27,1947,USA,Hawaii,"Off Waianae, O'ahu",Fishing,M,35,arm,N,10,Unknown
1947.04.00,1947,PACIFIC OCEAN,Unknown,Off Central American coast at 8N.79W,"Moving shark from tuna vessel when boat rolled, placing both man & shark in chest-deep water",M,29,arm,N,11,Unknown
1946.02.16,1946,SOUTH AFRICA,KwaZulu-Natal,"South Beach, Durban",Treading water,M,21,arm,N,16,Unknown
1960.00.00.e,1960,FIJI,Northwest of Viti Levu,"Covull Reef, near Lautoka",Spearfishing,M,Unknown,arm,N,Unknown,Unknown
1940.02.04,1940,AUSTRALIA,New South Wales,"North Brighton, Botany Bay",Wading,M,55,arm,Y,14,Unknown
1959.02.27,1959,VENEZUELA,Nueva Esparta,Margarita Island,Fell into water while attempting to boat a swordfish,M,Unknown,arm,N,Unknown,Unknown
1958.11.07.R,1958,PAPUA NEW GUINEA,"Admiralty Islands, Manus Province","M'Buke, south of Manus Island",Spearfishing,M,Unknown,arm,Y,Unknown,Unknown
1958.10.12,1958,USA,California,"Coronado Strand, San Diego County",Swimming near jetty,M,15,arm,N,Unknown,Unknown
1958.07.01,1958,PAPUA NEW GUINEA,"New Ireland Province, Bismarck Archipelago","Maritzoan, east coast of Namatanai",Swimming,M,38,arm,Y,Unknown,Unknown
1930.05.27,1930,USA,Texas,High Island,Swimming / floating,M,Unknown,arm,N,18,Unknown
1929.01.27,1929,AUSTRALIA,Queensland,"Alma Bay, Magnetic Island, Townsville",Swimming,M,Unknown,arm,Y,17,Unknown
1958.04.00,1958,PAPUA NEW GUINEA,Morobe Province,"Nasigilatu (Near Malasanga, Finschhafen, in the Huon Gulf)","Fishing, holding fish in his left hand",M,Unknown,arm,N,Unknown,Unknown
1921.11.27.a,1921,AUSTRALIA,Queensland,"Gayï¿½ï¿½ï¿½ï¿½ï¿½ï¿½ï¿½ï¿½ï¿½s Corner, Bulim","Wading to dinghy, carrying his son",M,40,arm,N,9,Unknown
1925.03.12,1925,AUSTRALIA,New South Wales,Newcastle Beach,Swimming,M,16,arm,Y,15,Unknown
1957.02.24,1957,FIJI,Viti Levu,Suva Harbor,Spearfishing,M,Unknown,arm,N,Unknown,Unknown
1955.11.00,1955,PAPUA NEW GUINEA,"Admiralty Islands, Manus Province","Low Island, Manus",Spearfishing,M,Unknown,arm,N,Unknown,Unknown
1916.12.08.b,1916,AUSTRALIA,New South Wales,"Seven Shillings Beach, Middle Harbor, Sydney (Estuary)",Taking wife to beach & about 1 m from the shore,M,41,arm,Y,9,Unknown
1955.00.00.d,1955,CUBA,Havana Province,Cojimar,Fishing,M,Unknown,arm,N,Unknown,Unknown
1954.06.29,1954,USA,California,"Santa Monica, Los Angeles County",Grabbed shark & threw it on deck,M,35,arm,N,Unknown,Unknown
1954.01.30,1954,AUSTRALIA,New South Wales,Avoca Beach,Swimming,M,Unknown,arm,N,Unknown,Unknown
1954.01.22.b,1954,AUSTRALIA,Torres Strait,Naghir Island,Spearfishing,M,30,arm,N,Unknown,Unknown
1953.12.22,1953,SOUTH AFRICA,Eastern Cape Province,Port Elizabeth,Swimming,M,23,arm,N,Unknown,Unknown
1953.07.16,1953,USA,California,"Santa Catalina Island, Los Angeles County",Fishing from market fishboat Sea Spray,M,Unknown,arm,N,Unknown,Unknown
1953.03.22,1953,AUSTRALIA,New South Wales,"Long Reef, Collaroy",Spearfishing,M,23,arm,N,Unknown,Unknown
1899.08.08.b,1899,EGYPT ,Mediterranean Sea,Port Said,Bathing,M,19,arm,N,9,Unknown
1952.00.00.d,1952,PAPUA NEW GUINEA,"Admiralty Islands, Manus Province",Manus Island,Spearfishing,M,Unknown,arm,N,Unknown,Unknown
1895.04.29,1895,SOUTH AFRICA,Eastern Cape Province,Mzimvubu River,"""Crossing the river""",M,28,arm,Y,12,Unknown
1934.10.08,1934,BERMUDA,Hamilton,Hamilton Parish,Fishing,M,Unknown,arm,N,21,Unknown
1880.05.15,1880,INDIA,West Bengal,Ganges River,Unknown,M,20,arm,N,11,Unknown
1950.00.00.h,1950,USA,Florida,"Jacksonville Beach, Duval County",Standing,M,Unknown,arm,N,Unknown,Unknown
1880.05.02.b,1880,INDIA,West Bengal,(Calcutta?),Bathing in river,M,Unknown,arm,Y,12,Unknown
1950.00.00.c,1950,NEW CALEDONIA,North Province,"Voh, near meatworks","Spearfishing, but walking carrying fish on end of speargun",M,Unknown,arm,N,Unknown,Unknown
1950.00.00.b,1950,NEW CALEDONIA,North Province,Mangalia Reef above Touho ,"Helmet diving, collecting trochus shell",M,Unknown,arm,N,Unknown,Unknown
1948.12.14.a,1948,CUBA,Guantanamo Province,10 miles off Cape Maisi,"2 messboys (Jeppsen) & Tony Latona (13) were playing on the afterdeck of the Danish ship Grete Maersk. Jeppsen fell overboard, Latona threw a lifebelt then jumped in to help him. Ship didnï¿½ï¿½ï¿½ï¿½ï¿½ï¿½ï¿½ï¿½ï¿½",M,14,arm,N,Unknown,Unknown
1948.09.02,1948,IRAN,Bandar Maï¿½ï¿½ï¿½ï¿½ï¿½,Unknown,Bathing or washing,F,60,arm,Y,Unknown,Unknown
1948.08.19,1948,IRAN,Shatt-al-Arab River,Unknown,Unknown,M,13,arm,Y,Unknown,Unknown
1948.04.10,1948,SOUTH AFRICA,Western Cape Province,Gansbaai,"Bringing hooked, harpooned shark onboard boat",M,Unknown,arm,N,Unknown,Unknown
1917.06.03,1917,USA,South Carolina,Calibogue Sound,Swimming beside launch,M,Unknown,arm,N,21,Unknown
1946.12.28,1946,AUSTRALIA,South Australia,Glenelg,Swimming near jetty with 2' piece of wood,M,23,arm,N,Unknown,Unknown
1946.11.20,1946,AUSTRALIA,Torres Strait,40 miles off Thursday Island,Pearl diving from lugger,M,30,arm,Y,Unknown,Unknown
1945.09.19,1945,OKINAWA,Unknown,Unknown,American minesweeper USS YMS-472 foundered in a typhoon - swimming to shore,M,20,arm,N,Unknown,Unknown
1945.09.06,1945,IRAN,Shatt-al-Arab River,Bashamir,Swimming,M,13,arm,N,Unknown,Unknown
1944.00.00.c,1944,SOUTH PACIFIC OCEAN,Unknown,Unknown,Adrift on raft,M,Unknown,arm,Y,Unknown,Unknown
1943.08.00,1943,ITALY,40 miles south of Naples ,Tyrrhenian Sea,Flying Fortress bomber aircraft went down after daytime raid on Naples. He was swimming on the surface,M,Unknown,arm,N,Unknown,Unknown
1943.00.00.e,1943,SOLOMON ISLANDS,Unknown,Guadalcanal,Swimming,M,Unknown,arm,N,Unknown,Unknown
1943.00.00.d,1943,IRAQ,Unknown,River Tigris,Swimming,M,22,arm,N,Unknown,Unknown
1942.08.08,1942,SOLOMON ISLANDS,Unknown,Unknown,Japanese aircraft shot down. He was one of two survivors rescued by the U.S. destroyer Mugford,M,Unknown,arm,N,Unknown,Unknown
1942.07.12,1942,ATLANTIC OCEAN,Unknown,Unknown,The SS Potlach was torpedoed & sunk by the U-153 on 27-Jun-1942. ,M,32,arm,Y,Unknown,Unknown
1942.06.00,1942,USA,300 miles east of St. Thomas (Virgin Islands),Unknown,On life raft tethered to lifeboat. A seaman put hand over side to rinse a cup,M,Unknown,arm,N,Unknown,Unknown
1942.05.09,1942,AUSTRALIA,Queensland,"Great Barrier Reef, off Cairns",Diving from lugger,M,Unknown,arm,N,Unknown,Unknown
1942.04.05,1942,INDIAN OCEAN,West of Ceylon (Sri  Lanka),300 nm from shore,H.M.S. Cornwall & H.M.S.Dorsetshire sunk by Japanese dive bombers. Officers & men in the water formed a circle with 60 of their dead in the center for 36 hours,Unknown,Unknown,arm,Y,Unknown,Unknown
1941.08.21.R,1941,USA,New York,Montauk,Fishing,Unknown,Unknown,arm,N,Unknown,Unknown
1941.00.00.c,1941,IRAN,Khuzestan Province,"Ahvaz, on the Karun River",Slipped off rocks and fell into the water,M,6,arm,Y,Unknown,Unknown
1939.08.01,1939,USA,California,"Off San Pedro, Los Angeles County",Fishing,M,33,arm,N,Unknown,Unknown
1936.04.08,1936,AUSTRALIA,Queensland,Arlington Reef near Cairns,Diving,Unknown,Unknown,arm,N,Unknown,Unknown
1936.03.19,1936,AUSTRALIA,Queensland,"Near Forbes Island, Barrier Reef",Diving for trochus,M,Unknown,arm,N,Unknown,Unknown
1935.11.13,1935,AUSTRALIA,Torres Strait,Barrier Reef near Innisfail,Diving?,M,20,arm,N,Unknown,Unknown
1934.10.02,1934,AUSTRALIA,Torres Strait,Warrior Reefs,Freediving for trochus shell (submerged),M,Unknown,arm,Y,Unknown,Unknown
1932.09.26.R,1932,FIJI,Viti Levu Island,Navua,Catching a turtle,M,Unknown,arm,N,Unknown,Unknown
1932.05.00,1932,AUSTRALIA,Torres Strait,Thursday Island,Pearl diving,M,Unknown,arm,N,Unknown,Unknown
1930.02.20,1930,AUSTRALIA,Torres Strait,Unknown,Pearl diving,M,19,arm,N,Unknown,Unknown
1929.12.13,1929,AUSTRALIA,Torres Strait,Thursday Island,Pearl diving,M,Unknown,arm,N,Unknown,Unknown
1929.11.21,1929,CUBA,Cienfuegos Province,Cienfuegos,Fishing,M,Unknown,arm,N,Unknown,Unknown
1929.10.02,1929,SPAIN,Valencia,Nasareth Beach,Fishing ,M,Unknown,arm,N,Unknown,Unknown
1929.01.14,1929,NEW ZEALAND,North Island,"Miranda Head, Hauriki Gulf",Bathing,F,Unknown,arm,N,Unknown,Unknown
1929.01.05,1929,FIJI,Viti Levu Island,Suva Harbor,Diving for coins thrown from ship S.S. Moeraki,M,Unknown,arm,Y,Unknown,Unknown
1928.12.21,1928,AUSTRALIA,Unknown,Unknown,Pearl diving,M,Unknown,arm,N,Unknown,Unknown
1926.11.17,1926,AUSTRALIA,Torres Strait,Near Thursday Island,Diving,M,Unknown,arm,N,Unknown,Unknown
1925.06.15,1925,AUSTRALIA,Western Australia,"Princess Royal Harbor, near King Georgeï¿½ï¿½ï¿",Unknown,Unknown,Unknown,arm,Unknown,Unknown,Unknown
1925.01.27.R,1925,USA,Florida,"Miami Beach, Miami-Dade County",Swimming,M,Unknown,arm,N,Unknown,Unknown
1925.00.00,1925,FIJI,Viti Levu Island,"Suva Harbor, Suva",Diving for coins tossed from passenger ship,M,Unknown,arm,N,Unknown,Unknown
1924.03.28.R,1924,SOLOMON ISLANDS,Central Province,Savo Island,Swimming,M,Unknown,arm,N,Unknown,Unknown
1923.10.16,1923,AUSTRALIA,Torres Strait,Near Thursday Island,Pearl diving,M,Unknown,arm,N,Unknown,Unknown
1921.10.12,1921,AUSTRALIA,Queensland,Off Hinchinbrook Island,Diving for beche-de-mer ,M,Unknown,arm,N,Unknown,Unknown
1921.08.29.R,1921,AUSTRALIA,Torres Strait,Unknown,Unknown,M,Unknown,arm,N,Unknown,Unknown
1916.07.26,1916,USA,North Carolina,"Atlantic, near New Bern, Craven County",Fishing,M,Unknown,arm,N,Unknown,Unknown
1915.12.09.R,1915,AUSTRALIA,Torres Strait, Thursday Island,Diving,M,Unknown,arm,N,Unknown,Unknown
1915.11.10,1915,AUSTRALIA,Queensland,"Cabbage Tree Creek, Sandgate",Bathing,M,10,arm,N,Unknown,Unknown
1914.02.03,1914,AUSTRALIA,New South Wales,Paramatta River,Canoeing,M,Unknown,arm,N,Unknown,Unknown
1913.00.00.a,1913,AUSTRALIA,Victoria,Brighton,Unknown,M,Unknown,arm,N,Unknown,Unknown
1911.09.17,1911,USA,Florida,"Pablo Beach, Jacksonville, Duval County",Bathing,M,Unknown,arm,N,Unknown,Unknown
1909.12.26.R,1909,USA,Florida,"16 miles north of Fort Pierce Inlet, Indian River County ",Unknown,M,Unknown,arm,N,Unknown,Unknown
1906.10.10.b.R,1906,USA,Hawaii,Unknown,Diving,M,Unknown,arm,N,Unknown,Unknown
1904.00.00.b,1904,PHILIPPINES,Quezon,Tayabas,Bathing,M,Unknown,arm,N,Unknown,Unknown
1902.08.08,1902,USA,Hawaii,"Kalihi, O'ahu",Catching crabs,M,Unknown,arm,Y,Unknown,Unknown
1902.07.06,1902,USA,New Jersey,"Atlantic City, Atlantic County",Swimming,M,Unknown,arm,N,Unknown,Unknown
1897.00.00.b,1897,NEW ZEALAND,Unknown,Unknown,Unknown,M,Unknown,arm,N,Unknown,Unknown
1896.12.20,1896,NEW ZEALAND,North Island,"Marine Parade, Napier, Hawke Bay",Bathing,M,26,arm,Y,Unknown,Unknown
1895.08.02,1895,USA,New Jersey,Raritan Bay,Fishing,M,Unknown,arm,N,Unknown,Unknown
1892.11.09.R,1892,AUSTRALIA,Norfolk Island,Unknown,Fishing,M,Unknown,arm,N,Unknown,Unknown
1890.12.27.R,1890,BRITISH NEW GUINEA,Woodlark Islands,Off Panamota,Thrown overboard,M,18,arm,N,Unknown,Unknown
1890.08.09,1890,USA,Connecticut,"Bridgeport, Fairfield County",Treading for clams,M,Unknown,arm,N,Unknown,Unknown
1885.07.26.c,1885,USA,Hawaii,Kau District,Wreck of the schooner Pohoiki ,M,Unknown,arm,N,Unknown,Unknown
1883.02.26.R,1883,AUSTRALIA,Northern Territory,the pearling beds,Diving,M,Unknown,arm,N,Unknown,Unknown
1883.00.00.b,1883,USA,South Carolina,"Bullï¿½ï¿½ï¿½ï¿½ï¿½ï¿½ï¿½ï¿",Unknown,M,Unknown,arm,Y,Unknown,Unknown
1880.05.14,1880,INDIA,West Bengal,Hoogly River,Bathing in river,F,60,arm,N,Unknown,Unknown
1880.00.00.c,1880,SOLOMON ISLANDS,Guadalcanal Province,Guadalcanal,Unknown,M,Unknown,arm,N,Unknown,Unknown
1870.06.19,1870,INDIA,22ï¿½ï¿½ï¿,"Calcutta, Hoogly River at  one of the ghats",Bathing,M,40,arm,N,Unknown,Unknown
1870.05.18,1870,INDIA,22ï¿½ï¿½ï¿,"Hatkolah, Ghat,",Bathing,M,39,arm,N,Unknown,Unknown
1840.09.18.R,1840,FIJI,Viti Levu Island,Rewa ,Unknown,M,Unknown,arm,N,Unknown,Unknown
1828.09.28,1828,SIERRA LEONE,Western Area,"River Sierra Leone, 35 miles  upriver from Freetown","British ship, Britannia,  was loading lumber. He was bathing",M,17,arm,N,Unknown,Unknown
1825.00.00,1825,AUSTRALIA,Western Australia,South Bruny Island,Unknown,M,Unknown,arm,N,Unknown,Unknown
1595.00.00,1595,INDIA,Kerala,River Cochin,Ship lay at anchor & man was working on its rudder,M,Unknown,arm,Unknown,Unknown,Unknown
ND.0039,1943,IRAN,Khuzestan Province,"Ahvaz, on the Karun River","Standing, washing rear wheels of his ambulance in ankle-deep water",M,Unknown,arm,Y,Unknown,Unknown
ND.0093,1995,FRENCH POLYNESIA,Tuamotus,Rangiroa,Fishing,M,Unknown,arm,N,Unknown,Unknown
ND-0132,1900,INDIA,Unknown,Unknown,Unknown,M,Unknown,arm,N,Unknown,Unknown
1888.02.17,1888,NEW ZEALAND,South Island,Oamaru,Floating on his back,M,Unknown,arm,N,6,Unknown
2014.10.02.a,2014,AUSTRALIA,Western Australia,"Kelpids Beach, Wylie Bay, Esperance",Surfing,M,23,arm,N,11,white shark
2003.02.27,2003,NEW ZEALAND,Southland,East side of Bench Island in the Foveaux Strait,Scuba diving,M,44,arm,N,11,white shark
1989.06.03,1989,SOUTH AFRICA,Eastern Cape Province,Gonubie,Free diving,M,28,arm,N,15,white shark
2005.09.04.a,2005,AUSTRALIA,South Australia,"Fishery Bay, Eyre Peninsula",Surfing,M,40,arm,N,15,white shark
1992.04.24,1992,NEW ZEALAND,Antarctic Ocean,"Meteorologic Station on Campbell Island, 370 nautical miles south of New Zealand",Snorkeling,M,Unknown,arm,N,15,white shark
1991.07.01.a,1991,USA,California,"8.5 miles south of Ano Nuevo State Reserve, Davenport County",Surfing,M,32,arm,N,9,white shark
1995.06.30,1995,USA,California,"Bluefish Cove, Pt. Lobos State Park, Monterey County",Scuba diving (ascending using scooter),M,31,arm,N,17,white shark
2010.11.30.b,2010,EGYPT,South Sinai Peninsula,"Coral Bay, Sharm el-Sheikh",Snorkeling,F,70,arm,N,14,white shark
2010.11.30.a,2010,EGYPT,South Sinai Peninsula,"Coral Bay, Sharm el-Sheikh",Snorkeling,F,48,arm,N,14,white shark
2003.05.00,2003,PHILIPPINES,Baatan,Limay,Unknown,Unknown,Unknown,arm,N,Unknown,white shark
1998.11.02.a,1998,BRAZIL,Pernambuco," Boa Viagem Beach, Recife",Surfing,M,22,arm,Y,15,white shark
1989.08.06.R,1989,AUSTRALIA,Queensland,Moreton Bay,Fishing for sharks,M,41,arm,N,Unknown,white shark
2016.12.01,2016,AUSTRALIA,New South Wales,Booti Booti National Park,Surfing,M,65,arm,N,9,white shark
2015.07.31,2015,AUSTRALIA,New South Wales,Evans Head,Surfing,M,52,arm,N,6,white shark
2015.05.03,2015,AUSTRALIA,New South Wales,Saltwater Beach,Surfing,M,Unknown,arm,N,15,white shark
1996.09.06.b,1996,NEW ZEALAND,Chatham Islands ,Waihere Bay,Diving for abalone,M,23,arm,N,10,white shark
1989.04.12,1989,USA,Washington,"Pacific Beach, Grays Harbor County",Surfing (lying prone on his board),M,Unknown,arm,N,10,white shark
1988.06.19,1988,SOUTH AFRICA,Western Cape Province,Sculphoek,Spearfishing,M,36,arm,N,9,white shark
1961.08.16,1961,USA,South Carolina,"Pawleyï¿½ï¿½ï¿½ï¿½ï¿½ï¿½ï¿½ï¿½ï¿½s",Wading,M,19,arm,N,8,white shark
1957.04.28,1957,USA,California,"Atascadero Beach, Morro Bay, San Luis Obispo County",Swimming,M,25,arm,Y,13,white shark
1997.11.09,1997,AUSTRALIA,Western Australia,Albany,Scuba diving (submerged riding a scooter),M,42,arm,N,9,white shark
1901.07.30,1901,SOUTH AFRICA,Western Cape Province,Windmill Beach,Swimming,M,29,arm,Y,14,white shark
1954.01.22.a,1954,ARGENTINA,Buenos Aires Province,"Miramar Beach, 46 km south of Mar de Plata, Buenos Aires ",Floating,M,18,arm,N,13,white shark
1963.02.08,1963,FIJI,Lomaiviti  Island Group,"Taibaisa Passage, Gau Island",Spearfishing,M,28,arm,N,10,white shark
1966.01.22,1966,USA,California,"Pebble Beach, Cypress Point, Monterey County",Free diving / spearfishing (resting on the surface),M,29,arm,N,11,white shark
1967.03.19,1967,SOUTH AFRICA,KwaZulu-Natal,Paradise Reef,Spearfishing,M,32,arm,N,6,white shark
1971.12.16,1971,SOUTH AFRICA,Western Cape Province,"Fish Hoek, False Bay",Swimming,F,16,arm,N,14,white shark
2015.05.02,2015,SOUTH AFRICA,Eastern Cape Province,Port St. John's,Diving,M,29,arm,N,13,white shark
1960.04.12,1960,AUSTRALIA,New South Wales,"Horseshoe Bay, near Kempsey",Surfing,M,17,arm,N,15,white shark
1961.03.12,1961,AUSTRALIA,South Australia,Aldinga Beach,Spearfishing,M,21,arm,N,14,white shark
2011.07.22,2011,SOUTH AFRICA,Eastern Cape Province,"Cintza Beach, East London",Surfing,M,29,arm,N,10,white shark
1935.03.09,1935,AUSTRALIA,New South Wales,Maroubra Beach,Swimming,M,27,arm,Y,12,white shark
2002.12.24,2002,SOUTH AFRICA,Western Cape Province,Scarborough,Snorkeling,M,25,arm,N,12,white shark
1962.11.11,1962,USA,California,Farallon Islands,Spearfishing / Scuba diving (at surface),M,24,arm,N,13,white shark
2005.12.11,2005,AUSTRALIA,Queensland,St. Crispin Reef,Spearfishing,M,44,arm,N,11,white shark
ND.0062,1960,BAHAMAS,Andros Islands,Unknown,Unknown,M,Unknown,arm,N,Unknown,white shark
1964.01.18,1964,AUSTRALIA,Western Australia,Hamelin Bay,Freediving,M,Unknown,arm,N,Unknown,wobbegong shark
2015.06.25.R,2015,AUSTRALIA,Western Australia,Rottnest Island,Swimming,M,19,arm,N,Unknown,wobbegong shark
1961.04.00,1961,AUSTRALIA,Western Australia,Rottnest Island,Spearfishing,M,Unknown,arm,N,Unknown,wobbegong shark
1960.11.06,1960,AUSTRALIA,Western Australia,Hamelin Bay,"Spearfishing, speared fish retreated to cave where shark grabbed his arm",M,24,arm, N,Unknown,wobbegong shark
1963.12.21,1963,AUSTRALIA,New South Wales,"Woolgoolga, Coffs Harbour",Fishing,M,Unknown,arm,N,Unknown,wobbegong shark
1956.08.15.b,1956,AUSTRALIA,Queensland,Near Southport,Diving,M,Unknown,arm,N,Unknown,wobbegong shark
1949.12.00.a,1949,AUSTRALIA,Victoria,Seaholme,Lying on the bottom of a 16' dinghy,M,35,back,N,Unknown,sandtiger shark
1960.02.07,1960,AUSTRALIA,New South Wales,Wattamolla National Park,Spearfishing,M,20,back,N,Unknown,sandtiger shark
2015.07.08,2015,USA,California,"Huntington Beach, Orange County",Treading water,M,39,back,N,Unknown,Unknown
2001.09.15.b,2001,USA,Florida,A quarter mile north of Fort Pierce Inlet,Boogie boarding,M,60,back,N,15,Unknown
1895.09.00,1895,USA,North Carolina,"Near the mouth of the Cape Fear River, Brunswick County",Fishing,Unknown,Unknown,back,N,Unknown,Unknown
2015.06.25,2015,USA,North Carolina,"Avon, Hatteras Island, Outer Banks, Dare County",Body surfing?,M,47,back,N,11,Unknown
2004.01.03.b,2004,NEW ZEALAND,North Island,"Whiritoa, Eastern Cormandel",Kayaking (returning from spearfishing),M,Unknown,back,N,15,Unknown
1970.01.00,1970,PAPUA NEW GUINEA,New Ireland Province,Unknown,Freediving,M,15,back,N,Unknown,Unknown
1980.07.27,1980,USA,New Jersey,"Ocean City, Cape May County",Body surfing,M,15,back,N,15,Unknown
1962.09.13,1962,SOUTH ATLANTIC OCEAN,Off coast of West Africa,Off the passenger liner Stirling Castle,"When  a deckhand  jumped overboard, McIver dived after him with a rescue line.",M,29,back,Y,Unknown,Unknown
1940.12.28,1940,AUSTRALIA,New South Wales,"Stockton Beach, Newcastle",Standing on sandbank,M,23,back,Y,9,Unknown
1958.00.00.e,1958,PAPUA NEW GUINEA,West New Britain Province,"Bulu, Talasea",Spearfishing,M,Unknown,back,Y,Unknown,Unknown
1955.00.00.a,1955,PAPUA NEW GUINEA,New Ireland,Lavongai,Unknown,M,Unknown,back,N,Unknown,Unknown
1899.08.08.c,1899,EGYPT ,Mediterranean Sea,Port Said,Floating on his back,M,9,back,N,11,Unknown
1946.08.24,1946,ISRAEL,Gaza,Jura Village,Fishing,M,15,back,N,Unknown,Unknown
1944.10.25.b,1944,PHILIPPINES,Off Samar Island in the Gulf of Leyte,Unknown,USS Johnston DD 557 sunk on 10/24/1944 in the Battle off Samara. Crewmen were swimming beside a raft.,M,Unknown,back,Y,Unknown,Unknown
1876.02.06,1876,AUSTRALIA,Victoria,Albert Park in Port Phillip Bay,Bathing,M,Unknown,back,Y,Unknown,Unknown
ND-0109,2006,USA,Florida,"Tampa Bay, Hillsborough County",Wade-fishing,M,Unknown,back,N,Unknown,Unknown
1976.03.02,1976,SOUTH AFRICA,Western Cape Province,"2 km from Macassar, False Bay",Unknown,Unknown,Unknown,back,N,Unknown,white shark
1913.09.03,1913,CROATIA,Istria County,Pula,Unknown,M,Unknown,no injury,N,Unknown,Unknown
1900.09.05,1900,USA,Hawaii,"Waikiki Beach, Oahu",Floating,M,Unknown,Unknown,N,15,Unknown
1960.12.01,1960,AUSTRALIA,Queensland,"Colledge's Crossing, Brisbane River",Fishing,M,Unknown,Unknown,N,Unknown,bull shark
1998.09.00,1998,SENEGAL,Cap Vert Peninsula,Yoff Island,Spearfishing,M,25,Unknown,N,Unknown,Unknown
1958.09.01,1958,USA,New York,Staten Island,Spearfishing,M,20,Unknown,N,Unknown,Unknown
1952.08.04,1952,ITALY,Genoa  Province,Riva Trigoso,Fishing,M,17,Unknown,N,Unknown,Unknown
1989.09.13,1989,USA,Florida,"Gulf of Mexico, 22 miles from Pensacola","Fishing, stepped on hooked shark's head",M,51,Unknown,N,15,Unknown
1932.08.30.a,1932,AUSTRALIA,New South Wales,Newcastle,Unknown,M,Unknown,Unknown,N,Unknown,Unknown
1937.06.15.b,1937,AUSTRALIA,New South Wales,"Wallamba River, near entrance to Wallis Lake","Fishing from launch, fell into net with shark",M,Unknown,Unknown,N,Unknown,copper shark
1917.00.00,1917,LIBYA,Mediterranean Sea,Tripoli,Diving for sponges,M,Unknown,Unknown,N,Unknown,Unknown
1956.12.09,1956,NEW ZEALAND,North Island,North Auckland,Fishing,M,70,no injury,N,Unknown,mako shark
2013.07.28.a,2013,BAHAMAS,Abaco Islands,Grand Cay,Diving,M,50,Unknown,N,11,Unknown
2007.05.17.R,2007,ENGLAND,Kent,Folkestone,Fishing,M,38,face,N,15,dogfish shark
1955.09.23.a,1955,NORTH PACIFIC OCEAN,1000 miles west of Hawaii,Between Wake & Johnston Islands,"""Flying Tiger"" transport plane went down with 5 men onboard",M,Unknown,Unknown,N,Unknown,white shark
1980.11.24,1980,REUNION,Grand'Anse,Petite-Ile,Spearfishing,M,22,Unknown,N,15,white shark
2015.01.19.a,2015,AUSTRALIA,New South Wales,"Wategos Beach, Byon Bay",Surfing & filming dolphins,F,Unknown,no injury,N,Unknown,Unknown
1939.11.11,1939,AUSTRALIA,New South Wales,Maroubra,Unknown,Unknown,Unknown,no injury,N,Unknown,copper shark
2008.05.24.b,2008,BAHAMAS,Grand Bahama Island,Off West End,Sea Disaster,M,Unknown,no injury,N,Unknown,tiger shark
1958.12.28,1958,TURKEY,Ahirkapi coast,Constantinople,Fishing,Unknown,Unknown,no injury,N,Unknown,white shark
1959.03.00,1959,USA,Florida,Miami,"On boat, preparing to dive",M,Unknown,no injury,N,Unknown,tiger shark
1961.11.14,1961,MEXICO,Guerrrero,Northwest of Acapulco,Unknown,Unknown,Unknown,Unknown,Y,Unknown,Unknown
1962.05.12,1962,USA,California,"8 miles off Newport Beach, Orange County",25-foot cabin cruiser Happy Jack sank in heavy seas,Unknown,Unknown,no injury,Y,4,Unknown
1910.00.00.b,1910,USA,Hawaii,"Hilo, Hawai'i","Fishing, thrown into water by heavy sea, clinging to rocks at the water line",M,Unknown,Unknown,Y,Unknown,Unknown
1951.01.03,1951,AUSTRALIA,New South Wales,Hawkesbury River,Unknown,M,Unknown,Unknown,Y,Unknown,Unknown
1954.10.02.a,1954,JAPAN,Nagasaki Prefecture,Oomura Bay,Unknown,M,13,Unknown,Y,Unknown,white shark
2009.04.06.b,2009,SOUTH AFRICA,KwaZulu-Natal,Umtentweni,Swimming,M,24,Unknown,Y,9,Unknown
1928.01.21.b,1928,USA,Florida,Unknown,Swimming,Unknown,Unknown,Unknown,Y,21,Unknown
1964.02.02,1964,AUSTRALIA,Queensland,Brisbane,Swimming,M,23,Unknown,Y,9,Unknown
1905.07.29,1905,USA,North Carolina,"Davis Shore, east of Beaufor, Carteret Countyt",Wading,M,16,Unknown,Y,15,Unknown
1991.11.19,1991,USA,Hawaii,"Maliko Point, Maui","Fishing from rocks, swept out to sea by large wave & treading water",M,Unknown,Unknown,Y,16,tiger shark
1985.08.17,1985,USA,Florida,"Bayport, Hernando County",Scuba diving,M,67,Unknown,Y,10,Unknown
1929.07.17.R,1929,CAPE VERDE,Santiago Island,Tarrafal,Unknown,F,Unknown,Unknown,Y,Unknown,Unknown
1932.07.14.R,1932,USA,Texas,Galveston,Unknown,M,17,Unknown,Y,Unknown,Unknown
1905.07.25.R,1905,ITALY,Unknown,Naples,Unknown,M,8,Unknown,Y,Unknown,Unknown
1992.08.21,1992,USA,Hawaii,"Twin Arches, Hana Ranch, Maui",Fell from cliff while fishing & disappeared in strong current,M,Unknown,Unknown,Y,15,Unknown
1954.04.08,1954,USA,Hawaii,"Wailupe, O'ahu",Fishing from shore,M,Unknown,Unknown,Y,Unknown,Unknown
1959.11.16,1959,USA,Louisiana,120 miles southeast of New Orleans,National Airlines DC7B enroute from Miami to Los Angeles with 42 or 46 people on board went down in heavy fog,Unknown,Unknown,Unknown,Y,1,Unknown
1967.11.00,1967,SOUTH AFRICA,KwaZulu-Natal,Brighton Beach,Unknown,F,Unknown,Unknown,Y,Unknown,Unknown
2001.02.11,2001,MALAYSIA,Off the western coast of peninsular Malaysia,Pulau Pangkor (Pangkor Island),Unknown,F,Unknown,Unknown,Y,Unknown,Unknown
1925.11.00.a,1925,USA,Puerto Rico,"Condado Beach, San Juan",Unknown,M,Unknown,calf,N,Unknown,Unknown
1985.02.18,1985,USA,California,"San Miguel Island, Santa Barbara County",Scuba Diving for lobster (at surface),M,29,Unknown,N,12,white shark
2010.02.19,2010,NEW ZEALAND,South Island,Tahunanui Beach,Swimming,M,Unknown,Unknown,N,21,blue shark
2015.03.11,2015,AUSTRALIA,New South Wales,"Julian Rocks, Byron Bay",Fishing,M,Unknown,no injury,N,9,Unknown
2016.01.24.b,2016,USA,Texas,Off Surfside,Spearfishing,M,Unknown,torso,N,10,bull shark
1997.02.03,1997,AUSTRALIA,New South Wales,"Iron Cove, Sydney",Rowing ,F,49,Unknown,N,Unknown,Unknown
2002.01.30.b,2002,AUSTRALIA,New South Wales,Just north of Fingal Spit,Surfing,M,20,Unknown,N,20,tiger shark
1960.04.10,1960,AUSTRALIA,Western Australia,Off Rottnest Island,"Spearfishing, shot a sandtiger shark. Cord to spear tangled round his legs & a wave washed him onto a reef.",M,Unknown,Unknown,N,Unknown,sandtiger shark
2008.07.13,2008,USA,North Carolina,"Carolina Beach, New Hanover County",Body surfing,M,52,Unknown,N,Unknown,Unknown
ND.0068,1962,MOZAMBIQUE,Maputo Province,Santa Maria Peninsula,Skindiving,M,36,Unknown,N,Unknown,Unknown
1953.07.09,1953,CANADA,Nova Scotia,"Fourchu, Cape Breton Island",Fishing for lobsters,M,Unknown,Unknown,N,Unknown,white shark
2016.12.24,2016,AUSTRALIA,Western Australia,"Bundegi Sanctuary Zone, Ningaloo",Snorkeling,F,Unknown,buttock,N,9,Unknown
1963.04.17,1963,SOUTH AFRICA,KwaZulu-Natal,Amanzimtoti,Swimming,M,15,buttock,N,12,Unknown
1941.00.00.h,1941,SOLOMON ISLANDS,New Georgia,Munda,Floating,M,Unknown,buttock,N,Unknown,Unknown
1906.10.10.d.R,1906,USA,Hawaii,Unknown,Unknown,M,Unknown,buttock,N,Unknown,Unknown
ND.0043,1944,SOLOMON ISLANDS,New Georgia,"Munda Island, Roviana Lagoon",Floating on his back,M,Unknown,buttock,N,Unknown,Unknown
1952.03.30,1952,NETHERLANDS ANTILLES,Curacao,Unknown,Went to aid of child being menaced by the shark,M,Unknown,buttock,N,Unknown,bull shark
1950.00.00.l,1950,SRI LANKA,Eastern Province,Heda Oya Estuary,Shark fishing,M,Unknown,buttock,N,Unknown,lemon shark
1990.10.27,1990,AUSTRALIA,Queensland,Mermaid Waters,Swimming,M,26,buttock,N,20,Unknown
1976.12.18,1976,USA,California,"San Miguel Island, Santa Barbara County",Hookah diving for abalone (submerged),M,29,buttock,N,9,white shark
1972.06.10,1972,USA,Florida,"Cocoa Beach, Brevard County",Surfing,M,22,buttock,N,11,Unknown
ND.0036,1945,SAUDI ARABIA,Eastern Province,East of the Ras Tanura-Jubail area ,Diving,M,Unknown,buttock,N,Unknown,Unknown
1964.06.23,1964,FIJI,Lau Group,"Tovu, Totoya Island",Spearfishing,M,23,buttock,N,Unknown,Unknown
ND.0049,1956,MARSHALL ISLANDS,Bikini Atoll,Unknown,Swimming,M,Unknown,buttock,N,Unknown,Unknown
1966.01.15,1966,AUSTRALIA,New South Wales,Bellambi,Spearfishing,M,30,buttock,N,Unknown,wobbegong shark
1935.03.30,1935,AUSTRALIA,Queensland,Barrier Reef off Mackay,Diving from dinghy for trochus shell,M,Unknown,buttock,N,15,Unknown
1921.01.11.R,1921,PHILIPPINES,"Cavite Province, Luzon",Unknown,Unknown,Unknown,Unknown,buttock,Unknown,Unknown,Unknown
1984.10.14.a,1984,USA,Florida,"Bob Graham Beach, Martin County",Surfing,M,15,calf,N,15,blacktip shark
1987.12.17,1987,USA,Florida,"Palm Beach, Palm Beach County",Surfing,M,16,calf,N,13,blacktip shark
1944.05.31,1944,USA,Florida,"Atlantic Beach, Mayport,  Duval County",Bathing,F,15,calf,N,Unknown,blacktip shark
2016.01.05,2016,AUSTRALIA,Queensland,Heron Island,Wading,M,11,calf,N,15,blacktip shark
2002.11.28.b,2002,MICRONESIA,Caroline Islands,"Pision Reef, Truk",Scuba diving,M,Unknown,calf,N,15,blacktip shark
1997.07.14,1997,USA,South Carolina,"Myrtle Beach, Horry County",Standing,M,50,calf,N,21,blacktip shark
2011.06.12,2011,USA,Florida,"Off Jupiter Inlet, Palm Beach County",Scuba diving,M,28,calf,N,14,blacktip shark
2010.07.19,2010,USA,South Carolina,Myrtle Beach,Swimming,M,10,calf,N,10,blacktip shark
2012.06.14.b,2012,USA,South Carolina,"Myrtle Beach, Horry County",Swimming,M,Unknown,calf,N,15,blacktip shark
1935.03.13,1935,AUSTRALIA,Queensland,Pimpana River,Hauling in net with shark in it,M,38,calf,N,Unknown,blue nose shark
1966.01.11,1966,SOUTH AFRICA,Eastern Cape Province,Riet River,Standing,M,16,calf,N,9,bull shark
1983.03.30.a,1983,SOUTH AFRICA,KwaZulu-Natal,Scottburgh,Spearfishing,M,17,calf,N,11,bull shark
1981.03.25,1981,USA,Florida,"Singer Island, Riviera Beach, Palm Beach County",Standing / Wading,M,19,calf,N,15,bull shark
2001.08.16,2001,BAHAMAS,Grand Bahama Island,"High Rock, 25 to 30 miles east of Freeport",Spearfishing,M,43,calf,N,16,bull shark
2003.07.04,2003,BAHAMAS,Abaco Islands,10 miles west of Walkerï¿½ï¿½,Spearfishing,M,39,calf,N,14,bull shark
2011.04.26,2011,USA,Florida,"Riviera Beach, Palm Beach County",Spearfishing,M,32,calf,N,Unknown,bull shark
2009.07.31,2009,BAHAMAS,Abaco Islands,Spanish Cay,Spearfishing,M,14,calf,N,Unknown,bull shark
2009.01.00,2009,CUBA,Guantanamo Province,Guantanamo,Spearfishing,Unknown,Unknown,calf,N,Unknown,bull shark
2005.09.05,2005,USA,North Carolina,"North Topsail Beach, Onslow County",Wading,F,18,calf,N,15,bull shark
2002.07.20,2002,USA,North Carolina,"Emerald Isle, Carteret County",Swimming,F,15,calf,N,17,bull shark
2002.04.09,2002,BAHAMAS,Abaco Islands,Walkers Cay,Standing,M,43,calf,N,10,bull shark
2015.06.07,2015,USA,Florida,"Lori Wilson Park, Cocoa Beach, Brevard  County",Playing,M,11,calf,N,10,bull shark
2008.06.28.b,2008,BAHAMAS,Abaco Islands,Unknown,Spearfishing,M,42,calf,N,11,bull shark
2012.03.20,2012,AUSTRALIA,Queensland,Nobby's Beach,Surfing,M,20,calf,N,17,bull shark
1946.07.18.a,1946,IRAN,Khuzestan Province,"Ahvaz, on the Karun River, 275 km from the sea",Swimming ,M,12,calf,N,Unknown,bull shark
2012.06.26.a,2012,USA,Hawaii,"Kahana Beach, Maui",Sitting in the water,F,16,calf,N,9,caribbean reef shark
1998.08.15,1998,BAHAMAS,Berry Islands,Ambergris Cay,Spearfishing,M,28,calf,N,16,caribbean reef shark
2016.07.20,2016,AUSTRALIA,Queensland,"20 k off The Spit, off the Gold Coast",Fishing,M,31,calf,N,15,caribbean reef shark
2016.03.03.R,2016,AUSTRALIA,South Australia,Wrights Bay,Fishing,M,Unknown,calf,N,0,copper shark
2007.10.13,2007,AUSTRALIA,Queensland,Holmes Reef,Spearfishing,M,31,calf,N,12,copper shark
2001.04.02.a,2001,AUSTRALIA,New South Wales,Nambucca River Entrance,Surfing,M,40,calf,N,10,copper shark
1996.01.22,1996,AUSTRALIA,Queensland,"Brown's Inlet, Broadwater",Swimming,F,13,calf,N,Unknown,copper shark
2007.07.19.a,2007,AUSTRALIA,Territory of Cocos (Keeling) Islands,Direction Island,Wading,M,15,calf,N,11,copper shark
2004.03.06,2004,AUSTRALIA,Western Australia,5 nm off Cervantes,Spearfishing,M,47,calf,N,Unknown,copper shark
1987.03.30.b,1987,AUSTRALIA,Western Australia,Fourth Beach / Twilgth Beach,Surfing,M,18,calf,N,Unknown,copper shark
2008.12.14,2008,NEW ZEALAND,North Island,Maraetai,Fishing,M,Unknown,calf,N,Unknown,copper shark
2009.03.20,2009,AUSTRALIA,New South Wales,Blue Bay,Surfing,M,17,calf,N,18,copper shark
2009.01.12,2009,AUSTRALIA,New South Wales,"Windang,       Lake Illawara",Snorkeling,M,24,calf,N,10,dusky shark
2015.11.20,2015,ECUADOR,Galapagos Islands,"Punta Vicente Roca, Isabella Island",Snorkeling,M,55,calf,N,10,galapagos shark
2013.05.14,2013,ECUADOR,Santa Cruz Island,"Playa Brava, Turtle Bay",Surfing,M,29,calf,N,12,galapagos shark
1981.07.01,1981,SOUTH AFRICA,KwaZulu-Natal,Clansthal,Catching sardines,M,Unknown,calf,N,Unknown,gray shark
2003.05.10,2003,USA,Hawaii,Between Magic Sands Beach and Kahaluu Beach on the Kona coast,Swimming,M,20,calf,N,11,grey reef shark
1981.02.02,1981,USA,Florida,"Juno Beach, Palm Beach County",Surfing,M,15,calf,N,13,hammerhead shark
1985.07.25.b,1985,USA,Florida,"Daytona Beach, Volusia County",Wading,F,13,calf,N,17,hammerhead shark
2005.04.06.a,2005,USA,Florida,"Jacksonville Beach, Duval County",Unknown,F,Unknown,calf,N,Unknown,hammerhead shark
2010.10.02.b,2010,BAHAMAS,Exuma Islands,Unknown,Snorkeling,M,Unknown,calf,N,Unknown,lemon shark
2010.05.30,2010,USA,Florida,Off Tarpon Springs,Fishing,M,49,calf,N,8,lemon shark
1948.08.00,1948,BAHAMAS,Bimini Islands,Lerner Marine Laboratory,Spearing a shark,M,41,calf,N,Unknown,lemon shark
1992.11.29,1992,USA,California,"San Onofre, San Diego County ",Spearfishing / free diving,M,31,calf,N,15,mako shark
2012.06.15,2012,USA,Florida,"Summerland Key, Monroe County",Fishing,M,23,calf,N,14,nurse shark
2000.07.04.a,2000,USA,Florida,"Artifical reef 3 miles off Manatee Beach, Manatee County","Spearfishing, holding mesh bag with speared fish",F,55,calf,N,12,nurse shark
2013.10.19,2013,USA,Florida,Miami Beach,Wading,M,6,calf,N,15,nurse shark
2011.10.19,2011,AUSTRALIA,Victoria,Elwood Beach,Diving,M,50,calf,N,16,port jackson shark
2009.03.27,2009,SOUTH AFRICA,Eastern Cape Province,2-3 km north of Sunday's River mouth,Fishing ,M,59,calf,N,Unknown,sandtiger shark
2006.02.08,2006,SOUTH AFRICA,Eastern Cape Province,"Nahoon, East London",Surfing,M,15,calf,N,15,sandtiger shark
1932.00.00,1932,SOUTH AFRICA,Eastern Cape Province,"Kowie River Mouth, Port Alfred",Collecting fish by lamplight in gully,M,23,calf,N,18,sandtiger shark
2013.03.16.b,2013,SOUTH AFRICA,Western Cape Province,De Mond,Fishing - 'tag & release',M,30,calf,N,9,sandtiger shark
1956.00.00.e,1956,USA,Virginia,"Virginia Beach, Princess Anne County",Removing shark from net ,M,Unknown,calf,N,Unknown,sand shark
1929.04.11,1929,AUSTRALIA,Queensland,"Bribie Passage, Caloundra",Standing in knee-deep water,M,19,calf,N,13,sandtiger shark
2009.12.06,2009,USA,New Jersey,"Adventure Aquarium, Camden",Diving,M,58,calf,N,13,sandtiger shark
2008.08.22,2008,USA,North Carolina,"Surf City, Topsail Island, Pender County",Surfing,F,20,calf,N,18,Unknown
2004.09.10,2004,USA,Texas,South Padre Island,Surf fishing,M,Unknown,calf,N,18,Unknown
1998.03.08.a,1998,USA,Florida,"Loggerhead Park, Juno Beach, Palm Beach County",Swimming or paddle boarding,M,32,calf,N,9,spinner shark
2014.08.31,2014,USA,Florida,"New Smyrna Beach, Volusia County",Body surfing,F,13,calf,N,16,spinner shark
2009.03.17,2009,USA,Hawaii,Alenuihaha Channel,Swimming,M,61,calf,N,20,cookiecutter shark
1981.09.15,1981,USA,Florida,"Tampa Bay, Manatee County",Swimming,M,26,calf,Y,21,tiger shark
2013.10.31,2013,USA,Hawaii,"Kanaha Beach, Maui",Kiteboarding,M,46,calf,N,15,tiger shark
1980.04.00,1980,MEXICO,Sinaloa,Mazatlï¿,Body surfing,F,13,calf,N,12,tiger shark
2000.07.06,2000,USA,North Carolina,"Pine Island, Corolla, Currituck County",Playing,F,12,calf,N,16,tiger shark
2006.03.23,2006,USA,Hawaii,"Leftovers, near Waimea Bay, O'ahu",Surfing,F,28,calf,N,11,tiger shark
1996.08.29,1996,USA,Hawaii,"Paukukalo, Maui",Body Boarding,M,19,calf,N,16,tiger shark
1991.11.26.a,1991,USA,Hawaii,"Olowalu, Maui",Snorkeling,F,Unknown,calf,N,9,tiger shark
1985.07.19,1985,USA,South Carolina,"Folly Beach, Charleston County",Playing in knee-deep water,F,10,calf,N,Unknown,tiger shark
2000.08.15,2000,USA,Hawaii,"Kanaha Beach, Maui","Windsurfing, but sitting on his board",M,53,calf,N,11,tiger shark
2015.04.26,2015,USA,Florida,"Resident's Beach, Marco Island",Wading,M,63,calf,N,16,Unknown
ND.0083,1963,USA,California,"LaJolla, San Diego County","Free diving, collecting sand dollars",M,Unknown,calf,N,Unknown,Unknown
1991.11.00,1991,AUSTRALIA,Western Australia,"Backbeach, Halls Head",Boogie boarding,M,14,calf,N,Unknown,Unknown
1943.00.00.c,1943,USA,Hawaii,"Midway Island, Northwestern Hawaiian Islands",Spearfishing,M,Unknown,calf,N,Unknown,Unknown
1943.00.00.b,1943,USA,Hawaii,"Midway Island, Northwestern Hawaiian Islands",Spearfishing,M,Unknown,calf,N,Unknown,Unknown
1958.00.00.j,1958,TONGA,Vava'u,Hunga Island,Spearfishing,M,Unknown,calf,N,Unknown,Unknown
ND.0075,1963,AUSTRALIA,Torres Strait,Unknown,Diving for trochus,M,Unknown,calf,N,Unknown,Unknown
2014.10.17,2014,AUSTRALIA,New South Wales,Avoca Beach,Surfing,F,13,calf,N,6,Unknown
2011.02.13,2011,AUSTRALIA,Queensland,Sunshine Beach,Fishing,M,Unknown,calf,N,10,Unknown
1994.05.24,1994,USA,Florida,"Spessard Holland Park, Melbourne Beach, Brevard County",Wading,F,36,calf,N,Unknown,Unknown
1989.04.23,1989,USA,Florida,"Loggerhead Park, Juno Beach, Palm Beach County",Swimming,M,19,calf,N,Unknown,Unknown
2000.11.18,2000,USA,Florida,"Bonita Springs, Lee County",Swimming,M,73,calf,N,12,Unknown
2001.09.02,2001,USA,Florida,"Mayport Naval Station, Jacksonville, Duval Country",Wading,M,20,calf,N,15,Unknown
1996.03.00,1996,AUSTRALIA,New South Wales,Lord Howe Island,Fishing in knee-deep water,M,7,calf,N,Unknown,Unknown
2014.12.28.a,2014,AUSTRALIA,Victoria,Paradise Beach,Fishing,M,40,calf,N,9,Unknown
1966.08.14,1966,TAIWAN,Unknown,Ye Leow,Lobster diving using Scuba,M,Unknown,calf,N,17,Unknown
1962.06.17,1962,USA,Florida,"New Smyrna Beach, Volusia County",Rolled off raft,M,11,calf,N,11,Unknown
1892.03.02,1892,AUSTRALIA,New South Wales,Lake Macquarie,Fishing,M,21,calf,N,21,Unknown
1962.07.20,1962,MADAGASCAR,Unknown,"Onboard tuna boat, M.V. Toscui Maru",Finning the shark,M,20,calf,N,9,Unknown
2007.07.18.b,2007,USA,North Carolina,"North Topsail Beach, Onslow  County",Swimming,M,14,calf,N,12,Unknown
1991.05.26,1991,USA,Hawaii,"Ma'ili Beach, O'ahu",Sitting on surfboard,M,23,calf,N,16,Unknown
2007.05.16,2007,AUSTRALIA,Western Australia,"Warra Beach, Coral Bay",Wading,F,38,calf,N,14,Unknown
2000.03.30,2000,AUSTRALIA,Queensland,"Main Beach, Gold Coast",Swimming,M,26,calf,N,14,Unknown
2011.06.06.a,2011,USA,Florida,"New Smyrna Beach, Volusia County",Wading,M,19,calf,N,12,Unknown
2005.03.28,2005,SOUTH AFRICA,Western Cape Province,Noordhoek,Surfing,M,32,calf,N,9,Unknown
2015.01.27,2015,USA,Hawaii,Lahaina,Shark fishing,M,20,calf,N,3,Unknown
2013.09.01.a,2013,USA,Florida,"St Augustine Beach, St Johns County",Casting a net,M,9,calf,N,12,Unknown
2012.03.04,2012,USA,Florida,"Playalinda Beach, Brevard County",Kite Surfing,M,19,calf,N,13,Unknown
2010.06.10,2010,USA,Florida,Jacksonville,Boogie Boarding,F,18,calf,N,12,Unknown
2003.11.22,2003,USA,Florida,"Daytona Beach, Volusia County",Surfing,F,35,calf,N,15,Unknown
2012.03.14.a,2012,USA,Florida,"New Smyrna Beach, Volusia County",Surfing,M,17,calf,N,16,Unknown
2007.03.21,2007,USA,Florida,Jupiter Inlet,Surfing,M,11,calf,N,18,Unknown
1998.08.13,1998,USA,Florida,"Ponce Inlet, Volusia County",Body-boarding,M,11,calf,N,Unknown,Unknown
2011.06.19.b,2011,TURKS & CAICOS,Caicos Bank,French Cay,Spearfishing,M,35,calf,N,Unknown,Unknown
2006.02.27,2006,USA,Hawaii,"Makena, Maui",Standing,F,15,calf,N,16,Unknown
1910.00.00.a,1910,PHILIPPINES,Luzon Island,"Polinao Point, Manila",Swimming,M,Unknown,calf,Unknown,Unknown,Unknown
2003.09.13.b,2003,USA,Florida,"Daytona Beach, Volusia County ",Body boarding,M,18,calf,N,17,Unknown
1970.06.22,1970,USA,Florida,"Dania, Broward County",Fishing,M,13,calf,N,Unknown,Unknown
1952.01.07,1952,AUSTRALIA,New South Wales,Evans Head,Surfing,M,Unknown,calf,N,Unknown,Unknown
1953.12.30,1953,SOUTH AFRICA,Eastern Cape Province,"Second Beach, Port St. Johns",Swimming,F,Unknown,calf,N,9,Unknown
2015.06.23,2015,USA,South Carolina,"St. Helena Island, Beaufort County",Standing,M,9,calf,N,Unknown,Unknown
1994.09.05,1994,USA,Hawaii,Makaha Surf Beach,Jumped off rocks into white water,F,12,calf,N,11,Unknown
2016.07.23.b,2016,AUSTRALIA,Tasmania,Clifton Beach,Surfing,M,36,calf,N,Unknown,Unknown
2013.07.17.R,2013,USA,Florida,"Butler Beach, St Augustine,       St. Johns County",Swimming ,M,15,calf,N,Unknown,Unknown
2012.10.19,2012,USA,Florida,"Seaport, Brevard County",Unknown,F,35,calf,N,Unknown,Unknown
2011.05.04,2011,SOUTH AFRICA,KwaZulu-Natal,Palm Beach,Spearfishing,M,37,calf,N,Unknown,Unknown
1991.04.03,1991,USA,Hawaii,"One'ula Beach Park, 'Ewa Beach, O'ahu",Sitting on surfboard,M,Unknown,calf,N,17,Unknown
1994.07.08.a,1994,USA,Florida,"New Smyrna Beach, Volusia County",Surfing,M,15,calf,N,15,Unknown
2003.04.15,2003,USA,Florida,"Cocoa Beach, Brevard County",Swimming (using a float),M,20,calf,N,13,Unknown
1963.11.04,1963,PALAU,Western Caroline Islands,Koror,Fishing,M,35,calf,N,3,Unknown
1998.04.00,1998,NEW CALEDONIA,Unknown,ýle de Sable,Unknown,Unknown,Unknown,calf,N,Unknown,Unknown
2002.01.01.b,2002,SOUTH AFRICA,KwaZulu-Natal,Mtunzini,Surf skiing,M,26,calf,N,18,Unknown
1998.01.25.a,1998,SOUTH AFRICA,Eastern Cape Province,East London,Surfing,M,21,calf,N,Unknown,Unknown
1997.12.28.a,1997,SOUTH AFRICA,Eastern Cape Province,St. Francis Bay,Sitting on surfboard,M,Unknown,calf,N,Unknown,Unknown
2017.04.29.c,2017,SOUTH AFRICA,Western Cape Province,"Keurbooms, Plettenberg Bay",Surfing,M,14,calf,N,17,Unknown
2017.04.22,2017,"ST HELENA, British overseas territory",Ascension Island,English Bay,Snorkeling,F,40,calf,N,16,Unknown
2017.04.11,2017,USA,Florida,"Ormond Beach, Volusia County",Surfing,F,35,calf,N,16,Unknown
2017.04.10.b,2017,USA,Florida,"Melbourne Beach, Brevard County",Paddle boarding,F,10,calf,N,17,Unknown
2016.10.14,2016,USA,Hawaii,"Charlie Young Beach, Kihei, Maui",Snorkeling,F,66,calf,N,9,Unknown
2016.06.21.a,2016,USA,Florida,"Pelican Beach Park, Satellite Beach, Brevard County",Wading,M,Unknown,calf,N,14,Unknown
2015.09.18,2015,USA,Florida,"Big Talbot Island, Duval County",Swimming,M,Unknown,calf,N,19,Unknown
2015.06.17,2015,USA,Florida,Daytona Beach Shores,Swimming,M,10,calf,N,13,Unknown
2014.05.15,2014,USA,Florida,"Juan Ponce de Leï¿½ï¿½ï¿½ï¿½ï¿½ï¿½ï¿½ï¿½ï¿½n Landing, Melbo",Body boarding,F,38,calf,N,11,Unknown
2014.03.18.c,2014,NEW CALEDONIA,Baie de Sainte-Marie,Unknown,Kite Surfing,M,42,calf,N,17,Unknown
2013.11.29,2013,USA,Hawaii,"Keawekapu Beach, Kihei, Maui",Snorkeling,F,58,calf,N,13,Unknown
1946.01.01,1946,SOUTH AFRICA,Eastern Cape Province,"Pollock Beach, Port Elizabeth",Body surfing,M,24,calf,N,9,Unknown
1916.12.30,1916,AUSTRALIA,Queensland,"Yeppoon, near Ross Creek",Bathing,M,25,calf,N,9,Unknown
2013.01.05,2013,AUSTRALIA,Western Australia,Near Legendre Island,Spearfishing / Free diving,M,26,calf,N,10,Unknown
2012.07.08,2012,USA,North Carolina,"North Topsail Beach, Onslow County",Swimming,F,43,calf,N,17,Unknown
2012.03.06.b,2012,NEW ZEALAND,North Island,"Opunake, Taranake",Surfing,M,Unknown,calf,N,19,Unknown
2011.12.06,2011,USA,Oregon,Seaside Cove,Surfing,F,Unknown,calf,N,9,Unknown
2011.05.13.a,2011,USA,Florida,"Ormond Beach, Volusia County",Surfing,M,37,calf,N,6,Unknown
2012.09.08.a,2012,USA,Florida,"South Beach, Miami-Dade County",Swimming,M,Unknown,calf,N,15,Unknown
1989.10.29.R,1989,AUSTRALIA,Northern Territory,Edith Falls,Swimming,F,31,calf,N,Unknown,Unknown
1989.04.03,1989,USA,Hawaii,"Ho'okipa Beach, Pa'ia, Maui",Paddling on surfboard,M,Unknown,calf,N,Unknown,Unknown
2008.08.12,2008,USA,Florida,"New Smyrna Beach, Volusia County",Wading,F,13,calf,N,12,Unknown
2008.06.20,2008,USA,Florida,"Fernandina Beach, Nassau County",Wading,F,35,calf,N,11,Unknown
2008.04.27,2008,USA,Florida,"New Smyrna Beach, Volusia County",Surfing,M,24,calf,N,10,Unknown
2007.09.08,2007,USA,Florida,"Pepper Park Beach, St. Lucie County",Wading,F,58,calf,N,11,Unknown
2007.09.04,2007,USA,South Carolina,Sullivan's Island,Standing,M,15,calf,N,18,Unknown
2000.02.21,2000,USA,Florida,"Riviera Beach, Palm Beach County",Unknown,M,27,calf,N,15,Unknown
2007.08.19.a.,2007,USA,South Carolina,"Lakewood Campground, Grand Strand, Horry County",Playing,M,7,calf,N,10,Unknown
1985.08.22,1985,USA,South Carolina,"Palmetto Dunes, Hilton Head, Beaufort County",Wading,M,87,calf,N,Unknown,Unknown
2007.07.19.b,2007,USA,Hawaii,"Bellows Beach near Wailea Point, Oï¿½ï",Snorkeling,M,36,calf,N,15,Unknown
2007.04.01,2007,USA,Florida,"New Smyrna Beach, Volusia County",Playing on a sandbar,M,7,calf,N,13,Unknown
2006.08.27,2006,REUNION,Saint-Gilles-les-Bains,"Les Aigrettes, near Boucan-Canot",Body boarding,M,27,calf,N,18,Unknown
2006.07.08.a,2006,USA,Florida,"Playalinda Beach, Canaveral National Seashore, Brevard County",Swimming,M,13,calf,N,13,Unknown
2006.06.27,2006,USA,Florida,"Hutchinson Island, St. Lucie County",Body boarding,F,9,calf,N,11,Unknown
1983.03.00,1983,NEW CALEDONIA,Loyalty Islands,"We, Lifou",Unknown,Unknown,Unknown,calf,N,Unknown,Unknown
2004.07.28,2004,USA,North Carolina,"Rodanthe, Dare County",Surfing,F,28,calf,N,17,Unknown
2004.05.23.a,2004,USA,Florida,"St. Augustine, St. John's County",Boogie-boarding / swimming,M,9,calf,N,12,Unknown
2002.06.09.a,2002,USA,Florida,"Jensen Beach, Martin County ",Swimming,M,10,calf,N,13,Unknown
2001.05.20,2001,USA,South Carolina,"Fripp Island, Beaufort County",Swimming,M,Unknown,calf,N,19,Unknown
1999.06.12,1999,USA,Florida,"Atlantiic Beach, Duval County",Swimming,M,41,calf,N,13,Unknown
1882.05.14,1882,AUSTRALIA,New South Wales,Millers Point,Fell overboard,M,Unknown,calf,N,15,Unknown
1994.01.30,1994,SOUTH AFRICA,Eastern Cape Province,"Nahoon Beach, East London",Windsurfing,M,44,calf,N,13,Unknown
1992.09.11,1992,USA,Florida,"South Jetty, New Smyrna Beach, Volusia County",Standing,F,18,calf,N,15,Unknown
1983.12.22,1983,SOUTH AFRICA,Eastern Cape Province,Great Fish River,Swimming,M,16,calf,N,12,Unknown
1983.07.12.a,1983,BAHAMAS,Abaco Islands,Green Turtle Cay,Spearfishing,M,13,calf,N,12,Unknown
1972.08.29,1972,USA,Florida,"Crescent Beach, St. Johns County",Surfing,M,15,calf,N,18,Unknown
1885.11.26,1885,AUSTRALIA,Western Australia,Bunbury,Bathing,M,Unknown,calf,N,18,Unknown
1965.06.19,1965,USA,Florida,"In front of Key Biscayne Beach Club, Key Biscayne",Wading,M,6,calf,N,Unknown,Unknown
2012.09.06.b,2012,USA,Florida,"Neptune Beach, Duval County",Surfing,M,30,calf,N,12,Unknown
2008.05.07.a,2008,USA,Florida,"New Smyrna Beach, Volusia County",Wading,M,6,calf,N,12,Unknown
1968.10.29,1968,BAHAMAS,Unknown,Unknown,Unknown,M,Unknown,calf,N,22,Unknown
1970.03.23,1970,USA,Florida,Manatee County,Wading,M,19,calf,N,15,Unknown
1962.02.07,1962,SOUTH AFRICA,KwaZulu-Natal,Winkelspruit,Swimming,M,22,calf,Y,9,Unknown
1953.07.04,1953,USA,Hawaii,Kaula Rock near Niihau ,Accidentally dragged overboard from the sampan Holokahana into school of yellowfin tuna,M,Unknown,calf,N,8,Unknown
1960.02.24,1960,SENEGAL,Casamance,Ziguinchor,Fishing,M,Unknown,calf,N,Unknown,Unknown
1947.03.12,1947,SOUTH AFRICA,KwaZulu-Natal,"Country Club Beach, Durban",Wading,M,18,calf,N,16,Unknown
1956.00.00.b,1956,PAPUA NEW GUINEA,"Admiralty Islands, Manus Province",Hus Island ,Unknown,M,Unknown,calf,N,Unknown,Unknown
1912.02.19,1912,AUSTRALIA,New South Wales,Coogee,Swimming,M,18,calf,N,16,Unknown
1998.07.25,1998,USA,Florida,"New Smyrna Beach, Volusia County",Surfing,M,13,calf,N,21,Unknown
1942.09.12.b,1942,ATLANTIC OCEAN,Unknown,360 miles north of Ascension Island,"The Pacquebot Laconia, enroute to Liverpool with 600 Italian prisoners onboard, was torpedoed by the German submarine  U-156 and only 2 rafts were launched before the ship went down. Unable to board an overcrowded raft, he was swimming.",M,Unknown,calf,N,Unknown,Unknown
1933.06.16,1933,USA,South Carolina,"Folly Island, near Charleston",Standing,F,Unknown,calf,N,Unknown,Unknown
1896.06.21.R,1896,USA,South Carolina,Charleston,Bathing,M,Unknown,calf,N,Unknown,Unknown
1894.09.01.R,1894,USA,Texas,Rockport,Fishing,M,Unknown,calf,N,Unknown,Unknown
1889.07.21,1889,USA,Florida,"Fernandina, Nassau County",Swimming,M,Unknown,calf,Y,Unknown,Unknown
ND-0116,1936,AUSTRALIA,Unknown,Unknown,Net-fishing,M,Unknown,calf,N,Unknown,Unknown
1993.09.26,1993,SOUTH AFRICA,Western Cape Province,Danger Point,Spearfishing,M,36,calf,N,11,white shark
1982.02.07.a,1982,USA,California,"Stillwater Cove, Sonoma County",Scuba diving (submerged),M,Unknown,calf,N,11,white shark
2008.10.06,2008,CROATIA," Split-Dalmatia Count,","Smokvina Bay, Vis Island",Spearfishing,M,43,calf,N,12,white shark
1991.02.24,1991,USA,Oregon,"Neskowin, Tillamook County",Surfing,M,38,calf,N,9,white shark
2005.12.24,2005,USA,Oregon,"Tillamook Head, Clatsop County",Surfing,M,30,calf,N,12,white shark
2009.08.25,2009,USA,California,"Terramar Beach, Carlsbad, San Diego County",Swimming,F,22,calf,N,16,white shark
1961.01.15,1961,AUSTRALIA,New South Wales,Cook Island,Collecting aquarium specimens,M,27,calf,N,9,wobbegong shark
1911.10.25,1911,AUSTRALIA,Queensland,Great Barrier Reef,Diving,M,23,calf,N,18,Unknown
1962.12.30,1962,SOUTH AFRICA,KwaZulu-Natal,Shark tank at Oceanographic Research Institute,Scuba diving,M,Unknown,Unknown,N,10,dusky shark
1906.04.02.R,1906,AUSTRALIA,New South Wales,Moodie Beach,Unknown,M,18,Unknown,Y,Unknown,Unknown
2011.07.31,2011,BRAZIL,Pernambuco,Praia do Pina,Swimming,M,14,Unknown,Y,Unknown,Unknown
1884.12.13,1884,AUSTRALIA,South Australia,Port Phillip,yachting accident,M,Unknown,Unknown,Y,Unknown,Unknown
1911.11.08,1911,USA,Florida,"Pensacola Bay, Escambia County",Unknown,M,Unknown,Unknown,Y,Unknown,Unknown
2012.07.07.b,2012,AUSTRALIA,Victoria,Ship's Graveyard off Point Lonsdale,Scuba diving,F,42,Unknown,Y,15,Unknown
1942.03.04,1942,AUSTRALIA,New South Wales,Georgeï¿½ï¿½ï¿,Unknown,M,18,Unknown,Y,Unknown,Unknown
2009.09.13,2009,BRAZIL,Pernambuco,"Piedade, Recife",Unknown,M,34,Unknown,Y,Unknown,Unknown
1988.07.19,1988,BAHAMAS,Unknown,Unknown,Spearfishing on scuba,M,28,Unknown,N,Unknown,caribbean reef shark
2006.05.02,2006,AUSTRALIA,Queensland,"Moffat Beach, Caloundra",Snorkeling,M,46,chest,N,16,wobbegong shark
1907.08.08.R,1907,USA,New Jersey,Lower Delaware Bay,Wading,M,Unknown,chest,N,Unknown,Unknown
1934.01.27,1934,AUSTRALIA,New South Wales,"Lambeth Street Wharf, Georgeï¿½ï¿½ï¿½ï¿½ï¿½ï¿½ï¿½ï¿½ï¿½s River, East Hills (",Swimming outside the safety enclosure attempting to retrieve a tennis ball drifting toward midstream ,M,15,chest,N,Unknown,Unknown
2003.07.00.a,2003,NEW ZEALAND,Cook Islands,Beveridge Reef,Snorkeling,M,Unknown,chest,N,Unknown,grey reef shark
1980.00.00.a,1980,TONGA,Ha'api,Ha'ano Island,Spearfishing,M,20,chest,N,9,Unknown
1958.02.01,1958,USA,US Virgin Islands,Water Island,Spearfishing on Scuba,M,18,chest,N,Unknown,nurse shark
1965.07.30,1965,BAHAMAS,Bimini Islands,Lerner Marine Lab,Attempting to anesthetize shark,M,Unknown,chest,N,Unknown,lemon shark
1954.00.00.d,1954,MARTINIQUE,Unknown,Unknown,Unknown,M,Unknown,chest,N,Unknown,nurse shark
1940.01.15,1940,AUSTRALIA,Queensland,"Surfers Paradise, near Southport",Swimming,M,22,chest,N,15,Unknown
1941.08.01,1941,USA,South Carolina,Sullivan's Island at entrance to Charleston Harbor,Swimming at edge of channel,M,20,chest,N,Unknown,Unknown
1989.09.17,1989,SOUTH AFRICA,Western Cape Province,"Smitswinkel, False Bay",Free diving,M,29,chest,N,14,white shark
2001.05.04,2001,AUSTRALIA,New South Wales,Noraville,Surfing,M,35,chest,N,17,Unknown
1992.07.23,1992,USA,Hawaii,"Wai'anae, O'ahu","Zosimo & his son, Jeffrey Popa, failed to return from overnight fishing trip in a 14' boat, Boat apparently sank, debris recovered but his son & boat were never found",M,Unknown,chest,Y,Unknown,cookiecutter shark
1968.04.11.R,1968,PAPUA NEW GUINEA,Gulf Province,Orokolo Bay,Swimming,M,7,chest,Y,Unknown,Unknown
1983.07.26,1983,AUSTRALIA,Queensland,"Off Lodestone Reef, Great Barrier Reef, north of Townsville",Swimming from the New Venture ,F,21,chest,Y,4,tiger shark
1998.04.17,1998,USA,Florida,"Marathon, Monroe County",Scuba diving,M,16,chest,N,Unknown,nurse shark
1928.07.11,1928,AUSTRALIA,Unknown,Unknown,Pearl diving,M,Unknown,chest,N,Unknown,Unknown
1941.11.27.a,1941,SOUTH ATLANTIC OCEAN,Off Libya,Unknown,HMAS Parramatta torpedoed & sunk by the U-559,M,Unknown,chest,N,Unknown,tiger shark
2016.03.26,2016,BAHAMAS,Unknown,Unknown,Unknown,M,9,chest,N,Unknown,nurse shark
1951.03.26,1951,AUSTRALIA,New South Wales,Avalon,Fell off surf ski,M,23,chest,N,15,wobbegong shark
1965.01.25,1965,USA,California,"Newport Beach, Orange County",Motor boat Rebel Belle lost,M,21,chest,Y,Unknown,Unknown
1993.07.30,1993,SOUTH AFRICA,Eastern Cape Province,"Pollock Beach, Port Elizabeth",Surfing,M,28,chest,N,15,white shark
1951.02.03,1951,AUSTRALIA,New South Wales,"Windang, near the entrance to Lake Illawarra",Spearfishing (but treading water on the surface),M,20,chest,N,Unknown,Unknown
2005.02.22,2005,USA,Florida,"Long Key, Monroe County",Spearfishing,M,Unknown,chest,N,Unknown,nurse shark
2002.02.07,2002,AUSTRALIA,New South Wales,Paramatta River (near Sydney),Kayaking,M,35,chest,N,19,Unknown
2004.07.15,2004,JAPAN,Wakayama Prefecture,Susami,Fishing for squid aboard the trawler Shikishima-Maru when the shark leapt into the boat,M,51,chest,N,Unknown,mako shark
1941.01.29,1941,SOUTH ATLANTIC OCEAN,In Convoy OB 274,Off Sierra Leone,Rescuing seaman after ship sunk by German raider,M,19,Unknown,N,19,Unknown
1961.02.00,1961,USA,California,"Topanga Canyon Beach, Santa Monica Bay",Unknown,M,Unknown,Unknown,N,Unknown,Unknown
1983.12.30,1983,GREECE,Andikira Fokithes,Unknown,Spearfishing,M,36,no injury,Y,2,Unknown
1975.10.12,1975,AUSTRALIA,New South Wales,"Lennox Head, Ballina",Surfing,M,20,no injury,N,Unknown,copper shark
2007.02.04,2007,COSTA RICA,Unknown,Unknown,Swimming,M,36,Unknown,Y,Unknown,Unknown
2010.11.27,2010,AUSTRALIA,Western Australia,Native Dog Beach,Swimming,M,Unknown,Unknown,Y,Unknown,Unknown
1923.01.27.b,1923,AUSTRALIA,Western Australia,Bunbury,Unknown,M,Unknown,Unknown,Unknown,Unknown,Unknown
1931.02.10,1931,AUSTRALIA,New South Wales,Maroubra Beach,Swimming ,M,39,Unknown,Y,4,Unknown
1915.01.13,1915,NEW ZEALAND,North Island,Otaki,Fishing,M,Unknown,Unknown,Y,Unknown,Unknown
1852.07.28,1852,ATLANTIC OCEAN,Unknown,Unknown,Unknown,F,1,Unknown,Y,Unknown,Unknown
1995.08.13.a,1995,USA,North Carolina,"Emerald Isle, Carteret County",Swimming,M,15,Unknown,Y,Unknown,tiger shark
1995.00.00.c,1995,USA,North Carolina,Carolina Beach,Scuba diving,M,Unknown,Unknown,Y,Unknown,Unknown
2009.09.02,2009,NEVIS,Unknown,Castle Beach,Swimming,M,Unknown,Unknown,Y,Unknown,Unknown
1984.08.24,1984,USA,Florida,"Off Crystal River, Citrus County",Boat capsized?,F,31,Unknown,Y,Unknown,tiger shark
2008.08.30.b,2008,USA,Hawaii,"McKenzie Beach Park in Pahoa, Hawai'i ",Swimming,M,27,Unknown,Y,19,Unknown
1936.01.05,1936,AUSTRALIA,Queensland,"Main Beach, Southport",Surfing,M,17,Unknown,N,Unknown,Unknown
1959.06.13,1959,USA,California,"Dillon Beach, Marin County",Swimming ,Unknown,Unknown,Unknown,Y,Unknown,Unknown
1922.02.22.R,1922,AUSTRALIA,New South Wales,"Bilgola Beach, Sydney",Swimming,M,Unknown,Unknown,Y,Unknown,Unknown
2004.02.16,2004,AUSTRALIA,Queensland,"Fido's Reef, 300 m east of Cook Island. Cook Island is 2 miles from Tweed Heads, Gold Coast",Free diving & spearfishing,M,31,Unknown,N,11,Unknown
1958.02.19,1958,AUSTRALIA,New South Wales,Unknown,Spearfishing,M,21,Unknown,Y,15,Unknown
1984.10.21.b,1984,USA,Florida,"Wabasso Beach, Indian River County",Swimming,M,22,Unknown,Y,14,Unknown
1907.07.04.R,1907,AUSTRALIA,Queensland,Karra Garra,Unknown,M,Unknown,Unknown,Y,Unknown,Unknown
1901.07.17,1901,ITALY,Syracuse,Capo Santa Croce,Swimming,M,20,Unknown,Y,Unknown,Unknown
1967.08.10,1967,AUSTRALIA,New South Wales,Jervis Bay,Anti-sabotage night dive exercise alongside destroyer (Scuba diving),M,19,Unknown,Y,21,Unknown
1964.06.28,1964,USA,New York,Long Island,Attempting to swim across the Atlantic Ocean,F,29,Unknown,Y,21,Unknown
2004.04.04,2004,USA,Hawaii,Velzyland,Surfing,F,22,no injury,Y,Unknown,Unknown
1847.00.00.b,1847,USA,South Carolina,"Charleston Harbor, Charleston County",Swimming,M,Unknown,Unknown,Y,Unknown,Unknown
1880.10.10,1880,AUSTRALIA,New South Wales,Bermagui,Traveling by boat,M,Unknown,Unknown,Y,Unknown,Unknown
1992.05.31,1992,USA,North Carolina ,Wreck of the U-352 ,Scuba diving ,M,45,Unknown,Y,Unknown,Unknown
2013.04.02.R,2013,AUSTRALIA,Western Australia,Perth,Unknown,M,24,Unknown,Y,Unknown,Unknown
1989.06.00,1989,JAPAN,Sea of Japan,Unknown,Unknown,M,Unknown,Unknown,N,Unknown,Unknown
1965.04.25,1965,USA,California,"Pacifica, San Mateo County",Surfing,M,19,Unknown,Y,16,Unknown
1962.10.06,1962,USA,California,2 miles off Santa Catalina Island,"Overcome by CO fumes, fell overboard from 36' fishing cruiser & prop slashed arm",F,43,Unknown,N,Unknown,blue shark
2002.07.09.b,2002,USA,Maryland,"100 miles off Ocean City, Maryland, in 7000' of water",Shark Fishing,M,41,Unknown,Y,0,mako shark
2009.01.23,2009,BRAZIL,Maranhï¿,Olho d'ï¿½ï¿,Swimming,M,17,Unknown,Y,Unknown,Unknown
1880.00.00.d,1880,USA,Florida,"Hutchinson Island, Martin County",Unknown,M,Unknown,Unknown,Y,Unknown,Unknown
2002.04.21,2002,AUSTRALIA,New South Wales,26 nautical miles out to sea off Lake Macquarie,Fishing (Drowned 2-Apr-2002),M,52,Unknown,Y,Unknown,Unknown
1831.01.22.R,1831,AUSTRALIA,Tasmania,Hobart,"Boat capsized, clinging to line",M,Unknown,Unknown,Y,Unknown,Unknown
1899.01.28,1899,AUSTRALIA,New South Wales,Newcastle,Bathing,F,13,Unknown,Y,Unknown,Unknown
2015.01.08,2015,USA,Florida,Unknown,Swimming after falling overboard,M,38,Unknown,N,21,Unknown
1973.08.16,1973,USA,Virginia,False Cape,Crabbing (spearing crabs),M,17,elbow,N,Unknown,blacktip shark
2016.04.25,2016,INDONESIA,Bali,Balian,Surfing,M,24,elbow,N,7,bull shark
1961.03.09,1961,NORTH PACIFIC OCEAN,Wake Island (EnenKio),"Leeward side of island, directly in back of Mid-Pac barrel storage area",Free diving,M,33,elbow,N,15,grey reef shark
1997.05.31.b,1997,USA,Florida,"Flagler Beach, Flagler County",Surfing,M,34,elbow,N,11,sand shark
1975.12.02,1975,AUSTRALIA,New South Wales,"Porpoise Pool, Tweed Heads",Filming & feeding captive sharks,M,35,elbow,N,Unknown,sandtiger shark
1963.11.28,1963,FIJI, Lau Province,"Dravuwalu, Totoya Island",Fishing,F,21,elbow,N,11,tiger shark
2008.02.07,2008,AUSTRALIA,New South Wales,Horseshoe Bay,Surfing,F,14,elbow,N,Unknown,Unknown
1973.01.21,1973,SOUTH AFRICA,KwaZulu-Natal,Durban,Fishing from paddleski,M,Unknown,elbow,N,Unknown,Unknown
1964.09.07,1964,TAIWAN,Northern Taiwan,Tamsui Beach,Swimming,M,20,elbow,N,13,Unknown
1995.08.26/b,1995,USA,Florida,"Crescent Beach, St. Johns County",Surfing,M,16,elbow,N,18,Unknown
2012.09.09,2012,USA,Florida,"New Smyrna Beach, Volusia County",Surfing,Unknown,19,elbow,N,14,Unknown
1995.09.17,1995,USA,Florida,"Daytona Beach, Volusia County",Swimming,F,19,elbow,N,15,Unknown
1982.03.10,1982,USA,Florida,"Palm Beach, Palm Beach County",Surfing,M,16,elbow,N,14,Unknown
1882.09.00,1882,JAPAN,Unknown,Unknown,Clinging to shipwrecked junk,M,Unknown,elbow,N,Unknown,Unknown
2006.01.15,2006,AUSTRALIA,Western Australia,"Off City Beach, Perth",Scuba diving,M,52,elbow,N,11,white shark
1996.12.10,1996,SOUTH AFRICA,Eastern Cape Province,"Duck Pond, Sardina Bay near Port Elizabeth",Surfing,M,Unknown,elbow,N,16,white shark
1937.02.13,1937,AUSTRALIA,New South Wales,"Bar Beach, Newcastle",Swimming,M,32,elbow,Y,15,white shark
2011.05.07.R,2011,UNITED ARAB EMIRATES (UAE),Umm al Qaywayan Province,Khor Fakkan ,Fishing ,M,43,Unknown,N,Unknown,Unknown
2016.07.23.a,2016,BAHAMAS,Abaco Islands,Green Turtle Cay,Spearfishing,M,Unknown,face,N,Unknown,bull shark
1965.04.29,1965,USA,Florida,"Hobe Sound, Martin County",Unknown,M,49,face,N,15,bull shark
2014.08.16,2014,AUSTRALIA,Western Australia,Gnaraloo,Spearfishing,M,31,face,N,Unknown,caribbean reef shark
2016.07.14.R,2016,BAHAMAS,Unknown,Tiger Beach,Scuba Diving,M,Unknown,face,N,Unknown,lemon shark
1955.02.10,1955,USA,California,"Trinidad Bay, Humboldt County",Scuba diving,M,Unknown,face,N,Unknown,leopard shark
1981.08.10.b,1981,USA,Florida,"Marathon, Monroe County",Diving,M,Unknown,face,N,Unknown,nurse shark
2012.03.06.a,2012,AUSTRALIA,Victoria,"Shipwreck Cove, Melbourne Aquarium","Diving, feeding sharks",F,34,face,N,11,nurse shark
2009.11.16.b,2009,USA,California,"Loch Lomond, Marin County",Fishing,M,31,face,N,16,thresher shark
2004.08.06,2004,USA,Florida,"Big Bayou, St. Petersburg, Pinellas County ",Swimming,M,47,face,N,20,Unknown
1976.06.01,1976,AUSTRALIA,Queensland,Off Stradbroke Island,Sitting in bow of her father's 5 m boat,F,Unknown,face,N,Unknown,Unknown
1960.04.03.b,1960,AUSTRALIA,Victoria,"Canadian Bay near Mount Eliza, 30 miles from Melbourne",Spearfishing,M,Unknown,face,N,Unknown,Unknown
1961.03.18,1961,AUSTRALIA,Victoria,Lady Beach at Warrnambool,Swimming,M,24,face,N,15,Unknown
2008.04.28.a,2008,USA,Florida,"New Smyrna Beach, Volusia County",Surfing,M,18,face,N,11,Unknown
2010.09.02,2010,SOLOMON ISLANDS,Western Province,Unknown,Unknown,M,34,face,N,Unknown,Unknown
2009.09.01,2009,SOLOMON ISLANDS,Makira-Ulawa Province,"Kirakira, Makira Island (formerly San Cristobal)",Fishing,M,Unknown,face,N,Unknown,Unknown
2008.02.21.R,2008,FRENCH POLYNESIA,Society Islands,Tahiti,Spearfishing,M,26,face,N,Unknown,Unknown
2005.10.03,2005,BAHAMAS,Abaco Islands,Grand Cay,Diving,M,35,face,N,Unknown,Unknown
2016.10.02,2016,USA,Florida,"New Smyrna Beach, Volusia County",Surfing,M,21,face,N,11,Unknown
2013.07.31,2013,USA,Hawaii,"Ulua Beach, Maui",Snorkeling,F,56,face,N,8,Unknown
2001.11.14,2001,USA,Hawaii,"Kapalua, Maui",Surfing,Unknown,Unknown,face,N,17,Unknown
1977.02.00,1977,NEW CALEDONIA,Unknown,I'le Ouen,Unknown,Unknown,Unknown,face,N,Unknown,Unknown
1967.08.25,1967,ITALY,Liguria," Marinella Sarzana, La Spezia ",Spearfishing on Scuba,M,Unknown,face,N,Unknown,Unknown
1960.05.29,1960,PANAMA,San Blas Islands,Off Diable Island,"Spearfishing, free diving, possibly ascended into path of cruising shark",M,27,face,N,8,Unknown
1960.10.00.c,1960,USA,Florida,Haulover Inlet,Diving,M,Unknown,face,Y,Unknown,Unknown
1957.00.00.g,1957,CUBA,Havana Province,Havana,Fishing for sharks,M,18,face,Y,Unknown,Unknown
1948.00.00.b,1948,PAPUA NEW GUINEA,Bougainville (North Solomons),"Tung Island, off the west coast of Buka Island",Spearfishing,M,Unknown,face,N,Unknown,Unknown
1908.01.08,1908,USA,Hawaii,"Mana, Kaua'i",Gathering fish stunned by dynamite,M,Unknown,face,Y,Unknown,Unknown
1902.07.15,1902,ITALY,Liguria,"Galliera dock, Genoa",Fishing,M,Unknown,face,N,Unknown,Unknown
1882.00.00.b,1882,USA,Florida,"In the bay near the naval yard at Pensacola, Escambia County","During ""an exhibition"" he was tied in sack & thrown overboard ",M,Unknown,face,N,Unknown,Unknown
1877.01.04,1877,SOUTH AFRICA,KwaZulu-Natal,Durban,Body found floating next to his ship,M,Unknown,face,Y,Unknown,Unknown
1986.12.06.a,1986,USA,California,"Monastery Beach, Carmel River State Park, Monterey Peninsula, Monterey California",Free diving  & spearfishing (submerged),M,27,face,N,10,white shark
2015.06.24.a,2015,AUSTRALIA,Western Australia,Denmark,Surfing,F,37,face,N,9,white shark
1944.05.04,1944,PANAMA,Caribbean Sea,Unknown,Washed overboard by swell,M,Unknown,face,Y,Unknown,white shark
1968.12.25,1968,NEW ZEALAND,South Island,"St. Clair Beach, Dunedin",Surfing,M,17,face,N,17,white shark
1953.02.15,1953,AUSTRALIA,New South Wales,Cave at Shell Harbour,Spearfishing,M,25,face,N,18,wobbegong shark
1962.10.15,1962,ADMIRALTY ISLANDS,Manus Island,Sisi  (west coast of island),Unknown,M,26,face,N,Unknown,Unknown
ND.0008,1906,AUSTRALIA,Unknown,Unknown,Fishing,M,Unknown,Unknown,Y,Unknown,blue pointer shark
ND.0007,1906,AUSTRALIA,Unknown,Unknown,Fishing,M,Unknown,Unknown,Y,Unknown,blue pointer shark
1955.07.25,1955,JAPAN,Okayama Prefecture,Usimado-no-Seto,Unknown,M,22,Unknown,Y,13,blue shark
2015.05.09,2015,NEW CALEDONIA,Unknown,Kouare ,Snorkeling,M,50,Unknown,Y,Unknown,bull shark
1999.04.11,1999,REUNION,L' Etang Salï¿½ï¿½ï¿½ï¿,Roche-aux-Oiseaux,Swimming after being swept into sea by a large wave,M,52,Unknown,Y,10,bull shark
1994.07.09.c,1994,REUNION,Saint-Denis,Barachois,Windsurfing,M,24,Unknown,Y,13,bull shark
2015.04.12,2015,REUNION,Saint-Gilles-les-Bains,Cap Homard,Surfing,M,13,Unknown,Y,9,bull shark
2013.05.08.a,2013,REUNION,Saint-Gilles,Brisant Beach,Body boarding,M,36,Unknown,Y,8,bull shark
2008.04.08,2008,AUSTRALIA,New South Wales,"Lighthouse Beach, Ballina",Body boarding,M,16,Unknown,Y,8,bull shark
2006.01.07,2006,AUSTRALIA,Queensland,"Amity Point, North Stradbroke Island",Swimming,F,21,Unknown,Y,17,bull shark
2002.12.16,2002,AUSTRALIA,Queensland,Miami Lake,Swimming,M,23,Unknown,Y,2,bull shark
1992.06.28.a,1992,REUNION,Saint-Paul,Cap de la Marianne,Surfing,M,16,Unknown,Y,14,bull shark
2011.08.16.a,2011,SEYCHELLES,Praslin,Anse Lazio ,Swimming or Snorkeling,M,30,Unknown,Y,16,bull shark
2006.07.10,2006,BRAZIL,Pernambuco,Body recovered at Goiana,Unknown,M,Unknown,Unknown,Y,Unknown,bull shark
2003.02.08,2003,AUSTRALIA,Queensland,Burleigh Lake on the Gold Coast,Swimming,M,84,Unknown,Y,9,bull shark
2000.08.30,2000,USA,Florida,"Boca Ciega Bay, Tampa, Pinellas County",Jumped into the water,M,69,Unknown,Y,16,bull shark
2012.01.15,2012,SOUTH AFRICA,Eastern Cape Province,"Second Beach, Port St. Johns",Swimming,M,25,Unknown,Y,15,bull shark
1999.01.03,1999,REUNION,Saint-Leu,Pointe au Sel,Spearfishing,Unknown,Unknown,Unknown,Y,Unknown,bull shark
1997.01.03.a,1997,REUNION,Unknown,la Pointe-au-Sel,Spearfishing,M,Unknown,Unknown,Y,Unknown,bull shark
1994.04.15,1994,REUNION,Saint-Joseph,Lieu-dit Cayenne,Unknown,Unknown,Unknown,Unknown,Y,Unknown,bull shark
1985.00.00.a,1985,IRAN,Unknown,"Ramin, near Ahvaz",Fishing,M,Unknown,Unknown,Y,Unknown,bull shark
1954.00.00.e,1954,IRAN,Karun River,"Hesamabad area of Shushtar, 420 km from the sea",Unknown,M,Unknown,Unknown,Y,Unknown,bull shark
1954.00.00 g,1954,IRAN,Karun River,A village a short distance from Hesamabad,Unknown,F,Unknown,Unknown,Y,Unknown,bull shark
1933.04.10,1933,USA,Florida,"Miami Beach, Miami-Dade County",Swimming,M,24,Unknown,Y,Unknown,bull shark
1907.12.21,1907,AUSTRALIA,New South Wales,"Middle Harbour, Sugarloaf Bay, Sydney (Estuary)",Bathing,M,Unknown,Unknown,Y,Unknown,bull shark
1903.01.10,1903,AUSTRALIA,New South Wales,"Lane Cove River, Sydney Harbor (Estuary)",Unknown,M,Unknown,Unknown,Y,Unknown,bull shark
2000.09.08.c,2000,TANZANIA,Unknown,"Coco Beach, Dar-es-Salaam (Reported as the 5th fatality in 3 months at Coco Beach)",Swimming,M,28,Unknown,Y,Unknown,bull shark
2000.09.00.b,2000,TANZANIA,Unknown,"Coco Beach, Dar-es-Salaam",Swimming,Unknown,Unknown,Unknown,Y,Unknown,bull shark
2000.08.00,2000,TANZANIA,Unknown,"Coco Beach, Dar-es-Salaam",Swimming,Unknown,Unknown,Unknown,Y,Unknown,bull shark
2000.07.00,2000,TANZANIA,Unknown,"Coco Beach, Dar-es-Salaam",Swimming,Unknown,Unknown,Unknown,Y,Unknown,bull shark
2008.12.00,2008,MOZAMBIQUE,Inhambane Province,Chidenguele,Spearfishing,M,Unknown,Unknown,Y,Unknown,bull shark
1912.01.26,1912,AUSTRALIA,New South Wales,"Fig Tree Bridge, Lane Cove River, near Sydney ",Swimming,M,21,Unknown,Y,15,copper shark
1965.01.09,1965,NEW GUINEA,Central Province,Off Gaire Village,Free diving,M,30,Unknown,Y,Unknown,copper shark
1976.01.02,1976,NEW ZEALAND,North Island,"Te Kaha, East coast",Spearfishing,M,Unknown,Unknown,Y,13,copper shark
1834.07.15.R,1834,FRENCH POLYNESIA,Society Islands,Tahiti,Swimming,F,Unknown,Unknown,Y,Unknown,hammerhead shark
2015.03.21,2015,EGYPT,Unknown,Marsa Alam,Swimming,M,52,Unknown,Y,Unknown,mako shark
ND.0006,1906,AUSTRALIA,New South Wales,Unknown,Swimming,M,Unknown,Unknown,Y,Unknown,sandtiger shark
1997.08.14.b,1997,MEXICO,Quintana Roo,"Santa Rosa, Cozumel",SCUBA diving,M,28,Unknown,Y,Unknown,Unknown
1962.06.25,1962,USA,Florida,"Fernandina Beach, Nassau County",U.S. Airforce crewman reported missing after bailing out of jet,M,Unknown,Unknown,Y,Unknown,Unknown
1899.06.02,1899,NEW ZEALAND,North Island,East Cape,Attempting to land a boat from the Hinemoa,M,Unknown,Unknown,Y,Unknown,Unknown
1899.05.28,1899,PHILIPPINES,Negros ,Escalante,Swimming,M,Unknown,Unknown,Y,Unknown,Unknown
2011.08.28.b,2011,AUSTRALIA,Queensland,Fantome Island,Swimming,M,48,Unknown,Y,19,Unknown
2009.09.12,2009,USA,North Carolina,"Corolla, Currituck County",Swimming,M,60,Unknown,Y,21,Unknown
1989.07.27,1969,BERMUDA,Unknown,Unknown,Scuba diving,M,35,Unknown,Y,Unknown,Unknown
1923.11.02,1923,AUSTRALIA,New South Wales,Bellinger Head,Fishing,M,Unknown,Unknown,Y,Unknown,Unknown
ND.0026,1930,BELIZE,Unknown,Unknown,Standing,M,16,Unknown,Y,Unknown,tiger shark
1993.12.00,1993,USA,Hawaii,Waipo,Surfing,M,Unknown,Unknown,Y,Unknown,tiger shark
1972.04.16,1972,WESTERN SAMOA,Upolu Island,Nuï¿½ï¿,Swimming,M,25,Unknown,Y,Unknown,tiger shark
2012.12.25,2012,SOUTH AFRICA,Eastern Cape Province,Port St. John's,Swimming,M,20,Unknown,Y,Unknown,tiger shark
2014.12.15,2014,AUSTRALIA,Queensland,Rudder Reef,Spearfishing,M,17,Unknown,Y,11,tiger shark
2009.01.24.a,2009,SOUTH AFRICA,Eastern Cape Province,"Second Beach, Port St. John's",Swimming,M,25,Unknown,Y,14,tiger shark
1998.11.21,1998,USA,Florida,"Ocean Beach, Jaycee Park, Vero Beach, Indian River County",Swimming,M,9,Unknown,Y,14,tiger shark
2007.09.30.a,2007,NEW CALEDONIA,Loyalty Islands,"Bay of Luengoni, Lifou Island",Swimming,F,23,Unknown,Y,7,tiger shark
1989.10.08,1989,USA,North Carolina,"Between Wrightsville Beach & Carolina Beach, New Hanover County",Diving,M,49,Unknown,Y,15,tiger shark
1937.10.27.b,1937,AUSTRALIA,Queensland ,"Kirra Beach, Coolangatta",Swimming ,M,25,Unknown,Y,17,tiger shark
1994.01.31.a,1994,USA,Hawaii,"Velzyland, north shore of O'ahu",Surfing,M,Unknown,Unknown,Y,Unknown,tiger shark
1980.03.29,1980,SOUTH AFRICA,KwaZulu-Natal,Umdhloti,Free diving,M,52,Unknown,Y,Unknown,tiger shark
1964.01.06.R,1964,PAPUA NEW GUINEA,New Britain,Unknown,Fishing,M,Unknown,Unknown,Y,Unknown,tiger shark
1956.09.00.b,1956,MAYOTTE,Mozambique Channel,Unknown,Fishing,M,Unknown,Unknown,Y,Unknown,tiger shark
1879.00.00,1879,USA,Mississippi,River mouth,Floating with life buoy after pilot launch capsized,M,Unknown,Unknown,Y,Unknown,tiger shark
ND.0066,1961,SEYCHELLES,Amirante Islands,Marie Louise Island,Swimming from capsized pirogue,M,Unknown,Unknown,Y,Unknown,tiger shark
ND.0102,1963,BAHREIN,Unknown,Unknown,Pearl diving,M,Unknown,Unknown,Y,Unknown,tiger shark
1853.07.13.R,1853,USA,South Carolina,"Charleston Harbor, Charleston County",Swimming,M,Unknown,Unknown,Y,Unknown,tiger shark
1993.11.21,1993,AUSTRALIA,Western Australia, A pearl  farm in Roebuck Bay,Hookah diving,M,27,Unknown,Y,15,tiger shark
1936.06.26,1936,AUSTRALIA,Torres Strait,Nepean Island,"Diving for trochus , but swimming on surface",M,16,Unknown,Y,Unknown,tiger shark
2016.04.09,2016,NEW CALEDONIA,Grand Terre,Poe Beach,Walking,F,69,Unknown,Y,10,tiger shark
1996.00.00.b,1996,FIJI,Taveuni,Unknown,Unknown,M,Unknown,Unknown,Y,Unknown,tiger shark
1992.05.22,1992,REUNION,Saint-Joseph,Lieu-dit Cayenne,Surfing,M,Unknown,Unknown,Y,14,tiger shark
2015.02.14,2015,REUNION,dï¿½ï¿½ï¿½ï¿,Ravine Mula,Swimming,F,22,Unknown,Y,18,tiger shark
1937.10.27.a,1937,AUSTRALIA,Queensland,"Kirra Beach, Coolangatta",Swimming ,M,18,Unknown,Y,17,tiger shark
1950.00.00.i,1950,INDONESIA,Jakarta Harbour,On rock near Yacht Club,Bending over,M,8,Unknown,Y,15,tiger shark
1996.01.10,1996,REUNION,Saint-Paul ,Embouchure de l'ï¿½ï¿½ï¿½ï¿½ï¿½ï¿½ï,Surfing,M,25,Unknown,Y,16,tiger shark
2013.11.30,2013,AUSTRALIA,New South Wales,"Riecks Point,  Campbellï¿½ï¿½ï¿½ï",Body boarding,M,19,Unknown,Y,14,tiger shark
1984.11.30,1984,AUSTRALIA,Queensland,1 km off Black's Beach,Sailing on catamaran & fell into the water,M,16,Unknown,Y,12,tiger shark
2013.03.12,2013,JAMAICA,St. Catherine,Pillikin Red Light area ,Spearfishing,M,68,Unknown,Y,9,tiger shark
2013.08.14,2013,USA,Hawaii,"Makenat, Maui",Snorkeling,F,20,Unknown,Y,16,tiger shark
2000.03.15,2000,NEW CALEDONIA,North Province,Poum,Spearfishing,M,35,Unknown,Y,9,tiger shark
1987.00.00.b,1987,MONTENEGRO,Adriatic Sea,"Mogren Beach, Budva",Jumped into the water from a cliff,M,Unknown,Unknown,Y,Unknown,Unknown
1906.08.04,1906,USA,Maryland,"Tangier Sound, Somerset County",Fell overboard,M,Unknown,Unknown,Y,Unknown,Unknown
1965.10.16.a,1965,BAHAMAS,New Providence Island,Nassau,Playing in the water,F,Unknown,Unknown,Y,Unknown,Unknown
1863.04.00,1863,AUSTRALIA,Queensland,Caloundra Heads,Launching a boat,M,Unknown,Unknown,Y,Unknown,Unknown
1965.10.10,1965,NEW BRITAIN,West coast,"Outside the reef off Moputu Village, near Talasea","Spearfishing, shot a turtle",M,15,Unknown,Y,Unknown,Unknown
1897.10.05.R,1897,MARSHALL ISLANDS,Ratak ,Ailuk Island,Fishing,Unknown,Unknown,Unknown,Y,Unknown,Unknown
1879.12.24,1879,INDIA,Andaman Islands,Port Blair,Swimming,M,23,Unknown,Y,Unknown,Unknown
1919.04.06,1919,USA,Florida,Florida Keys 25ï¿½ï¿½ï,Knocked into the water,M,Unknown,Unknown,Y,Unknown,Unknown
1966.08.21.b,1966,NEW BRITAIN,Duke of York Islands,"Butliwan Village, 15 miles north of Rabaul",Swimming,F,13,Unknown,Y,15,Unknown
1966.08.21.a,1966,NEW BRITAIN,Duke of York Islands,"Butliwan Village, 15 miles north of Rabaul",Diving into water,F,9,Unknown,Y,15,Unknown
1883.00.00.a,1883,USA,South Carolina,Unknown,Unknown,M,Unknown,Unknown,Y,Unknown,Unknown
1908.09.21,1908,AUSTRALIA,Torres Strait,Thursday Island,Fell from the jetty,M,Unknown,Unknown,Y,Unknown,Unknown
1884.01.14,1884,AUSTRALIA,South Australia,"Port Pirie, Spencer Gulf, 230 km north of Adelaide",Fell overboard,F,Unknown,Unknown,Y,Unknown,Unknown
1959.01.17.b,1959,AUSTRALIA,Tasmania,Safety Cove,In deep water about 100 yards from his ship,M,22,Unknown,Y,16,Unknown
1958.07.04.b,1958,PACIFIC OCEAN,Between Hawaii & Wake Island,600 miles northwest of Honolulu,U.S. Airforce C124 enroute from Hickham Air Base to Japan went down. The 3 survivors fashioned raft from mailbags  & were rescued 3 days after the crash.,M,Unknown,Unknown,Y,10,Unknown
1961.00.00.b,1961,SENEGAL,Cap Vert Peninsula,Thiaroye Guedi,Free diving for molluscs,M,20,Unknown,Y,Unknown,Unknown
1924.11.25,1924,MEXICO,Tamaulipas,Tampico,The Ward liner Esperanza stranded during a gale & she leapt overboard to rescue her dog which had been swept overboard.,F,Unknown,Unknown,Y,Unknown,Unknown
1958.11.23,1958,AUSTRALIA,Queensland,Surfer's Paradise,Swimming,M,21,Unknown,Y,15,Unknown
1937.11.11,1937,AUSTRALIA,Torres Strait ,Ota Reef,Diving for trochus,M,17,Unknown,Y,Unknown,Unknown
1887.12.04,1887,AUSTRALIA,New South Wales,"Ryde, Sydney (Estuary)",Unknown,M,Unknown,Unknown,Y,11,Unknown
1878.10.24.R,1878,INDONESIA,East Java,Probolinggo,Swimming,M,Unknown,Unknown,Y,Unknown,Unknown
1862.07.13,1862,SPAIN,Cï¿½ï,Off Algeciras,Swimming alongside the SS Kearsarge,M,Unknown,Unknown,Y,18,Unknown
1862.07.14,1862,SPAIN,Cï¿½ï,Off Algeciras,Unknown,M,18,Unknown,Y,Unknown,Unknown
2014.03.22.b,2014,SOUTH AFRICA,Eastern Cape Province,"Second Beach, Port St Johns",Swimming,M,66,Unknown,Y,15,Unknown
2008.05.23,2008,MEXICO,Guerro,Pantla Beach,Surfing,M,21,Unknown,Y,Unknown,Unknown
1979.05.00.b,1979,NEW CALEDONIA,North Province,Balade,Unknown,M,Unknown,Unknown,Y,Unknown,Unknown
1951.12.06,1951,AUSTRALIA,New South Wales,"Merewether Beach, Newcastle",Treading water,M,21,Unknown,Y,16,Unknown
2012.11.22,2012,MEXICO,Sinaloa,Nuevo Altata,Swimming,M,32,Unknown,Y,11,Unknown
1958.04.05,1958,SOUTH AFRICA,KwaZulu-Natal,Uvongo,Paddling in knee-deep water,F,28,Unknown,Y,11,Unknown
1899.08.15,1899,USA,Florida,"Trout River, Panama Park",Swimming,M,15,Unknown,Y,Unknown,Unknown
2015.02.09,2015,AUSTRALIA,New South Wales,Shelly Beach,Surfing,M,41,Unknown,Y,10,Unknown
1966.10.29,1966,PAPUA NEW GUINEA,New Ireland Province,"Mission Beach, Lambon Island, near Duke of York Islands",Bathing,F,8,Unknown,Y,9,Unknown
1966.10.30,1966,PAPUA NEW GUINEA,New Ireland Province,"Lamassa Island, 16 miles from Lambom Island",Swimming,F,13,Unknown,Y,9,Unknown
1967.09.01,1967,PAPUA NEW GUINEA,New Ireland Province,"Lamassa Island, 16 miles from Lambon Island",Spearfishing,M,23,Unknown,Y,Unknown,Unknown
1966.11.00,1966,PAPUA NEW GUINEA,New Ireland Province,Unknown,A father bathing his smallest daughter when the shark bumped her out of his arms and carried her into deep water,F,1,Unknown,Y,Unknown,Unknown
1956.03.04,1956,AUSTRALIA,Victoria,"Portsea Beach, near entrance to Port Phillip Bay","Swimming, attacked at  surf carnival",M,26,Unknown,Y,16,Unknown
2016.06.05.a,2016,AUSTRALIA,Western Australia,Mindarie,Diving,F,60,Unknown,Y,11,Unknown
1987.04.01,1987,VANUATU,Malampa Province,Vao Island,Swimming,M,8,Unknown,Y,12,Unknown
1940.09.00,1940,PANAMA,Panama Bay (Pacific Ocean),Otoque Island,Bathing,M,18,Unknown,Y,Unknown,Unknown
2014.09.09,2014,AUSTRALIA,New South Wales,"Clarkes Beach, Byron Bay",Swimming,M,50,Unknown,Y,10,Unknown
1914.09.26.R,1914,JAMAICA,Kingston Parish,Port Royal,Fell overboard,M,Unknown,Unknown,Y,Unknown,Unknown
1906.07.05.R,1906,USA,Mississippi,"Bay St. Louis, Hancock County",Swimming,M,Unknown,Unknown,Y,Unknown,Unknown
2005.06.22,2005,VANUATU,Malampa Province,Atchin Island off Malakula,Swimming,F,7,Unknown,Y,15,Unknown
1860.03.11,1860,BAHAMAS,New Providence Island,Nassau,"In boat being towed by ship, Karnak",M,Unknown,Unknown,Y,Unknown,Unknown
1948.09.22,1948,GREECE,Attica,Keratsini ,Swimming,M,17,Unknown,Y,16,Unknown
1974.07.20,1974,USA,Georgia,"Back River, Savannah Beach, Chatham County",Swimming,M,17,Unknown,Y,Unknown,Unknown
1920.00.00.c,1920,JAMAICA,Westmoreland Parish,Savanna-la-Mar,Jumped overboard,M,Unknown,Unknown,Y,Unknown,Unknown
1915.07.06.a,1915,MEXICO,Tamaulipas,Tampico,Fishing,M,Unknown,Unknown,Y,Unknown,Unknown
1915.07.06.b,1915,MEXICO,Unknown,Santa Maria Bar,Wading,M,Unknown,Unknown,Y,Unknown,Unknown
2015.12.19,2015,ARUBA,Unknown,Boat capsized,Sea disaster,M,58,Unknown,Y,Unknown,Unknown
2015.10.17.c,2015,MOZAMBIQUE,Inhambane Province,"Nahaduga, Inhambane Bay",Fishing for shrimp,F,35,Unknown,Y,Unknown,Unknown
2013.07.14,2013,DIEGO GARCIA,Unknown,Unknown,Swimming,M,33,Unknown,Y,Unknown,Unknown
2013.05.23.b,2013,BRAZIL,Pernambuco,Coral Cove Beach,Unknown,M,41,Unknown,Y,Unknown,Unknown
2013.04.13.a,2013,GUAM,Unknown,Unknown,Unknown,M,40,Unknown,Y,Unknown,Unknown
2011.09.17,2011,KENYA,Coast Province,"Mama Ngina Beach, Mombasa ",Swimming,M,17,Unknown,Y,Unknown,Unknown
2009.07.24.R,2009,KENYA,Mombasa,Likoni Channel,Washing his feet,M,Unknown,Unknown,Y,Unknown,Unknown
2008.11.09.a,2008,TAIWAN,Unknown,50 miles off Kaohsiung,Fishing boat swamped in storm,M,45,Unknown,Y,Unknown,Unknown
2006.08.20.b,2006,ITALY,Unknown,Lampedusa Island,Sea Disaster,M,Unknown,Unknown,Y,Unknown,Unknown
2004.09.08,2004,BRAZIL,Pernambuco,"Pina, Recife",Swimming,Unknown,Unknown,Unknown,Y,Unknown,Unknown
2004.02.14,2004,EGYPT,Unknown,"Coral Bay, Sharm-el-Sheikh",Snorkeling,M,Unknown,Unknown,Y,Unknown,Unknown
2003.06.24.c,2003,BRAZIL,Pernambuco,"Piedade, Recife",Unknown,M,Unknown,Unknown,Y,Unknown,Unknown
2002.12.01,2002,BRAZIL,Pernambuco,"Boa Viagem Beach, Recife",Surfing,M,19,Unknown,Y,Unknown,Unknown
2002.06.13.R1,2002,PAPUA NEW GUINEA,Louisiade Archipelago,"Gawa Reefs, Sudest Island",Attempting to retreive a dinghy,Unknown,Unknown,Unknown,Y,Unknown,Unknown
2002.02.23,2002,TURKS & CAICOS,Unknown,Unknown,Capsized fishing boat,M,Unknown,Unknown,Y,Unknown,Unknown
2002.01.03,2002,BRAZIL,Pernambuco,Candeias,Swimming,Unknown,Unknown,Unknown,Y,Unknown,Unknown
2001.05.00,2001,FIJI,Taveuni,Unknown,"Spearfishing, carrying his catch",M,Unknown,Unknown,Y,Unknown,Unknown
2001.03.03,2001,BRAZIL,Pernambuco,"Boa Viagem Beach, Recife",Swimming,M,20,Unknown,Y,Unknown,Unknown
2000.12.00,2000,NEW ZEALAND,Cook Islands,"Arorangi, Rarotonga",Surfing,F,Unknown,Unknown,Y,Unknown,Unknown
2000.06.30,2000,PAPUA NEW GUINEA,Madang Province,"Long Island near Madang, about 500 km (310 miles) north of the South Pacific nation's capital of Port Moresby",Unknown,M,Unknown,Unknown,Y,Unknown,Unknown
2000.05.07.a,2000,PAPUA NEW GUINEA,Madang Province,"Long Island near Madang, about 500 km (310 miles) north of the South Pacific nation's capital of Port Moresby",Diving,M,Unknown,Unknown,Y,Unknown,Unknown
2000.01.28.R,2000,REUNION,Unknown,Saint Pierre,Canoe with 3 men onboard sank,M,Unknown,Unknown,Y,Unknown,Unknown
2000.01.05,2000,THAILAND,Phang nga Province,Phang nga Island,Diving,M,35,Unknown,Y,Unknown,Unknown
1998.04.01,1998,BRAZIL,Pernambuco,"Boa Viagem, Recife",Swimming ,M,Unknown,Unknown,Y,Unknown,Unknown
1998.00.00.c,1998,SOUTH AFRICA,Eastern Cape Province,Hole-in-the Wall,Surfing,M,28,Unknown,Y,Unknown,Unknown
1998.00.00.b,1998,REUNION,Beaufonds,Unknown,Diving,Unknown,Unknown,Unknown,Y,Unknown,Unknown
2009.12.18.a,2009,SOUTH AFRICA,Eastern Cape Province,"Second Beach, Port St. Johns",Paddling on kneeboard,M,22,Unknown,Y,14,Unknown
1997.09.16,1997,BRAZIL,Pernambuco,"Boa Viagem, Recife",Swimming,M,20,Unknown,Y,Unknown,Unknown
2017.05.06,2017,MEXICO,Baja California Sur,"Los Arbolitos, Cabo Pulmo",Snorkeling,M,33,Unknown,Y,17,Unknown
2017.04.29.a,2017,REUNION,Saint-Leu,Pointe au Sal,Body boarding,M,28,Unknown,Y,11,Unknown
2017.02.21,2017,REUNION,Saint-Andre,Unknown,Body boarding,M,26,Unknown,Y,9,Unknown
1996.10.09,1996,OKINAWA,Miyako Island,Boragawa Beach,Swimming or snorkeling,M,Unknown,Unknown,Y,Unknown,Unknown
1945.09.23,1945,HONG KONG,Unknown,Tweed Beach,Bathing,M,Unknown,Unknown,Y,18,Unknown
2016.09.06,2016,NEW CALEDONIA,North Province,Koumac,Kite surfing,M,50,Unknown,Y,15,Unknown
1996.04.07,1996,BRAZIL,Pernambuco,"Boa Viagem, Recife",Swimming,M,Unknown,Unknown,Y,Unknown,Unknown
1996.02.10.c,1996,PAPUA NEW GUINEA,Madang Province,Madang,Unknown,M,Unknown,Unknown,Y,Unknown,Unknown
1995.09.16,1995,REUNION,Saint-Denis,Unknown,Body-boarding,M,Unknown,Unknown,Y,Unknown,Unknown
2015.04.29,2015,USA,Hawaii,Kanahena Cove ,Snorkeling,F,65,Unknown,Y,9,Unknown
1989.07.19,1989,REUNION,Sainte-Suzanne,Temple Tamoule,Surfing,M,Unknown,Unknown,Y,17,Unknown
1994.12.01,1994,BRAZIL,Pernambuco,Paiva,Surfing,M,Unknown,Unknown,Y,Unknown,Unknown
1830.04.30,1830,INDIA,Tamil Nadu,St. Thomï,Bathing,M,Unknown,Unknown,Y,17,Unknown
1994.09.11.R,1994,USA,Florida,Florida Straits,Adrift on refugee raft,M,31,Unknown,Y,Unknown,Unknown
1994.07.09.d,1994,BRAZIL,Pernambuco,"Boa Viagem, Recife",Swimming,M,Unknown,Unknown,Y,Unknown,Unknown
1827.01.11.R,1827,JAMAICA,Unknown,Unknown,Jumped overboard,M,Unknown,Unknown,Y,19,Unknown
1993.11.00,1993,SOMALIA,Banaadir Region,Mogadishu,Stamding,M,Unknown,Unknown,Y,Unknown,Unknown
2014.02.08,2014,AUSTRALIA,South Australia,"Goldsmith Beach, Yorke Peninsula",Spearfishing / Free diving,M,28,Unknown,Y,12,Unknown
2013.12.02,2013,USA,Hawaii,"Between  Makena & Molokini, Maui",Kayaking / Fishing,M,57,Unknown,Y,9,Unknown
1993.09.30,1993,SOMALIA,Banaadir Region,Mogadishu,Swimming,M,21,Unknown,Y,Unknown,Unknown
1993.08.00.b,1993,NEW CALEDONIA,South Province,Ile Moro,Fishing for lobsters,M,Unknown,Unknown,Y,Unknown,Unknown
1993.06.30,1993,BRAZIL,Pernambuco,"Boa Viagem, Recife",Swimming,M,Unknown,Unknown,Y,Unknown,Unknown
1993.06.01,1993,HONG KONG,New Territories,Sheung Sz Wan,Swimming,M,42,Unknown,Y,Unknown,Unknown
1993.05.00.a,1993,SOMALIA,Banaadir Region,"Arroyo Beach, Mogadishu",Swimming,F,Unknown,Unknown,Y,Unknown,Unknown
2013.07.22,2013,BRAZIL,Pernambuco,"Boa Viagem Beach, Recife",Swimming,F,18,Unknown,Y,13,Unknown
2013.07.15,2013,REUNION,Saint-Paul,Le cimetiï¿½ï¿½ï¿½,Swimming & snorkeling,F,15,Unknown,Y,14,Unknown
1993.00.00.c,1993,SOMALIA,Banaadir Region,Mogadishu,Unknown,Unknown,Unknown,Unknown,Y,Unknown,Unknown
1943.05.14,1943,AUSTRALIA,Queensland,Off Brisbane,Hospital Ship Centaur torpedoed & sunk by the Japanese submarine I-177,M,Unknown,Unknown,Y,4,Unknown
1992.09.10,1992,BRAZIL,Pernambuco,"Boa Viagem, Recife",Swimming,M,Unknown,Unknown,Y,Unknown,Unknown
2012.07.23,2012,REUNION,Trois-Bassins,Unknown,Surfing,M,22,Unknown,Y,16,Unknown
1992.06.28.b,1992,BRAZIL,Pernambuco,Piedade,Swimming,M,Unknown,Unknown,Y,Unknown,Unknown
2016.03.10,2016,Fiji,Vanua Levu,Unknown,Diving for beche-de-mer,M,45,Unknown,Y,15,Unknown
1992.00.00,1992,FIJI,Tavenui,Unknown,Unknown,M,33,Unknown,Y,Unknown,Unknown
2011.10.09,2011,AUSTRALIA,Western Australia,Cottesloe Beach,Swimming,M,64,Unknown,Y,8,Unknown
2011.09.19,2011,REUNION,Saint-Gilles,Boucan-Canot,Body boarding,M,38,Unknown,Y,15,Unknown
1991.06.29,1991,HONG KONG,Unknown,"Basalt Island, 9km from Silverstrand",Unknown,M,22,Unknown,Y,Unknown,Unknown
2011.08.01,2011,SEYCHELLES,Praslin,Anse Lazio ,Diving,M,36,Unknown,Y,15,Unknown
2011.06.19.a,2011,COSTA RICA,Guanacaste,Playa Grande,Surfing,M,15,Unknown,Y,12,Unknown
2011.06.15,2011,REUNION,Saint-Gilles-les-Bains,Boucan-Canot,Boogie Boarding,M,31,Unknown,Y,17,Unknown
2012.08.26,2012,BRAZIL,Pernambuco,"Coral Cove, Cabo de Santo Agostinho",Swimming,M,18,Unknown,Y,15,Unknown
2011.01.15,2011,SOUTH AFRICA,Eastern Cape Province,"Second Beach, Port St. John's",Surfing,M,16,Unknown,Y,12,Unknown
2010.02.15,2010,FIJI,Off Vanua Levu,Nara Reef,Scuba diving,M,19,Unknown,Y,9,Unknown
2010.02.03,2010,USA,Florida,"Stuart, Martin County",Kite Boarding,M,38,Unknown,Y,15,Unknown
2009.09.07,2009,BRAZIL,Pernambuco,"Piedade, Recife","Swimming, attempting to rescue a girl  believed to be drowning",M,15,Unknown,Y,15,Unknown
2009.03.21,2009,SOUTH AFRICA,Eastern Cape Province,"Second Beach, Port St. John's",Surfing,M,16,Unknown,Y,15,Unknown
1988.05.27,1988,SOUTH KOREA,Unknown,Unknown,Shell diving,F,38,Unknown,Y,Unknown,Unknown
2009.03.06,2009,NEW CALEDONIA,South Province,Bourail,Surfing,M,19,Unknown,Y,11,Unknown
1987.02.19,1987,SOLOMON ISLANDS,Between Honiara & Isabel Island,Unknown,The inter-island ferry Vula sank in heavy weather,Unknown,Unknown,Unknown,Y,Unknown,Unknown
2004.05.01,2004,BRAZIL,Pernambuco,Piedade ,Swimming,M,22,Unknown,Y,15,Unknown
1986.05.15,1986,SOUTH KOREA,Unknown,Unknown,Shell diving,M,Unknown,Unknown,Y,Unknown,Unknown
1985.00.00.f,1985,VANUATU,Malampa Province,"Port Sandwich Bay, Lamap, Malakula",Unknown,M,Unknown,Unknown,Y,Unknown,Unknown
1995.03.05,1995,BRAZIL,Maranhï¿,"Praia do Olho D'ï¿½ï¿½ï¿½ï¿½ï¿",Swimming,Unknown,Unknown,Unknown,Y,15,Unknown
2006.09.03.b,2006,BRAZIL,Unknown,Unknown,Unknown,M,20,Unknown,Y,13,Unknown
2006.08.20.a,2006,REUNION,Saint-Pierre,Pointe du Diable,Surfing,M,34,Unknown,Y,11,Unknown
1984.08.07,1984,INDONESIA,Unknown,Bali,"Sea disaster, foundering of the cargo vessle M/V Dorolonda",M,Unknown,Unknown,Y,Unknown,Unknown
1984.06.03,1984,VANUATU,Malampa Province,"Atchin Island, off Malakula",Swimming,M,20,Unknown,Y,Unknown,Unknown
2005.09.11,2005,USA,South Carolina,Folly Beach,Surfing,M,18,Unknown,Y,14,Unknown
1983.01.15,1983,SOUTH AFRICA,KwaZulu-Natal,Amanzimtoti,Unknown,M,Unknown,Unknown,Y,Unknown,Unknown
1982.08.29.c,1982,JAPAN,Kumamoto Prefecture,Ariake Bay,Unknown,M,Unknown,Unknown,Y,Unknown,Unknown
1980.11.11.,1980,BRAZIL,Pernambuco,Piedade,Swimming,M,16,Unknown,Y,Unknown,Unknown
1980.08.22.R,1980,MEXICO,Unknown,Unknown,Diving in tuna net,M,22,Unknown,Y,Unknown,Unknown
1980.03.15,1980,PHILIPPINES,Unknown,250 miles southwest of Manila,Sinking of the ferryboat Bongbong 1,F,Unknown,Unknown,Y,Unknown,Unknown
1979.08.26,1979,HONG KONG,Ho Ha Wan Marine Park,Unknown,Unknown,M,16,Unknown,Y,Unknown,Unknown
1979.08.03,1979,THAILAND,Southern Thailand,Unknown,Murdered by Thai pirates,M,Unknown,Unknown,Y,Unknown,Unknown
1978.00.00.a,1978,VANUATU,Malampa Province,"Ranon, Ambryn",Swimming,F,Unknown,Unknown,Y,Unknown,Unknown
1977.03.13.b,1977,AUSTRALIA,Queensland,Near Moreton Island in Moreton Bay,"Their 9 m launch was run down by a 25,000-ton Japanese freighter  on the night of 3-11-1977 & they drifted, clinging to an icebox for 2 days",M,74,Unknown,Y,Unknown,Unknown
1977.03.13.a,1977,AUSTRALIA,Queensland,Near Moreton Island in Moreton Bay,"Their 9 m launch was run down by a 25,000-ton Japanese freighter  on the night of 3-11-1977 & they drifted, clinging to an icebox for 2 days",M,45,Unknown,Y,Unknown,Unknown
1976.09.12.b,1976,USA,Florida,"Jacksonville, Duval County",Swimming,M,16,Unknown,Y,Unknown,Unknown
1976.09.12.a,1976,USA,Florida,"Jacksonville, Duval County",Swimming,M,Unknown,Unknown,Y,Unknown,Unknown
1917.07.18,1917,USA,Florida,Florida Keys ,Diving,M,Unknown,Unknown,Y,15,Unknown
1975.00.00.a,1975,REUNION,Unknown,Unknown,Unknown,M,Unknown,Unknown,Y,Unknown,Unknown
1914.06.10,1914,AUSTRALIA,Victoria,Sandringham,Bathing,M,43,Unknown,Y,15,Unknown
1974.08.16.c,1974,HONG KONG,Mirs Bay ,Unknown,Freedom swimming,M,Unknown,Unknown,Y,Unknown,Unknown
1902.11.10,1902,AUSTRALIA,New South Wales,"Middle Harbour, Sydney ",Swimming,M,17,Unknown,Y,15,Unknown
1974.04.25.R,1974,BRAZIL,Unknown,Unknown,Fishing boat swamped in a storm,M,Unknown,Unknown,Y,Unknown,Unknown
1974.01.07.b,1974,MOZAMBIQUE,Gaza,Xai Xai,Swimming,M,Unknown,Unknown,Y,Unknown,Unknown
1974.01.07.a,1974,MOZAMBIQUE,Gaza,Xai Xai,Swimming,M,32,Unknown,Y,Unknown,Unknown
1974.00.00.a,1974,CROATIA,Primorje-Gorski Kotar County ,Preluka Harbour,Unknown,Unknown,Unknown,Unknown,Y,Unknown,Unknown
1973.12.19.R,1973,PHILIPPINES,Luzon,Unknown,Swimming,M,19,Unknown,Y,Unknown,Unknown
1896.01.11,1896,AUSTRALIA,New South Wales,"Johnstone's Bay, Sydney",Bathing,M,11,Unknown,Y,15,Unknown
1973.09.10.R,1973,HONG KONG,Mirs Bay ,Unknown,Freedom Swimming,M,20,Unknown,Y,Unknown,Unknown
1878.08.08,1878,USA,New York,Brooklyn,Swimming,M,14,Unknown,Y,15,Unknown
1849.12.01,1849,AUSTRALIA,New South Wales,"Woolloomooloo, Sydney Harbor (Estuary)",Bathing,M,Unknown,Unknown,Y,15,Unknown
1972.12.01,1972,REUNION,Saint-Philippe,Basse Vallï¿,Spearfishing,Unknown,Unknown,Unknown,Y,Unknown,Unknown
1972.06.26.b,1972,AUSTRALIA,Queensland,Pancake Creek,Unknown,M,Unknown,Unknown,Y,Unknown,Unknown
1972.06.26.a,1972,AUSTRALIA,Queensland,Pancake Creek,Unknown,M,Unknown,Unknown,Y,Unknown,Unknown
1971.12.05,1971,AUSTRALIA,Queensland,Gladstone,Unknown,M,20,Unknown,Y,Unknown,Unknown
1888.08.14,1888,CANADA,Nova Scotia,Off Sable Island,The steamships Thingvalla and Geiser collided,M,Unknown,Unknown,Y,7,Unknown
1996.05.10,1996,SOUTH KOREA,Unknown,Unknown,Shell Diving,M,33,Unknown,Y,11,Unknown
1981.08.10.a,1981,USA,Florida,"Ormond Beach / Daytona Beach, Volusia County","16' catamaran capsized previous night, occupants stayed with wreckage until morning, then attempted to swim ashore",F,19,Unknown,Y,7,Unknown
1970.01.16,1970,EGYPT,Red Sea,A few miles south of Port Suez,Air disaster,M,Unknown,Unknown,Y,Unknown,Unknown
1993.06.11.b,1993,HONG KONG,New Territories,Silverstrand,Swimming,M,61,Unknown,Y,7,Unknown
1993.06.11.a,1993,MEXICO,Quintana Roo,"Santa Rosa Shallows, Cozumel",Scuba diving,F,42,Unknown,Y,19,Unknown
1968.00.00.c,1968,COSTA RICA,Limï¿½ï¿½ï¿½ï¿,Parismina,Swimming after his canoe capsized,M,Unknown,Unknown,Y,Unknown,Unknown
1988.04.28,1988,REUNION,Saint-Louis,Embouchure de l'ï¿½ï¿½ï¿½ï¿½,pï¿½ï¿½ï¿½ï¿½ï¿½ï¿½ï,M,Unknown,Unknown,Y,17,Unknown
1967.10.26.R,1967,MEXICO,Veracruz,Veracruz,Swimming,Unknown,Unknown,Unknown,Y,Unknown,Unknown
1967.09.06,1967,PAPUA NEW GUINEA,New Ireland Province,Lambom Island,Spearfishing,M,Unknown,Unknown,Y,Unknown,Unknown
1941.00.00.f,1941,IRAN,Khuzestan Province,"Ahvaz, on the Karun River",Standing,M,Unknown,Unknown,Y,7,Unknown
1911.09.23,1911,USA,Texas,Galveston Ship Channel,Jumped overboard to rescue companion,M,Unknown,Unknown,Y,7,Unknown
1983.06.22,1983,BAHAMAS,Abaco Islands,"Off Sandy Point, Great Abaco Island",Spearfishing,M,15,Unknown,Y,16,Unknown
1966.07.14,1966,PAPUA NEW GUINEA,"Admiralty Islands, Manus Province",Manus Island,Swimming,F,25,Unknown,Y,Unknown,Unknown
1966.03.12,1966,SUDAN,Red Sea,Unknown,"The World Liberty and the tanker Mosli collided. The  Halcyon Breeze sent a lifeboat to the rescue, but it was smashed, throwing 6 men in the  water.",M,Unknown,Unknown,Y,Unknown,Unknown
1928.04.09,1928,JAMAICA,Unknown,"Coal wharf, Port Royal",Diving,M,Unknown,Unknown,Y,18,Unknown
1916.11.09,1916,AUSTRALIA,Queensland,"Kissing Point Camp, Townsville",Bathing,M,27,Unknown,Y,18,Unknown
1864.07.25,1864,SPAIN,Eastern Catalona,Badalona,Bathing,M,Unknown,Unknown,Y,18,Unknown
1863.01.10,1863,AUSTRALIA,New South Wales,"""Bellynahinch"" on the Manning River",Bathing,M,17,Unknown,Y,18,Unknown
1830.07.02.R,1830,INDIA,Tamil Nadu,Madras,Washing a dog,M,Unknown,Unknown,Y,18,Unknown
1817.06.15,1817,INDIA,Maharashtra,Bombay (now Mumbai),Swimming,M,Unknown,Unknown,Y,18,Unknown
1817.05.11,1817,SRI LANKA,Western Province,Colombo,Swimming,M,22,Unknown,Y,18,Unknown
1973.12.21.b,1973,MOZAMBIQUE,Gaza,Xai Xai,Swimming ,M,20,Unknown,Y,12,Unknown
1964.12.06,1964,KENYA,Coast Province,"Kilindini Harbor, Mombasa",Fishing with hand line tied to wrist & was pulled into the water,M,10,Unknown,Y,Unknown,Unknown
1972.04.01.a,1972,MOZAMBIQUE,Gaza,Xai Xai,Swimming,M,19,Unknown,Y,17,Unknown
1964.07.10,1964,SOUTH AFRICA,KwaZulu-Natal,Island Rock,Spearfishing ,M,52,Unknown,Y,Unknown,Unknown
1964.04.07,1964,PAPUA NEW GUINEA,Madang Province,Inshore side of reef near Madang,Fishing,M,Unknown,Unknown,Y,Unknown,Unknown
1964.01.27,1964,FIJI,Unknown,70 miles from Suva,Spearfishing,Unknown,Unknown,Unknown,Y,Unknown,Unknown
1973.12.00,1973,MEXICO,Guerrero,Acapulco Bay,Swimming alongside yacht Mexico Fiesta,M,20,Unknown,Y,15,Unknown
1968.01.17,1968,PAPUA NEW GUINEA,Morobe Province,Finschafen,Swimming,Unknown,13,Unknown,Y,17,Unknown
1967.08.26,1967,JAPAN,Kagawa Prefecture,Sakaide,Unknown,M,19,Unknown,Y,14,Unknown
1967.07.05,1967,TURKEY,Mugla Province,Kucukada Island,Spearfishing,M,36,Unknown,Y,13,Unknown
1967.02.06,1967,MEXICO,Veracruz,Cabo Rojo,The shrimper Loless Maurine capsized in heavy seas & the men were swimming ashore  ,M,Unknown,Unknown,Y,14,Unknown
1998.01.25.b,1998,REUNION,Grand'Anse,Unknown,Bathing,M,Unknown,Unknown,Y,15,Unknown
1964.11.18,1964,AUSTRALIA,Queensland,"Fingal Beach, near Tweed Heads",Swimming out to rescue swimmers in difficulty,M,29,Unknown,Y,13,Unknown
1963.00.00.a,1963,SEYCHELLES,Unknown,Unknown,Fishing for turtles,M,Unknown,Unknown,Y,Unknown,Unknown
1964.09.20,1964,TAIWAN,Northern Taiwan,"Tamsui Beach, Taipai",Swimming,M,32,Unknown,Y,14,Unknown
1923.05.22,1923,AUSTRALIA,Queensland,Great Barrier Reef,Diving?,M,Unknown,Unknown,Y,15,Unknown
1962.00.00.b,1962,INDONESIA,East Flores,Waewerang,Unknown,Unknown,Unknown,Unknown,Y,Unknown,Unknown
1959.12.19.b,1959,AUSTRALIA,Queensland,"Off Wynnum in Moreton Bay, near Brisbane",Dived from dinghy to retrieve oar in heavy seas,M,29,Unknown,Y,6,Unknown
2010.11.15,2010,DOMINICAN REPUBLIC,Unknown,Boca Chica,Diving,M,21,Unknown,Y,9,Unknown
1957.10.24,1957,SOLOMON ISLANDS,Honiara,Honiara,Unknown,M,22,Unknown,Y,17,Unknown
1957.10.23,1957,SOLOMON ISLANDS,Honiara,Honiara,Unknown,F,28,Unknown,Y,17,Unknown
1961.02.16,1961,JAMAICA,Unknown,Unknown,Unknown,M,Unknown,Unknown,Y,Unknown,Unknown
1955.03.09,1955,AUSTRALIA,New South Wales,Wamberal,Body surfing,M,22,Unknown,Y,18,Unknown
1955.00.00.e,1955,MADAGASCAR,18S / 50E,Unknown,Standing in knee-deep water,M,16,Unknown,Y,15,Unknown
1954.12.11,1954,AUSTRALIA,Victoria,Point Lonsdale,Swimming,M,23,Unknown,Y,11,Unknown
1954.07.15,1954,THE BALKANS,Slovenia,Between Punta Grossa & Koper,Swimming,M,Unknown,Unknown,Y,21,Unknown
1960.08.00,1960,USA,South Carolina,Parris Island,Swimming from camp,M,Unknown,Unknown,Y,Unknown,Unknown
1950.03.08,1950,SOUTH AFRICA,KwaZulu-Natal,"North Beach, Durban",Lifesaving drill,M,20,Unknown,Y,18,Unknown
1960.05.01,1960,PAPUA NEW GUINEA,Madang,Taludig,Unknown,Unknown,Unknown,Unknown,Y,Unknown,Unknown
1946.04.19,1946,AUSTRALIA,Queensland,"Trinity Beach, Cairns",Swimming,M,17,Unknown,Y,13,Unknown
1960.00.00.b,1960,MOZAMBIQUE,Gaza,Xai Xai,Swimming,F,5,Unknown,Y,Unknown,Unknown
1945.06.15,1945,AUSTRALIA,Queensland,"Trinity Beach, Cairns",Swimming,M,Unknown,Unknown,Y,16,Unknown
1959.12.00,1959,MALDIVE ISLANDS,400 miles southeast of Sri Lanka,Unknown,17 Maldivians adrift in open boat for 31 days,F,3,Unknown,Y,Unknown,Unknown
1973.03.05,1973,MOZAMBIQUE,Gaza,"Chongeone, Xai Xai",Spearfishing,M,28,Unknown,Y,9,Unknown
1959.06.14.b,1959,MEXICO,Guyamas,San Pedro Nolasco Island,Swimming ashore from capsized boat,M,Unknown,Unknown,Y,Unknown,Unknown
1935.07.01,1935,CROATIA,Adriatic Sea,"Susak / Fiume (Rijeka, Istria)",Swimming,F,22,Unknown,Y,15,Unknown
1958.12.23,1958,SOUTH AFRICA,Western Cape Province,"Melkbaai, False Bay",Swimming,M,14,Unknown,Y,Unknown,Unknown
1934.12.23.b,1934,AUSTRALIA,New South Wales,Woy Woy  on the Brisbane Waters,Taken as he dived into the water,M,14,Unknown,Y,13,Unknown
1934.04.01.c,1934,SOUTH AFRICA,KwaZulu-Natal,"Grannyï¿½ï¿½ï¿½ï¿½ï¿½ï¿½ï¿½",Swimming,M,Unknown,Unknown,Y,15,Unknown
1958.07.31.R,1958,MEXICO,Guerrero,"Caleta Beach, Acapulco",Swimming,F,Unknown,Unknown,Y,Unknown,Unknown
1931.09.27,1931,JAMAICA,Unknown,"East Beach, Kingsston",Diving off wharf,M,15,Unknown,Y,12,Unknown
1958.00.00.f,1958,PAPUA NEW GUINEA,Louisiade Archipelago,"Brooker Island , Calvados Chain",Unknown,Unknown,Unknown,Unknown,Y,Unknown,Unknown
1912.01.01,1912,AUSTRALIA,Queensland,Ross Creek,Bathing,M,Unknown,Unknown,Y,9,Unknown
1907.02.03,1907,AUSTRALIA,Queensland,Ross Creek,Bathing,M,18,Unknown,Y,9,Unknown
1897.07.21,1897,SOUTH AFRICA,KwaZulu-Natal,"Back Beach, Durban",Wading after stray fish from seine netterï¿½ï¿½ï¿,M,Unknown,Unknown,Y,9,Unknown
1924.01.29,1924,SOUTH AFRICA,KwaZulu-Natal,"South Beach, Durban",Swimming,M,22,Unknown,Y,15,Unknown
1957.01.05,1957,SOUTH AFRICA,KwaZulu-Natal,Umgeni River Mouth,Wading,M,12,Unknown,Y,Unknown,Unknown
1957.00.00.a,1957,PAPUA NEW GUINEA,"New Britain, Bismarck Archipelago",Duke of York Island,Dynamiting fish,M,Unknown,Unknown,Y,Unknown,Unknown
1956.12.15.R,1956,GABON,Estuaire Province,Owendo,Swimming,M,Unknown,Unknown,Y,Unknown,Unknown
1956.10.00,1956,PAPUA NEW GUINEA,Unknown,Port Moresby,Fishing,M,Unknown,Unknown,Y,Unknown,Unknown
1956.08.15.R,1956,USA,Puerto Rico,North coast,Skin diving,M,13,Unknown,Y,Unknown,Unknown
1922.01.15,1922,AUSTRALIA,Queensland,"Ross River, Townsville",Swimming ,M,54,Unknown,Y,17,Unknown
1956.05.07,1956,CUBA,Unknown,Unknown,"Free diving, working on U/W scenes for motion picture",M,30,Unknown,Y,Unknown,Unknown
1955.08.30.b,1955,JAPAN,Izo Islands,"Mikura-jima Island, 150 miles south of Tokyo",Fishing,M,Unknown,Unknown,Y,Unknown,Unknown
2008.05.14,2008,FIJI,Yasawa Islands,Turtle Island,Night diving,M,28,Unknown,Y,21,Unknown
1916.11.10,1916,AUSTRALIA,Queensland,Townsville,Swimming,M,Unknown,Unknown,Y,6,Unknown
2003.12.13.a,2003,NEW ZEALAND,Cook Islands,Pukapuka Northern Group,Swimming / shipwreck,M,45,Unknown,Y,21,Unknown
1954.12.29,1954,AMERICAN SAMOA,Tutuila Island,Near tuna cannery in Pago Pago Harbor,Dived overboard & was swimming near stern of trawler,M,27,Unknown,Y,Unknown,Unknown
1954.07.02.R,1954,GREECE,Unknown,Kalamata,Swimming,M,Unknown,Unknown,Y,Unknown,Unknown
1954.00.00.c,1954,MEXICO,Baja California,Unknown,Free diving,M,Unknown,Unknown,Y,Unknown,Unknown
1953.09.27,1953,PHILIPPINES,Luzon Island,Bohol,Unknown,M,23,Unknown,Y,Unknown,Unknown
1906.01.28,1906,AUSTRALIA,New South Wales,Georges River,Bathing,M,32,Unknown,Y,14,Unknown
1953.07.31,1953,MEXICO,Colima,Manzanillo,Wading,F,18,Unknown,Y,Unknown,Unknown
1966.05.20.c,1966,AUSTRALIA,New South Wales,Jervis Bay,Sinking of the dredge World Atlas,M,40,Unknown,Y,21,Unknown
1902.12.22.R,1902,NICARAGUA,Rio San Juan,Greytown,Swimming,M,30,Unknown,Y,18,Unknown
1963.03.30,1963,SOLOMON ISLANDS,Bougainville (North Solomons),Unknown,The 500-ton coastal trader Polurrian foundered ,M,Unknown,Unknown,Y,21,Unknown
1952.00.00.e,1952,LIBERIA,Montserrado,"West Breakwater, Monrovia / Freeport","Diving, recovering fish killed by dynamite",M,Unknown,Unknown,Y,Unknown,Unknown
1898.01.24,1898,SRI LANKA,Unknown,Colombo Harbor,Swimming,M,Unknown,Unknown,Y,1,Unknown
1951.09.29,1951,ITALY,Salerno,Amalfi,Swimming,F,21,Unknown,Y,Unknown,Unknown
1896.07.25,1896,USA,Hawaii,"Kahului, Maui",Fishing,M,35,Unknown,Y,10,Unknown
1951.08.00,1951,COLUMBIA,Caribbean Sea,Cartegena,Bathing,Unknown,Unknown,Unknown,Y,Unknown,Unknown
1895.08.11,1895,USA,Rhode Island,Noyes Beach,Swimming,M,26,Unknown,Y,5,Unknown
1937.06.15,1937,USA,Texas,Galveston,Swimming,M,14,Unknown,Y,21,Unknown
1893.05.17,1893,CUBA,Havana Province,Havana Harbor,His balloon crashed in the harbor,M,Unknown,Unknown,Y,16,Unknown
1951.00.00,1951,NEW GUINEA,Madang Province,Manam Island,Unknown,Unknown,Unknown,Unknown,Y,Unknown,Unknown
1888.12.09,1888,AUSTRALIA,New South Wales,"Iron Cove Bridge, Sydney (Estuary)",Swimming,M,11,Unknown,Y,13,Unknown
1887.01.20,1887,BRAZIL,Alagoas,Maceiï,The passenger ship Kapuna was run down the ore carrier Ada Melmore,M,Unknown,Unknown,Y,3,Unknown
1886.05.06,1886,NEW CALEDONIA,South Province,Noumea,Bathing,M,Unknown,Unknown,Y,12,Unknown
1883.12.19,1883,AUSTRALIA,New South Wales,Parramatta River,Swimming,M,21,Unknown,Y,12,Unknown
1883.01.21,1883,AUSTRALIA,New South Wales,"Iron Cove, Sydney",Bathing,M,37,Unknown,Y,5,Unknown
1950.04.09.b,1950,AUSTRALIA,Queensland,Cooper's Point,"Sea Disaster, sinking of the fishing  launch Mavis",M,50,Unknown,Y,Unknown,Unknown
1917.11.00,1917,MOZAMBIQUE,Maputo Province,Off Inhaca Island,Wreck of the tug Magellan,M,Unknown,Unknown,Y,21,Unknown
1891.03.10,1891,PARAGUAY,Unknown,Unknown,Fleeing across a river,Unknown,Unknown,Unknown,Y,21,Unknown
1950.00.00.j,1950,LIBERIA,Montserrado,Monrovia,Defecating in water beneath the docks,M,Unknown,Unknown,Y,Unknown,Unknown
1950.00.00.e,1950,GREECE,Unknown,"Piraeus, Athens",Swimming,Unknown,Unknown,Unknown,Y,Unknown,Unknown
1950.00.00.d,1950,SINGAPORE,Singapore Harbor,Unknown,Diving for coins,M,Unknown,Unknown,Y,Unknown,Unknown
1891.01.08.R,1891,JAMAICA,Kingston Parish,Port Royal Harbour,boat capsized,M,Unknown,Unknown,Y,21,Unknown
1988.11.07,1988,AUSTRALIA,Queensland,"Off North Keppel Island, off Yeppoon","The Christie V sank on 11/6/1988, survivors were adrift on a dinghy",M,62,Unknown,Y,21,Unknown
1949.00.00.f,1949,NEW GUINEA,Calvados Archipelago,"Sabara Island, Calvados Chain 11.4S, 153E",Unknown,Unknown,Unknown,Unknown,Y,Unknown,Unknown
1861.11.10,1861,SINGAPORE,Unknown,Unknown,Bathing alongside the American ship Thomas W. Sears,M,Unknown,Unknown,Y,10,Unknown
1948.09.17.R,1848,TURKEY,Adana Province,Yumurtalik,Swimming,M,Unknown,Unknown,Y,Unknown,Unknown
1948.07.01,1948,USA,US Virgin Islands,"St. John, Genti Bay",Swimming,M,46,Unknown,Y,Unknown,Unknown
1948.03.13.R,1948,KENYA,Coast Province,Mombasa,Unknown,M,Unknown,Unknown,Y,Unknown,Unknown
1950.07.21,1950,JAPAN,Sago Prefecture,Ariakeno Bay,Swimming,M,19,Unknown,Y,21,Unknown
1858.03.14,1858,AUSTRALIA,Victoria,Hobson Bay,Bathing,M,22,Unknown,Y,15,Unknown
1841.03.27,1841,AUSTRALIA,New South Wales,"Cockatoo Island, Sydney",Bathing,M,Unknown,Unknown,Y,14,Unknown
1947.11.00,1947,AUSTRALIA,Queensland,Moreton Bay,Unknown,Unknown,78,Unknown,Y,Unknown,Unknown
1947.10.10,1947,BRAZIL,Pernambuco,Piedade,Swimming ,M,25,Unknown,Y,Unknown,Unknown
1947.02.00,1947,BRAZIL,Rio de Janeiro,Copacabana,Bathing,Unknown,Unknown,Unknown,Y,Unknown,Unknown
1946.10.26.R,1946,MARSHALL ISLANDS,Kwajalein,Unknown,Fishing,Unknown,Unknown,Unknown,Y,Unknown,Unknown
1945.09.16,1945,JAPAN,Ryukyu,Unknown,American minesweeper USS YMS-350 lost in a typhoon - swimming to shore,M,Unknown,Unknown,Y,Unknown,Unknown
1945.08.06,1945,USA, North Carolina,Ocracoke,Unknown,Unknown,Unknown,Unknown,Y,Unknown,Unknown
1945.00.00.c,1945,CUBA,Havana Province,Cojimar,"Playing on rock, slipped & fell into the water",M,Unknown,Unknown,Y,Unknown,Unknown
1944.11.08,1944,SIERRA LEONE,Western Area,Freetown,Unknown,M,18,Unknown,Y,Unknown,Unknown
1944.09.00,1944,CARIBBEAN SEA,Unknown,Unknown,Fell overboard from US Navy PC boat,M,Unknown,Unknown,Y,Unknown,Unknown
1944.02.18,1944,INDIA,Unknown,"Triplicane Beach, Chennai",Bathing,M,12,Unknown,Y,Unknown,Unknown
1944.00.00.b,1944,ITALY,Adriatic Sea,Unknown,B-24 aircraft crashed  into the sea,M,Unknown,Unknown,Y,Unknown,Unknown
1944.00.00.a,1944,NEW GUINEA,Pacific Ocean,Unknown,Fell overboard from USS Ward,M,Unknown,Unknown,Y,Unknown,Unknown
1943.07.18,1943,USA,Florida,"40 miles off Islamorada, near Cay Sal",Treading water after survivng crash of the US Navy airship K-74 that was hit by the German submarine U-134,M,Unknown,Unknown,Y,Unknown,Unknown
1943.01.26,1943,PACIFIC OCEAN,Northwest of Papua New Guinea,Unknown,The USS Wahoo torpedoes & sank the Japanese troop transport Buyo Maru,M,Unknown,Unknown,Y,Unknown,Unknown
1943.00.00.f,1943,MEXICO,Veracruz,"Villa del Mar Beach, Veracruz",Swimming,Unknown,Unknown,Unknown,Y,Unknown,Unknown
1942.11.21,1942,INDIAN OCEAN,Unknown,Bound from Cape Town for St. Helena,"On 6-Nov-1942, the German submarine U-68 sank the City of Cairo 5 days from Cape Town, survivors took to lifeboats & rafts. On the 15th day, a fireman jumped over the stern & was taken by sharks",M,Unknown,Unknown,Y,Unknown,Unknown
1942.11.13.a,1942,SOLOMON ISLANDS,Unknown,Off Savo Island,Unknown,M,Unknown,Unknown,Y,Unknown,Unknown
1942.06.11.R,1942,BAY OF BENGAL,Unknown,Unknown,A 210-ton brig was sunk by a Japanese submarine. Some of the survivors were machine-gunned & some were taken by sharks,M,Unknown,Unknown,Y,Unknown,Unknown
1942.00.00.i,1942,PHILIPPINES,Camiguin Island,2 kilometres off Sagay,"Sailing from Gingood, Misamis Oriental to Sagay (normally a 2-day voyage) capsized with 6 on board, three men were taken by sharks when they attempted to swim to shore.",M,Unknown,Unknown,Y,Unknown,Unknown
1941.01.00,1941,ATLANTIC OCEAN,Unknown,Unknown,Adrift on raft after their ship was sunk by an Axis raider ,M,Unknown,Unknown,Y,Unknown,Unknown
1941.00.00.e,1941,IRAN,Khuzestan Province,"Ahvaz, on the Karun River",Unknown,M,Unknown,Unknown,Y,Unknown,Unknown
1941.00.00.b,1941,IRAN,Khuzestan Province,"Ahvaz, on the Karun River",Standing,M,Unknown,Unknown,Y,Unknown,Unknown
1940.00.00.e,1940,NEW GUINEA,Bwagaoia,"Bagalina, North coast Misima Island",Unknown,F,Unknown,Unknown,Y,Unknown,Unknown
1940.00.00.b,1940,SOUTH AFRICA,KwaZulu-Natal,Winkelspruit,Unknown,F,Unknown,Unknown,Y,Unknown,Unknown
1939.11.02.R,1939,SAMOA,Unknown,Unknown,Fishing,M,Unknown,Unknown,Y,Unknown,Unknown
1939.04.12.R,1939,PAPUA NEW GUINEA,Morobe Province,Bulolol,Dived for a coin,M,9,Unknown,Y,Unknown,Unknown
1938.00.00.e.R,1938,EGYPT,Unknown,Mersa Matruh,Sponge diving,M,Unknown,Unknown,Y,Unknown,Unknown
1937.11.06.R,1937,SOLOMON ISLANDS,Unknown,Unknown,"Two canoes with 14 aboard blown to sea in a storm. While adrift for 3 week, one person fell overboard and was killed by a shark",M,Unknown,Unknown,Y,Unknown,Unknown
1937.08.02,1937,PANAMA,Colon Province,Limon Bay,Swimming,M,21,Unknown,Y,Unknown,Unknown
1937.07.16.R,1937,AUSTRALIA,Northern Territory,Elcho Island,Pearl diving,M,Unknown,Unknown,Y,Unknown,Unknown
1937.06.28.R,1937,GREECE,Unknown,Salonika?,Unknown,Unknown,Unknown,Unknown,Y,Unknown,Unknown
1936.06.06,1936,USA,Florida,"Boca Ciega Bay, Pinellas County",Swimming,M,Unknown,Unknown,Y,Unknown,Unknown
1935.09.04.R,1935,PAPUA NEW GUINEA,Central Province,Hula,Swimming,M,Unknown,Unknown,Y,Unknown,Unknown
1935.06.05.R,1935,SOLOMON ISLANDS,Makira-Uluwa Province,Makira Island,Fishing,M,Unknown,Unknown,Y,Unknown,Unknown
1934.10.09,1934,AUSTRALIA,Northern Territory,"Redcliff, Cobourg Peninsula",Bathing,F,38,Unknown,Y,Unknown,Unknown
1934.06.20,1934,USA,Florida,"Melbourne, Brevard County",Standing,M,8,Unknown,Y,Unknown,Unknown
1934.02.22,1934,CHILE,Elqui Province,Coquimbo,Fell into the water,M,Unknown,Unknown,Y,Unknown,Unknown
1933.05.03,1933,CUBA,Havana Province,"Off Jaimanitas Yacht Club, Havana",Swimming to shore from capsized sailboat,M,Unknown,Unknown,Y,Unknown,Unknown
1932.10.11,1932,CAPE VERDE,Barlavento Islands,Sï¿½ï¿½ï¿½ï¿,Swimming,M,27,Unknown,Y,Unknown,Unknown
1932.06.20,1932,FIJI,Yasawa Islands,Nabukeru ,Free diving with goggles,F,Unknown,Unknown,Y,Unknown,Unknown
1932.05.12,1932,AUSTRALIA,Torres Strait,Near Warrior Reefs,Pearl diving,M,Unknown,Unknown,Y,Unknown,Unknown
1931.08.01,1931,AUSTRALIA,Queensland,Port Douglas,Fell overboard?,M,Unknown,Unknown,Y,Unknown,Unknown
1930.12.13,1930,AUSTRALIA,New South Wales,"Sailor Bay, Middle Harbour, Sydney",Fell overboard,M,Unknown,Unknown,Y,Unknown,Unknown
1930.12.00,1930,AUSTRALIA,New South Wales,Parramata River,Unknown,M,Unknown,Unknown,Y,Unknown,Unknown
1930.09.26.R,1930,HONDURAS,Black River,Unknown,Swimming,M,Unknown,Unknown,Y,Unknown,Unknown
1930.06.04,1930,AUSTRALIA,Torres Strait,Near Mabuiag Island,Unknown,M,Unknown,Unknown,Y,Unknown,Unknown
1930.00.00.a,1930,SOUTH AFRICA,Eastern Cape Province,"North End Beach, Port Elizabeth",Swimming,M,Unknown,Unknown,Y,Unknown,Unknown
1929.12.03.R,1929,AUSTRALIA,Queensland,Townsville,Unknown,M,50,Unknown,Y,Unknown,Unknown
1929.04.09,1929,AUSTRALIA,Torres Strait,Badu Island,Unknown,M,Unknown,Unknown,Y,Unknown,Unknown
1929.04.04,1929,AUSTRALIA,Torres Strait,Badu Island,Swimming between boats,M,Unknown,Unknown,Y,Unknown,Unknown
1929.03.12,1929,AUSTRALIA,Torres Strait,Near Dauan Island,Bathing,M,Unknown,Unknown,Y,Unknown,Unknown
1929.01.06.R,1929,TURKEY,Unknown,San Stefano,Fishing boat,M,Unknown,Unknown,Y,Unknown,Unknown
1928.11.12,1928,USA,Virginia,"200 miles off Hampton Roads, Virginia, USA","Sea Disaster, sinking of the  SS Vestris",M,Unknown,Unknown,Y,Unknown,Unknown
1928.02.20,1928,AUSTRALIA,Torres Strait,"Near Barrow Point, Queensland",Pearl diving,M,Unknown,Unknown,Y,Unknown,Unknown
1928.01.27,1928,AUSTRALIA,Torres Strait,Deliverance Island,Retrieving meat from a cage in the water,M,78,Unknown,Y,Unknown,Unknown
1927.05.09.R,1927,AUSTRALIA,Queensland,Off Cairns,Walking,M,Unknown,Unknown,Y,Unknown,Unknown
1926.12.02.R,1926,AUSTRALIA,Torres Strait,Palm Island,Diving for trochus,M,Unknown,Unknown,Y,Unknown,Unknown
1926.09.06.R,1926,PAPUA NEW GUINEA,Unknown,Near Port Moresby,Jumped out of canoe,M,Unknown,Unknown,Y,Unknown,Unknown
1926.08.24,1926,USA,New Jersey,"Seaside, Ocean County",Swimming,M,18,Unknown,Y,Unknown,Unknown
1926.00.00.d,1926,MONACO,Bay of Monaco,Unknown,Unknown,M,Unknown,Unknown,Y,Unknown,Unknown
1925.03.10,1925,PAPUA NEW GUINEA,Central Province,Hula,Swimming,M,Unknown,Unknown,Y,Unknown,Unknown
1922.09.29,1922,BARBADOS,Lucy,Pie Corner,Fishing,M,16,Unknown,Y,Unknown,Unknown
1922.09.26.R,1922,ENGLAND,East Yorkshire,Hornsea,Swimming ,M,Unknown,Unknown,Y,Unknown,Unknown
1922.04.26,1922,AUSTRALIA,New South Wales,Hawkesbury River,Swimming,M,Unknown,Unknown,Y,Unknown,Unknown
1922.01.28.R,1922,IRAQ,Unknown,Shatt-al Arab River,Bathing,M,Unknown,Unknown,Y,Unknown,Unknown
1921.11.15.R,1921,FIJI,Viti Levu Island,Rewa River,Swimming,Unknown,Unknown,Unknown,Y,Unknown,Unknown
1920.11.04,1920,PHILIPPINES,Leyte,Unknown,The coastwise steamer San Basilio capsized in a typhoon,Unknown,Unknown,Unknown,Y,Unknown,Unknown
1920.01.24.R.a,1920,AUSTRALIA,Torres Strait,Arlington Reef,Free diving,M,Unknown,Unknown,Y,Unknown,Unknown
1918.11.00.b,1918,USA,Hawaii,Papaikou plantation ,Fishing,M,Unknown,Unknown,Y,Unknown,Unknown
1918.09.19,1918,AUSTRALIA,Queensland,Townsville,Bathing,M,22,Unknown,Y,Unknown,Unknown
1917.09.00,1917,PANAMA,Colon,Unknown,Swimming to shore from the Medic,M,Unknown,Unknown,Y,Unknown,Unknown
1916.04.25.R,1916,AUSTRALIA,New South Wales,Manley Beach,Swimming,M,Unknown,Unknown,Y,Unknown,Unknown
1916.04.03,1916,AUSTRALIA,Victoria,Carrum,Clinging to overturned rowing boat,M,17,Unknown,Y,Unknown,Unknown
1915.01.01,1915,AUSTRALIA,New South Wales,"Sirius Cove, Sydney Harbor",Bathing,M,17,Unknown,Y,Unknown,Unknown
1914.09.09,1914,USA,Louisiana,Lake Pontchartrain,Swimming,M,17,Unknown,Y,Unknown,Unknown
1914.03.03,1914,USA,Hawaii,"Honomu, Hawai'i",Washed into sea while picking opihi & attacked by 2 large sharks ,M,Unknown,Unknown,Y,Unknown,Unknown
1913.11.27,1913,NIGERIA,Lagos ,Lagos,Boat swamped,M,Unknown,Unknown,Y,Unknown,Unknown
1913.07.12,1913,USA,South Carolina,Charleston,Unknown,M,Unknown,Unknown,Y,Unknown,Unknown
1913.00.00.d,1913,REUNION,Saint-Denis,Barachoise bridge,Swimming after his hat,M,Unknown,Unknown,Y,Unknown,Unknown
1913.00.00.c,1913,REUNION,5aint-Denis,Barachois,Swimming,M,Unknown,Unknown,Y,Unknown,Unknown
1912.08.30,1912,USA,Georgia,"Tybee Island, Chatham County",Swimming,M,12,Unknown,Y,Unknown,Unknown
1912.07.06.R,1912,SOLOMON ISLANDS,Central Province,Savo,Bathing,M,Unknown,Unknown,Y,Unknown,Unknown
1912.01.13.R,1912,FIJI,Viti Levu group,Beqa,Washed overboard,M,7,Unknown,Y,Unknown,Unknown
1911.10.26,1911,USA,South Carolina,Off Charleston,Fell overboard from steamship Rio Grande,M,Unknown,Unknown,Y,Unknown,Unknown
1911.09.20,1911,USA,Florida,"Pensacola Bay, Escambia County",Fell overboard & swimming,M,Unknown,Unknown,Y,Unknown,Unknown
1911.07.31.R,1911,SPAIN,Mï¿½ï¿½,Ceuta,Bathing,M,Unknown,Unknown,Y,Unknown,Unknown
1911.05.01,1911,SOUTH AFRICA,Western Cape Province,Victoria Bay,Swimming,M,Unknown,Unknown,Y,Unknown,Unknown
1911.03.29.R,1911,AUSTRALIA,Torres Strait,Thursday Island,Swimming,M,Unknown,Unknown,Y,Unknown,Unknown
1911.00.00.a,1911,NEW ZEALAND,North Island,"Manukau Harbor, 6 miles south of Auckland",Fishing,M,50,Unknown,Y,Unknown,Unknown
1910.12.23.R,1910,AUSTRALIA,Western Australia,Fremantle,Shipwrecked pearling schooner,M,Unknown,Unknown,Y,Unknown,Unknown
1910.03.31,1910,PANAMA,Colï¿½ï¿½ï¿½ï¿,Cristobal,Fell overboard from USS cruiser Tacoma,M,Unknown,Unknown,Y,Unknown,Unknown
1910.01.26,1910,AUSTRALIA,New South Wales,Newcastle Harbor,Unknown,M,Unknown,Unknown,Y,Unknown,Unknown
1909.12.15.R,1909,AUSTRALIA,New South Wales,20 miles off Sydney,Fell overboard,M,Unknown,Unknown,Y,Unknown,Unknown
1909.08.13,1909,USA,Florida,"Pensacola Bay, Escambia County",Fell overboard from fishing schooner Halycon,M,Unknown,Unknown,Y,Unknown,Unknown
1909.06.26.a.R,1909,MEXICO,Guerrero,Zacatula,Bathing,F,Unknown,Unknown,Y,Unknown,Unknown
1909.04.09.R,1909,TUNISIA,Sfax,Unknown,Diving (Helmet) for sponges,M,Unknown,Unknown,Y,Unknown,Unknown
1909.03.06,1909,SOUTH AFRICA,South Atlantic Ocean,Possession Island,Wreck of the 1308-ton Norwegian ship Auckland,F,Unknown,Unknown,Y,Unknown,Unknown
1908.12.31,1908,SOUTH AFRICA,Western Cape Province,Stilbaai,Swimming,M,16,Unknown,Y,Unknown,Unknown
1908.08.28.R,1908,SPAIN,Galicia,Cape Finisterre,Fell overboard from P&O steamship Arabia,M,Unknown,Unknown,Y,Unknown,Unknown
1908.06.18,1908,EGYPT,Gulf of Suez,Off Ras Gharib,The 168-ton Belmore foundered in heavy seas,M,Unknown,Unknown,Y,Unknown,Unknown
1908.06.08,1908,USA,Georgia,Unknown,The British steamer Caribbee foundered,M,Unknown,Unknown,Y,Unknown,Unknown
1908.05.13,1908,INDONESIA,Java,Jakarta Harbor,native boats sunk in storm,F,Unknown,Unknown,Y,Unknown,Unknown
1907.10.18.R,1907,AUSTRALIA,Torres Strait,Near Thursday Island,Bathing,M,Unknown,Unknown,Y,Unknown,Unknown
1907.09.11,1907,CROATIA," Split-Dalmatia Count,","Sucurja, Hvar Island,",Swimming,F,Unknown,Unknown,Y,Unknown,Unknown
1907.08.12.b..R,1907,CROATIA, Primorje-Gorski Kotar County,Krk Island,Swimming,F,Unknown,Unknown,Y,Unknown,Unknown
1907.08.12.a..R,1907,CROATIA, Primorje-Gorski Kotar County,Krk Island,Swimming,M,Unknown,Unknown,Y,Unknown,Unknown
1907.07.14.R,1907,CROATIA," Split-Dalmatia Count,","Su?uraj, Hvar Island",Swimming,F,Unknown,Unknown,Y,Unknown,Unknown
1907.00.00.a,1907,USA,Hawaii,"Pepe'ekeo, Honomu, Hawai'i","Net fishing, fell into the water",M,Unknown,Unknown,Y,Unknown,Unknown
1906.10.10.c.R,1906,USA,Hawaii,Unknown,Swimming,M,Unknown,Unknown,Y,Unknown,Unknown
1906.10.10.a.R,1906,USA,Hawaii,Unknown,Swimming,M,Unknown,Unknown,Y,Unknown,Unknown
1906.09.27.R.a,1906,INDONESIA,Java,Lorok Bay,Swimming,M,Unknown,Unknown,Y,Unknown,Unknown
1906.09.05.R,1906,AUSTRALIA,Torres Strait,Mabiuag,Swimming,M,Unknown,Unknown,Y,Unknown,Unknown
1906.04.27.R,1906,INDONESIA,Maluku Province,Aru Islands,Hard hat diving,M,Unknown,Unknown,Y,Unknown,Unknown
1906.04.14,1906,AUSTRALIA,Queensland,Lizard Island,Diving for beche-de-mer ,M,17,Unknown,Y,Unknown,Unknown
1905.07.00,1905,USA,North Carolina,"Ocracoke, Hyde County",Fishing,M,Unknown,Unknown,Y,Unknown,Unknown
1905.03.25,1905,AUSTRALIA,Tasmania,Bridport,Bathing,Unknown,Unknown,Unknown,Y,Unknown,Unknown
1904.10.11.R,1904,INDIAN OCEAN,Between Noumea & Sydney,Unknown,Fell overboard,M,Unknown,Unknown,Y,Unknown,Unknown
1904.02.07,1904,AUSTRALIA,Queensland,Brisbane,Swimming after his hat,M,Unknown,Unknown,Y,Unknown,Unknown
1904.02.04,1904,NEW ZEALAND,North Island,Waitara,Swimming,M,30,Unknown,Y,Unknown,Unknown
1904.01.23,1904,NEW CALEDONIA,South Province,Noumea,Bathing,M,Unknown,Unknown,Y,Unknown,Unknown
1903.10.04,1903,CUBA,Havana Province,Havana Harbor,Fell overboard,M,Unknown,Unknown,Y,Unknown,Unknown
1903.06.21,1903,AUSTRALIA,New South Wales,Georges River,Swimming,M,Unknown,Unknown,Y,Unknown,Unknown
1903.03.12,1903,AUSTRALIA,Queensland,Logan River,Swimming,M,Unknown,Unknown,Y,Unknown,Unknown
1903.00.00.b,1903,CRETE,Unknown,Unknown,Sponge diving,M,Unknown,Unknown,Y,Unknown,Unknown
1902.08.28.R,1902,ITALY,Calabria,Nicotera,Swimming,M,Unknown,Unknown,Y,Unknown,Unknown
1902.01.25.R,1902,AUSTRALIA,New South Wales,Kerosene Bay,Dangling feet in the water,M,Unknown,Unknown,Y,Unknown,Unknown
1900.12.27,1900,AUSTRALIA,New South Wales,"Middle Harbour, Sydney ",Bathing,M,Unknown,Unknown,Y,Unknown,Unknown
1900.07.31,1900,CROATIA, Primorje-Gorski Kotar County,"Volosko, Opatija",Swimming,M,Unknown,Unknown,Y,Unknown,Unknown
1899.11.20,1899,PHILIPPINES,Mindoro Occidental,Off Lubang Island,Sea Disaster,Unknown,Unknown,Unknown,Y,Unknown,Unknown
1899.10.12.a,1899,LIBYA,Mediterranean Sea,Off Bengasi,Sponge diving,M,Unknown,Unknown,Y,Unknown,Unknown
1899.09.11.R,1899,MEXICO,Tamaulipas,Tampico,Swimming,M,Unknown,Unknown,Y,Unknown,Unknown
1899.07.08.R,1899,BAHAMAS,Unknown,Unknown,Fell overboard ,M,Unknown,Unknown,Y,Unknown,Unknown
1899.05.04.R,1899,ITALY,Imperia Province,Bordighera,Bathing,M,Unknown,Unknown,Y,Unknown,Unknown
1898.12.28.R,1898,AUSTRALIA,Queensland,The Narrows,Fell oveboard,M,Unknown,Unknown,Y,Unknown,Unknown
1898.10.28,1898,USA,Hawaii,Off Kohala,Jumped overboard,M,Unknown,Unknown,Y,Unknown,Unknown
1898.07.14,1898,YEMEN ,Aden,Sapper Bay,Standing,M,22,Unknown,Y,Unknown,Unknown
1898.07.00,1898,CUBA,Santiago de Cuba Province,Santiago de Cuba,Swimming,M,Unknown,Unknown,Y,Unknown,Unknown
1898.06.22,1898,NEW CALEDONIA,South Province,Noumea,boat from City of Naples capsized,M,Unknown,Unknown,Y,Unknown,Unknown
1898.00.00.a,1898,YEMEN ,Aden,Harbor,Diving for coins,M,Unknown,Unknown,Y,Unknown,Unknown
1898.00.00 g,1898,USA,Hawaii,Unknown,Loss of the schooner Nomad,M,Unknown,Unknown,Y,Unknown,Unknown
1897.03.15.a.R,1897,USA,Massachusetts,30 miles south of Lynn,Fishing,M,Unknown,Unknown,Y,Unknown,Unknown
1896.12.17.R,1896,NEW ZEALAND,South Island,Hoiktika,Unknown,M,Unknown,Unknown,Y,Unknown,Unknown
1896.11.29,1896,AUSTRALIA,Western Australia,Albany,Swimming,M,Unknown,Unknown,Y,Unknown,Unknown
1896.11.01,1896,AUSTRALIA,Western Australia,Esperance,Boat swamped,M,Unknown,Unknown,Y,Unknown,Unknown
1896.00.00.b,1896,USA,Florida,Unknown,"Swimming ashore from a ""filibuster""",M,Unknown,Unknown,Y,Unknown,Unknown
1895.12.09,1895,AUSTRALIA,New South Wales,"West Balmain, Sydney",Bathing,M,14,Unknown,Y,Unknown,Unknown
1895.11.16,1895,AUSTRALIA,New South Wales,Jervis Bay ,Fishing,M,Unknown,Unknown,Y,Unknown,Unknown
1895.09.14.R,1895,YEMEN ,Aden,Unknown,Diving for coins,M,Unknown,Unknown,Y,Unknown,Unknown
1895.07.16.R,1895,JAPAN,Unknown,Unknown,Hunting seals,M,Unknown,Unknown,Y,Unknown,Unknown
1895.06.03.R,1895,AUSTRALIA,Western Australia,Barrow Passage,Pearl diving,M,Unknown,Unknown,Y,Unknown,Unknown
1895.03.29.R,1895,INDONESIA,Moluccas,South Aroo Island,Swimming,M,Unknown,Unknown,Y,Unknown,Unknown
1895.02.27,1895,AUSTRALIA,New South Wales,Sydney Harbor,Swimming,M,14,Unknown,Y,Unknown,Unknown
1895.02.23.R,1895,PANAMA,Bocas del Toro,Unknown,"Swimming, after sailboat capsized",M,Unknown,Unknown,Y,Unknown,Unknown
1894.10.06.R,1894,USA,Alabama,Mobile Bay,Swimming,M,Unknown,Unknown,Y,Unknown,Unknown
1894.06.25,1894,SOUTH AFRICA,Western Cape Province,Simons Town,Swimming after harpooned whale capsized boat,M,Unknown,Unknown,Y,Unknown,Unknown
1894.04.28.b.R,1894,BURMA,Rangoon,Amherst,Bathing,F,Unknown,Unknown,Y,Unknown,Unknown
1893.10.20.R,1893,INDIA,Bay of Bengal,Madras Harbor,Murder,M,Unknown,Unknown,Y,Unknown,Unknown
1893.07.03,1893,PHILIPPINES,Unknown,Off Manila,Abandoning burning steamship Don Juan,M,Unknown,Unknown,Y,Unknown,Unknown
1893.06.22.R,1893,NIGERIA,Bayelsa State,Mouth of the Nun River,A barque wrecked,M,Unknown,Unknown,Y,Unknown,Unknown
1893.06.22,1893,LEBANON,Unknown,Off Tripoli,HMS Victoria collided with the HMS Camperdown,M,Unknown,Unknown,Y,Unknown,Unknown
1893.05.23.R,1893,FIJI,Unknown,Between Kadavu & Beqa,Canoe swamped,F,Unknown,Unknown,Y,Unknown,Unknown
1893.01.30.R,1893,NEW ZEALAND,South Island?,Downs River,Bathing,M,Unknown,Unknown,Y,Unknown,Unknown
1892.12.15,1892,ATLANTIC OCEAN,Unknown,Unknown,Fell overboard,M,15,Unknown,Y,Unknown,Unknown
1892.06.20.R,1892,CUBA,Havana Province,Havana Harbor,Riding a horse,M,Unknown,Unknown,Y,Unknown,Unknown
1891.08.30.R,1891,CANADA,Nova Scotia,Halifax,Knocked overboard,M,Unknown,Unknown,Y,Unknown,Unknown
1890.10.25.R,1890,ATLANTIC OCEAN,Unknown,Unknown,Thrown overboard,M,Unknown,Unknown,Y,Unknown,Unknown
1890.06.02.R,1890,EGYPT,Unknown,Port Said,Swimming,M,Unknown,Unknown,Y,Unknown,Unknown
1890.00.00.b,1890,NEW ZEALAND,North Island,"Lampton Harbour, Wellington",Swimming,M,Unknown,Unknown,Y,Unknown,Unknown
1889.11.22,1889,AUSTRALIA,Queensland,Bowen,Fell into the water,M,Unknown,Unknown,Y,Unknown,Unknown
1889.10.03.R,1889,INDIA,Tamil Nadu,Madras,Swimming,M,Unknown,Unknown,Y,Unknown,Unknown
1889.01.00,1889,SIERRA LEONE,Western Area,Freetown,Cleaning the side of a ship,M,Unknown,Unknown,Y,Unknown,Unknown
1888.12.00,1888,AUSTRALIA,New South Wales,"Hawkesbury Bridge, Sydney",Working on the bridge when he fell into the river,M,Unknown,Unknown,Y,Unknown,Unknown
1888.02.00,1888,SOUTH AFRICA,Eastern Cape Province,Mzimvubu River mouth,Crossing the river mouth,M,Unknown,Unknown,Y,Unknown,Unknown
1887.12.22.R,1887,HONDURAS,Cortï¿,Off Puerto Cortez (Caribbean coast),Fell oveboard from steamer Wanderer,M,33,Unknown,Y,Unknown,Unknown
1887.10.18,1887,USA,Florida,"Between Lake Worth & Biscayne Bay, near Hillsboro","Crossing inlet in a boat, seen fighting sharks with his oar, sharks smashed boat",M,Unknown,Unknown,Y,Unknown,Unknown
1887.10.00,1887,BAHAMAS,Unknown,Unknown,"Sea disaster, wreck of the Alfred Watts",M,Unknown,Unknown,Y,Unknown,Unknown
1887.02.08.R,1887,NEW ZEALAND,North Island,Kaipara,Swimming,M,Unknown,Unknown,Y,Unknown,Unknown
1886.06.17,1886,AUSTRALIA,Queensland,Off Bribie Heads,Swimming after being washed overboard,M,18,Unknown,Y,Unknown,Unknown
1885.08.17,1885,ATLANTIC OCEAN,Unknown,Unknown,Fell or jumped overboard from the liner Rhynland,M,Unknown,Unknown,Y,Unknown,Unknown
1885.07.26.a,1885,USA,Hawaii,Kau District,Wreck of the schooner Pohoiki ,M,Unknown,Unknown,Y,Unknown,Unknown
1884.01.16,1884,SOUTH AFRICA,Eastern Cape Province,"South Jetty, Port Elizabeth",Swimming,M,Unknown,Unknown,Y,Unknown,Unknown
1883.09.14.R,1883,AUSTRALIA,Tasmania,Between Port Arthur Penal Colony & Forestier Peninsula,Swimming / escaping imprisonment ,M,Unknown,Unknown,Y,Unknown,Unknown
1883.02.25.R,1883,AUSTRALIA,Northern Territory,the pearling beds,Diving,M,Unknown,Unknown,Y,Unknown,Unknown
1883.00.00.c,1883,USA,Florida,"Fort Pickens, Escambia County",Fell overboard,M,Unknown,Unknown,Y,Unknown,Unknown
1882.04.15,1882,AUSTRALIA,New South Wales,Lake Macquarie,Fishing,M,Unknown,Unknown,Y,Unknown,Unknown
1882.01.23.R,1882,AUSTRALIA,New South Wales,"Darling Harbor, Sydney",Bathing,M,Unknown,Unknown,Y,Unknown,Unknown
1881.06.13,1881,USA,Alabama,Mobile Bay,Fell overboard,M,23,Unknown,Y,Unknown,Unknown
1879.03.19,1879,NEW ZEALAND,North Island,Napier,Standing,M,19,Unknown,Y,Unknown,Unknown
1878.06.10,1878,PHILIPPINES,Misamis Oriental,Cagayan de Oro,Unknown,F,Unknown,Unknown,Y,Unknown,Unknown
1877.12.15.R,1877,FIJI,Unknown,Unknown,Unknown,Unknown,Unknown,Unknown,Y,Unknown,Unknown
1877.12.12,1877,AUSTRALIA,New South Wales,Near Sydney,Washed overboard from the barque Mary Eady,M,Unknown,Unknown,Y,Unknown,Unknown
1877.01.28,1877,AUSTRALIA,Victoria,Emerald Hill,Bathing,M,Unknown,Unknown,Y,Unknown,Unknown
1876.09.07.R,1876,GREECE,Cyclades archipelago,Between the islands of Tenos and Andros ,Diving for sponges,M,Unknown,Unknown,Y,Unknown,Unknown
1876.05.14,1876,AUSTRALIA,New South Wales,Sydney Harbour,Swimming,M,Unknown,Unknown,Y,Unknown,Unknown
1876.00.00.d,1876,LEBANON,Mount Lebanon,Batroun,Sponge diving,M,Unknown,Unknown,Y,Unknown,Unknown
1875.03.03,1875,NEW ZEALAND,North Island,Tauranga,Bathing,M,3,Unknown,Y,Unknown,Unknown
1875.00.00,1875,AUSTRALIA,Western Australia,Sharks Bay,Sitting on gunwale of boat,M,Unknown,Unknown,Y,Unknown,Unknown
1874.06.15.b.R,1874,KIRIBATI,Gilbert Islands,Beru,Escaping from blackbirding vessel,M,Unknown,Unknown,Y,Unknown,Unknown
1872.11.30.R,1872,INDIAN OCEAN?,Unknown,Unknown,Swimming to avoid capture,M,Unknown,Unknown,Y,Unknown,Unknown
1868.01.17,1868,VIETNAM,Unknown,Cohong,A junk foundered,M,Unknown,Unknown,Y,Unknown,Unknown
1868.00.00.b,1868,AUSTRALIA,Torres Strait,South Aroo Island,Swimming,M,Unknown,Unknown,Y,Unknown,Unknown
1867.08.22.R,1867,EGYPT,Unknown,Port Said,Swimming,M,Unknown,Unknown,Y,Unknown,Unknown
1867.08.00,1867,MEXICO,Veracruz ,Vera Cruz Harbor,boat from the Austrian ship Elizabeth,M,Unknown,Unknown,Y,Unknown,Unknown
1867.06.26,1867,CUBA,Villa Clara Province,Remedios,boat from ship Josephine capsized in squall,M,Unknown,Unknown,Y,Unknown,Unknown
1865.07.14.R,1865,USA,Texas,Brazos,Bathing,M,Unknown,Unknown,Y,Unknown,Unknown
1864.01.27.R,1864,PANAMA,Colï¿½ï¿½ï¿½ï¿,Aspinwall (Colï¿½,Coming ashore on a hawser,M,Unknown,Unknown,Y,Unknown,Unknown
1864.01.16.R,1864,NEW ZEALAND,Foveaux Strait,Stewart Island,Boat swamped,M,Unknown,Unknown,Y,Unknown,Unknown
1863.00.00.R,1863,GREECE,Corfu,Unknown,Swimming,M,Unknown,Unknown,Y,Unknown,Unknown
1862.12.19.R,1862,AUSTRALIA,Queensland,Brisbane River,Trying to catch a wounded bird,M,Unknown,Unknown,Y,Unknown,Unknown
1862.07.25,1862,SPAIN,Malaga,San Andres Beach,Swimming,M,18,Unknown,Y,Unknown,Unknown
1862.00.00.a,1862,JAPAN,Bonin Islands,Unknown,Boat of a Hawaiian brig was stove in by  whale,M,Unknown,Unknown,Y,Unknown,Unknown
1861.02.12.R,1861,EQUATORIAL GUINEA / CAMEROON,Fernando Po Island,Unknown,Swimming,M,Unknown,Unknown,Y,Unknown,Unknown
1859.03.16,1859,USA,Hawaii,Off Kawaihae,Fell overboard,M,21,Unknown,Y,Unknown,Unknown
1858.01.14.R,1858,USA,Hawaii,Unknown,Swimming,M,Unknown,Unknown,Y,Unknown,Unknown
1858.01.09.R,1858,TONGA,Vava'u,Unknown,Jumped overboard while intoxicated,M,Unknown,Unknown,Y,Unknown,Unknown
1856.11.25.R,1856,FIJI,Unknown,Unknown,Swimming,M,Unknown,Unknown,Y,Unknown,Unknown
1855.11.11,1855,AUSTRALIA,Victoria,Melbourne,Swimming,M,Unknown,Unknown,Y,Unknown,Unknown
1855.04.09.R,1855,AUSTRALIA,South Australia,Port Wakefield,Fell overboard from the Malacca,F,20,Unknown,Y,Unknown,Unknown
1855.03.28,1855,AUSTRALIA,South Australia,Port Wakefield,Fell overboard from the Sobella,M,Unknown,Unknown,Y,Unknown,Unknown
1855.02.12.R,1855,SOLOMON ISLANDS,Makira-Ulawa Province,Makira Island (Formerly San Cristobal),Swimming ,M,Unknown,Unknown,Y,Unknown,Unknown
1853.00.00.d,1853,AUSTRALIA,Queensland,Moreton Bay,Fell into the water,M,Unknown,Unknown,Y,Unknown,Unknown
1853.00.00.a,1853,USA,Florida,"Near Fernandina Bar, Nassau County ",Knocked overboard,M,Unknown,Unknown,Y,Unknown,Unknown
1852.10.09.R,1852,AUSTRALIA,New South Wales,Coalcliff,Fell overboard,M,Unknown,Unknown,Y,Unknown,Unknown
1852.08.07,1852,TONGA,Tongatapu,Unknown,Fell overboard,M,Unknown,Unknown,Y,Unknown,Unknown
1852.08.00,1852,USA,Virginia,Norfolk,Swimming,M,Unknown,Unknown,Y,Unknown,Unknown
1852.05.24,1852,SOUTH AFRICA,KwaZulu-Natal,Durban Bay,Swimming from capsized boat,M,Unknown,Unknown,Y,Unknown,Unknown
1851.06.19.R,1851,MEXICO,Oaxaca,Unknown,Bathing,M,Unknown,Unknown,Y,Unknown,Unknown
1851.03.08.R,1851,USA,Hawaii,Honolulu Harbor,Swimming,M,Unknown,Unknown,Y,Unknown,Unknown
1850.10.21,1850,USA,Hawaii,Unknown,Swimming after his hat,M,Unknown,Unknown,Y,Unknown,Unknown
1850.00.00,1850,NICARAGUA,Lake Nicaragua (fresh water),"Granada, Granada Department",Bathing,M,Unknown,Unknown,Y,Unknown,Unknown
1849.12.09,1849,AUSTRALIA,New South Wales,Sydney Harbor,Unknown,M,Unknown,Unknown,Y,Unknown,Unknown
1849.09.19,1849,AUSTRALIA,Victoria,Warrnambool,Swimming,M,Unknown,Unknown,Y,Unknown,Unknown
1849.06.08.b,1849,USA,Florida,"Pensacola, Escambia County",Attempting to rescue woman seized by shark,M,Unknown,Unknown,Y,Unknown,Unknown
1849.06.08.a,1849,USA,Florida,"Pensacola, Escambia County",Bathing,F,Unknown,Unknown,Y,Unknown,Unknown
1847.07.19,1847,GREECE,Corfu,Off the harbor wall at Mandrakina,Swimming,M,19,Unknown,Y,Unknown,Unknown
1845.12.26,1845,AUSTRALIA,New South Wales,Newcastle ,Fishing,M,Unknown,Unknown,Y,Unknown,Unknown
1845.11.04,1845,MEXICO,Unknown,Vera Cruz,Bathing,M,Unknown,Unknown,Y,Unknown,Unknown
1845.09.10.R,1845,USA,Florida,"Pensacola Bay, Escambia County",Seine netting,M,Unknown,Unknown,Y,Unknown,Unknown
1845.07.31.R,1845,USA,Florida,"Pensacola Bay, Escambia County",Fell overboard,M,Unknown,Unknown,Y,Unknown,Unknown
1845.00.00.R,1845,SIERRA LEONE,Unknown,Unknown,Unknown,M,Unknown,Unknown,Y,Unknown,Unknown
1844.07.20.,1844,NAMIBIA,Unknown,Unknown,Boat capsized,M,Unknown,Unknown,Y,Unknown,Unknown
1844.07.16.R,1844,ALGERIA,Unknown,Cape Matifou,Swimming,M,Unknown,Unknown,Y,Unknown,Unknown
1844.00.00,1844,MADAGASCAR,Unknown,Unknown,"Portuguese seaman fell overboard. Boat lowered to pick up with 1st mate & 4 crew, but done hurriedly & all were thrown into the water. As a second boat was lowered, a shark went after the 1st mate but he was rescued. Then the shark went after Mr. Andrews ",M,Unknown,Unknown,Y,Unknown,Unknown
1842.00.00.b,1842,INDIA,Tamil Nadu, Chennai (formerly Madras),Washed off catamaran in the surf,M,8,Unknown,Y,Unknown,Unknown
1840.12.00,1840,AUSTRALIA,New South Wales,"Off Domain, Sydney Harbor",Swimming,M,Unknown,Unknown,Y,Unknown,Unknown
1839.04.14,1839,CUBA,Matanzas Province (north coast),Matanzas,Sitting on gunwale of boat,M,Unknown,Unknown,Y,Unknown,Unknown
1839.00.00.b,1839,AUSTRALIA,South Australia,"Horn Point, Lady's Bay",Attempting to rescue crew after whale upset their boat,M,Unknown,Unknown,Y,Unknown,Unknown
1836.08.19.R,1836,ENGLAND,Cumberland,Whitehaven,Swimming,M,Unknown,Unknown,Y,Unknown,Unknown
1835.02.21.R,1835,VANUATU,Sanma Province,"Bay of Yago, Espiritu Santo Island",Bathing,M,Unknown,Unknown,Y,Unknown,Unknown
1830.07.26,1830,USA,Massachusetts,"Swampscott, Essex County","Fishing from dory, shark upset boat & he fell into the water",M,52,Unknown,Y,Unknown,Unknown
1828.00.00,1828,USA,Hawaii,"Uo, Lahaina, Maui",Surfing,M,Unknown,Unknown,Y,Unknown,Unknown
1826.11.00,1826,GHANA,Cape Coast,Unknown,Bathing,M,Unknown,Unknown,Y,Unknown,Unknown
1825.00.00.b,1825,AUSTRALIA,Tasmania,"Sweet Water Point, Pitt Water",Swimming,M,Unknown,Unknown,Y,Unknown,Unknown
1823.10.07.R,1823,SIERRA LEONE?,Unknown,Unknown,Unknown,Unknown,Unknown,Unknown,Y,Unknown,Unknown
1822.04.15,1822,NIGERIA,Rivers State,Bonny River,Unknown,Unknown,Unknown,Unknown,Y,Unknown,Unknown
1817.06.24,1817,USA,South Carolina,"Charleston Harbor, Charleston County",Swimming,M,Unknown,Unknown,Y,Unknown,Unknown
1816.09.03.R,1816,USA,Rhode Island,Bristol Harbor,Swimming,Unknown,Unknown,Unknown,Y,Unknown,Unknown
1802.04.13.R,1802,INDIA,Unknown,Unknown,Unknown,Unknown,Unknown,Unknown,Y,Unknown,Unknown
1787.07.05,1787,UNITED KINGDOM,St Helena,Landing Place,Swimming,M,Unknown,Unknown,Y,Unknown,Unknown
1786.08.10.R,1786,BARBADOS,Unknown,Unknown,Washing himself,M,Unknown,Unknown,Y,Unknown,Unknown
1776.00.00.R,1776,GUINEA,Unknown,Unknown,Murder,M,Unknown,Unknown,Y,Unknown,Unknown
1771.07.12.R,1771,USA,Unknown,Damiscotte,Fishing,M,Unknown,Unknown,Y,Unknown,Unknown
1764.00.00,1764,SPAIN,Unknown,Guadalquivir River,Swimming,M,Unknown,Unknown,Y,Unknown,Unknown
1753.10.27.R,1753,JAMAICA,Unknown,Kingston Harbor,Fell overboard,M,Unknown,Unknown,Y,Unknown,Unknown
1751.07.27,1751,USA,Massachusetts,Unknown,Swimming,M,Unknown,Unknown,Y,Unknown,Unknown
1748.00.00,1748,PANAMA,Las Perlas archipelago,Taboga & Isla del Rey,Pearl diving,M,Unknown,Unknown,Y,Unknown,Unknown
1738.04.06.R,1738,ITALY,Sicily,Strait of Messina,Swimming,M,Unknown,Unknown,Y,Unknown,Unknown
1700.00.00.c,1700,FRANCE,Unknown,Nice,Unknown,M,Unknown,Unknown,Y,Unknown,Unknown
1700.00.00.a,1700,BARBADOS,Unknown,Unknown,Bathing,M,Unknown,Unknown,Y,Unknown,Unknown
1642.00.00.b,1642,GUINEA,Unknown,Unknown,Went overboard,M,Unknown,Unknown,Y,Unknown,Unknown
1642.00.00,1642,USA,New York ,Between Manhattan and The Bronx,Swimming ,M,Unknown,Unknown,Y,Unknown,Unknown
1543.00.00,1543,VENEZUELA,Magarita or Cubagua Islands,Unknown,Pearl diving,M,Unknown,Unknown,Y,Unknown,Unknown
ND.0002,1886,PANAMA,Unknown,Panama Bay 8ï¿½ï¿½ï¿,Unknown,M,Unknown,Unknown,Y,Unknown,Unknown
ND.0003,1903,USA,North Carolina,Ocracoke Inlet,Swimming,M,Unknown,Unknown,Y,Unknown,Unknown
ND.0004,1903,AUSTRALIA,Western Australia,Unknown,Pearl diving,M,Unknown,Unknown,Y,Unknown,Unknown
ND.0005,1903,AUSTRALIA,Western Australia,Roebuck Bay,Diving,M,Unknown,Unknown,Y,Unknown,Unknown
ND.0016,1921,SOUTH AFRICA,KwaZulu-Natal,Durban,4 men were bathing,M,Unknown,Unknown,Y,Unknown,Unknown
ND.0017,1921,SOUTH AFRICA,KwaZulu-Natal,Durban ,Crew swimming alongside their anchored ship,M,Unknown,Unknown,Y,Unknown,Unknown
ND.0020,1922,AUSTRALIA,Queensland,Great Barrier Reef,Unknown,M,Unknown,Unknown,Y,Unknown,Unknown
ND.0024,1929,REUNION,Saint-Denis,Barachois,Swimming,Unknown,Unknown,Unknown,Y,Unknown,Unknown
ND.0034,1943,PACIFIC OCEAN,Unknown,Unknown,Unknown,M,Unknown,Unknown,Y,Unknown,Unknown
ND.0046,1952,KIRIBATI,Gilbert Islands,Nonouti,Unknown,M,Unknown,Unknown,Y,Unknown,Unknown
ND.0053,1958,INDIA,Maharashtra,"Malwan, near Ratnagiri",Unknown,M,Unknown,Unknown,Y,Unknown,Unknown
ND.0057,1958,MADAGASCAR,Toamasina Province,Tamatave,Bathing,M,Unknown,Unknown,Y,Unknown,Unknown
ND.0076,1902,MEDITERRANEAN SEA,Unknown,Unknown,Unknown,M,Unknown,Unknown,Y,Unknown,Unknown
ND.0078,1902,USA,Florida,"Mosquito Inlet (Ponce Inlet), Volusia County",Canoeing,M,Unknown,Unknown,Y,Unknown,Unknown
ND.0082,1965,GREECE,Island of Volos,Eastern shore,Swimming,F,Unknown,Unknown,Y,Unknown,Unknown
ND.0090,1989,VANUATU,Malampa Province,Malakula,Unknown,F,Unknown,Unknown,Y,Unknown,Unknown
ND-0108,2003,GREECE,Dodecanese Islands,Near Symi Island,Free diving for sponges,M,Unknown,Unknown,Y,Unknown,Unknown
ND-0115,1912,NEW ZEALAND,North Island,"Point Halsey, Wellington",Unknown,M,Unknown,Unknown,Y,Unknown,Unknown
ND-0118,1905,LIBYA,Cyrenaica,Kirinaiki,Sponge diving,M,Unknown,Unknown,Y,Unknown,Unknown
ND-0119,1963,DJIBOUTI,Gulf of Tadjoura,Unknown,A dhow capsized,Unknown,Unknown,Unknown,Y,Unknown,Unknown
ND-0134,1957,GREECE,Unknown,Unknown,Swimming,F,Unknown,Unknown,Y,Unknown,Unknown
ND-0135,1916,BERMUDA,Unknown,Unknown,Unknown,M,Unknown,Unknown,Y,Unknown,Unknown
ND-0138,1909,AUSTRALIA,Queensland,Moreton Bay,Fell into the water,M,Unknown,Unknown,Y,Unknown,Unknown
ND-0149,1934,URUGUAY,Rocha ,"Playa del Barco, La Pedrera",Swimming,M,Unknown,Unknown,Y,Unknown,Unknown
ND-0151,2009,PANAMA,Bocas del Toro Province,Red Frog Beach,Swimming/,M,20,Unknown,Y,Unknown,Unknown
ND-0152,2016,KENYA,Mombasa,Kilindini,Diving,M,Unknown,Unknown,Y,Unknown,Unknown
ND-1940,1930,PAPUA NEW GUINEA,Morobe Province,Simbang,Swimming to canoe,M,Unknown,Unknown,Y,Unknown,Unknown
1982.06.29,1982,SOUTH AFRICA,Eastern Cape Province,Ntlonyana Bay,Surfing,M,27,Unknown,Y,9,white shark
2014.04.03,2014,AUSTRALIA,New South Wales,Tathra,Swimming,F,63,Unknown,Y,8,white shark
1991.09.08,1991,AUSTRALIA,South Australia,"Snapper Point, Aldinga Beach, Adelaide",Scuba diving,M,19,Unknown,Y,15,white shark
2008.12.27.a,2008,AUSTRALIA,Western Australia,Port Kennedy Beach,Snorkeling,M,51,Unknown,Y,7,white shark
1992.10.01,1992,AUSTRALIA,Queensland,"North Point Beach, Moreton Island",Surfing,M,28,Unknown,Y,14,white shark
2004.12.16,2004,AUSTRALIA,South Australia,"West Beach, Adelaide",Scurfing (surfboard being  towed behind a boat),M,18,Unknown,Y,15,white shark
1984.09.15,1984,USA,California,"Pigeon Point, San Mateo County",Skindiving,M,28,Unknown,Y,8,white shark
1997.07.21,1997,SOUTH AFRICA,Eastern Cape Province,"Breezy Point, Ntlonyana",Surfing,M,25,Unknown,Y,12,white shark
2004.08.15,2004,USA,California,"Kibesillah, Mendocino County",Diving,M,50,Unknown,Y,16,white shark
1993.06.05,1993,AUSTRALIA,Tasmania,Tenth Island (King Island),Scuba diving at seal colony,F,34,Unknown,Y,10,white shark
2010.09.21,2010,SOUTH AFRICA,Western Cape Province,Between Dyer Island and Pearly Beach,Swimming,M,29,Unknown,Y,Unknown,white shark
1981.05.23,1981,SOUTH KOREA,Chungnam,Wae-yeon Island,Shell diving,F,27,Unknown,Y,12,white shark
2005.03.19,2005,AUSTRALIA,Western Australia,"Wreck Point, Abrolhos Islands",Snorkeling,M,26,Unknown,Y,14,white shark
2004.11.15,2004,SOUTH AFRICA,Western Cape Province,"Fish Hoek, False Bay",Swimming,F,77,Unknown,Y,7,white shark
1995.04.09.a,1995,JAPAN,Aichi Prefecture,Atsumi Peninsula,Scuba diving for bivalves,M,47,Unknown,Y,10,white shark
2009.12.16,2009,NEW ZEALAND,South Island,Clark Island,Swimming to shore from capsized kayak,M,24,Unknown,Y,Unknown,white shark
1985.03.03,1985,AUSTRALIA,South Australia,"Wisemanï¿½ï¿½ï¿½ï¿½ï¿½ï¿½ï¿½ï¿½ï¿½s Beac",Free diving for scallops,F,33,Unknown,Y,12,white shark
2001.09.03.b,2001,USA,North Carolina,"Avon, Hatteras Island, Outer Banks, Dare County",Swimming ,M,28,Unknown,Y,18,white shark
2009.01.13.R,2009,SOUTH AFRICA,Western Cape Province,"Shark Alley, off Gansbaai",Unknown,Unknown,Unknown,Unknown,Y,Unknown,white shark
2009.06.01,2009,EGYPT,St. Johns Reef,Habili Gafar,Snorkeling,F,50,Unknown,Y,9,white shark
2010.12.05,2010,EGYPT,South Sinai Peninsula,"Middle Garden, Sharm el-Shiekh",Snorkeling,F,70,Unknown,Y,12,white shark
1993.06.09,1993,AUSTRALIA,New South Wales,"Julian Rocks, Byron Bay",Scuba diving,M,31,Unknown,Y,9,white shark
1916.07.06,1916,USA,New Jersey,"Spring Lake, Monmouth County",Swimming,M,Unknown,Unknown,Y,15,white shark
2013.11.23.a,2013,AUSTRALIA,Western Australia,Gracetown,Surfing,M,35,Unknown,Y,9,white shark
1997.08.11.a,1997,EGYPT,Red Sea,Safaga,Fishing,M,16,Unknown,Y,Unknown,white shark
1988.12.15,1988,CHILE,Valpariso Province,Valpariso,Skindiving,M,Unknown,Unknown,Y,Unknown,white shark
1987.09.18,1987,AUSTRALIA,South Australia,"Merino Rocks, Adelaide",Scuba Diving for scallops,M,47,Unknown,Y,Unknown,white shark
1979.12.00,1979,PORTUGAL,Madeira Islands,"Sao Jorge, Madeira Island",Spearfishing,M,19,Unknown,Y,Unknown,white shark
1966.08.16,1966,CROATIA,Primorje-Gorski Kotar County ,Bakar,Swimming,M,33,Unknown,Y,Unknown,white shark
1959.00.00.g,1959,SOUTH KOREA,South Chungcheong Province,"36ï¿½ï¿½ï¿½ï¿½ï¿½ï",Swimming,M,Unknown,Unknown,Y,Unknown,white shark
1956.07.20,1956,MALTA,St. Thomas Bay,Marsascala,Swimming,M,40,Unknown,Y,Unknown,white shark
1956.00.00.f,1956,GREECE,Corfu Island,Kï¿½ï¿½,Swimming off yacht,F,15,Unknown,Y,Unknown,white shark
1955.09.23.b,1955,NORTH PACIFIC OCEAN,1000 miles west of Hawaii,Between Wake & Johnston Islands,"""Flying Tiger"" transport plane went down with 5 men onboard",M,Unknown,Unknown,Y,Unknown,white shark
1955.08.26,1955,CROATIA, Primorje-Gorski Kotar County,Opatija,Swimming,F,32,Unknown,Y,Unknown,white shark
1955.07.15,1955,MONTENEGRO,Adriatic Sea,Budva,Swimming,M,Unknown,Unknown,Y,Unknown,white shark
2017.04.17.a,2017,AUSTRALIA,Western Australia,Kelpies near Wylie Bay,Surfing,F,17,Unknown,Y,16,white shark
2016.05.31,2016,AUSTRALIA,Western Australia,"Falcon Beach, Mandurah",Surfing,M,29,Unknown,Y,16,white shark
2013.10.11,2013,SOUTH AFRICA,Eastern Cape Province,"Albatros Point, near Jeffrey's Bay",Swimming / snorkeling,M,74,Unknown,Y,11,white shark
2011.09.04.a,2011,AUSTRALIA,Western Australia, Bunker Bay,Body boarding,M,21,Unknown,Y,13,white shark
2010.08.17,2010,AUSTRALIA,Western Australia,Cowaramup Bay,Surfing,M,31,Unknown,Y,8,white shark
2010.01.12,2010,SOUTH AFRICA,Western Province,Fish Hoek,Standing,M,37,Unknown,Y,15,white shark
2009.08.29,2009,SOUTH AFRICA,Western Cape Province,Glentana,Surfing,M,25,Unknown,Y,15,white shark
2005.08.24.b,2005,AUSTRALIA,South Australia,Glenelg ,Scuba diving,M,23,Unknown,Y,16,white shark
1975.07.30.a,1975,AUSTRALIA,Tasmania,"Fluted Cape, Bruny Island",Scuba diving for abalone,M,37,Unknown,Y,15,white shark
2005.06.04,2005,SOUTH AFRICA,Western Cape Province,Miller's Point,Spearfishing (Free diving),M,22,Unknown,Y,15,white shark
2000.09.25,2000,AUSTRALIA,South Australia,"Black Point, Eyre Peninsula",Surfing,M,17,Unknown,Y,13,white shark
1999.07.15,1999,SOUTH AFRICA,Western Cape Province,Buffels Bay (near Knysna),Boogie boarding,M,14,Unknown,Y,11,white shark
1997.12.28.b,1997,SOUTH AFRICA,Western Cape Province,"Pringle Bay, 44 miles southeast of Cape Town",Spearfishing,M,39,Unknown,Y,14,white shark
1989.11.18,1989,SOUTH AFRICA,Western Cape Province,Melkbosstrand,Free diving & spearfishing,M,29,Unknown,Y,12,white shark
1971.09.07,1971,CROATIA,Istria County,Ika,Swimming,M,34,Unknown,Y,10,white shark
1958.01.09,1958,SOUTH AFRICA,KwaZulu-Natal,Scotburgh,Swimming,M,Unknown,Unknown,Y,7,white shark
1934.08.21,1934,CROATIA,Adriatic Sea,"Susak (Rijeka, Istria)",Swimming,F,18,Unknown,Y,Unknown,white shark
1930.02.15,1930,AUSTRALIA,Victoria,"Middle Brighton, Port Phillip",Diving off pier & treading water,M,18,Unknown,Y,16,white shark
2011.02.17,2011,AUSTRALIA,South Australia,Off Perforated Island near Coffin Bay,Diving for abalone,M,49,Unknown,Y,18,white shark
2011.08.23,2011,SOUTH AFRICA,Western Cape Province,"Lookout Beach, near the Keurbooms river mouth in Plettenberg Bay",Surfing,M,49,Unknown,Y,9,white shark
2011.10.22,2011,AUSTRALIA,Western Australia,Rottnest Island,Diving,M,32,Unknown,Y,13,white shark
2008.04.25,2008,USA,California,"Solana Beach, San Diego County",Swimming,M,66,Unknown,Y,7,white shark
2010.10.22,2010,USA,California,"Surf Beach, Vandenberg AFB, Santa Barbara County",Body boarding,M,19,Unknown,Y,8,white shark
2012.10.23,2012,USA,California,"Surf Beach, Lompoc, Santa Barbara County",Surfing,M,39,Unknown,Y,11,white shark
1963.06.01.b,1963,GREECE,Thessaly,near Trikerion Island,Swimming,F,42,Unknown,Y,16,white shark
1949.01.23,1949,AUSTRALIA,New South Wales,"Bar Beach, Newcastle ",Lifesaving exhibition,M,20,Unknown,Y,15,white shark
1926.03.17,1926,AUSTRALIA,South Australia,"West Beach, Brighton",Swimming ,F,Unknown,Unknown,Y,15,white shark
2015.07.25,2015,AUSTRALIA,Tasmania,"Lachan Island, Mercury Passage",Scallop diving on hookah,M,46,Unknown,Y,10,white shark
1912.00.00,1912,SPAIN,Balearics,Isla Cabrera,Fell into the water,M,Unknown,Unknown,Y,Unknown,white shark
1963.09.29,1963,CHILE,Unknown,"El Panul, 12km south of Coquimbo",Spearfishing / free diving,M,Unknown,Unknown,Y,11,white shark
2000.09.24,2000,AUSTRALIA,South Australia,Cactus Beach near Penong,Surfing,M,25,Unknown,Y,7,white shark
2012.04.19.a,2012,SOUTH AFRICA,Western Cape Province,Caves near Kogel Bay,Body boarding,M,20,Unknown,Y,12,white shark
2014.12.29.a,2014,AUSTRALIA,Western Australia,Three Stripes near Cheynes Beach,Spearfishing,M,17,Unknown,Y,9,white shark
2013.02.27,2013,NEW ZEALAND,North Island,Muriwai,Swimming,M,46,Unknown,Y,13,white shark
2012.03.31,2012,AUSTRALIA,Western Australia,Stratham Beach,Scuba diving,M,33,Unknown,Y,9,white shark
2012.07.14,2012,AUSTRALIA,Western Australia,Off Wedge Island,Surfing,M,24,Unknown,Y,9,white shark
1868.09.01,1868,ITALY,Adriatic Sea,Trieste,Unknown,M,Unknown,Unknown,Y,Unknown,white shark
1776.00.00.b,1776,GREENLAND,Unknown,Unknown,Unknown,Unknown,Unknown,Unknown,Y,Unknown,white shark
1937.11.13,1937,USA,North Carolina,Off Cape Hatteraa,"Tzenny Chandris, a Greek freighter laden with scrap iron, foundered in heavy weather",M,Unknown,Unknown,Y,Unknown,Unknown
1936.00.00,1936,AUSTRALIA,Victoria ,"Port Phillip Bay, Port Melbourne",Swimming ,M,Unknown,Unknown,Y,Unknown,Unknown
1894.04.28.a.R,1894,BURMA,Rangoon,Amherst,Bathing,F,Unknown,Unknown,Y,Unknown,Unknown
1889.07.08,1889,AUSTRALIA,Victoria,Port Phillip,Fell into the water,M,Unknown,Unknown,Y,Unknown,Unknown
1826.08.28,1826,CUBA,Unknown,Unknown,HBM Magpie foundered in a squall,M,Unknown,Unknown,Y,Unknown,Unknown
1936.01.22,1936,AUSTRALIA,South Australia,"West Beach, near Adelaide","Swimming. Passer-by, Len Bedford, heard him shriek , saw shark leap from the water & swimmer disappeared",M,13,Unknown,Y,18,white shark
1994.04.02,1994,SOUTH AFRICA,Western Cape Province,Arniston,Spearfishing,M,Unknown,Unknown,Y,Unknown,white shark
1980.01.05,1980,CHILE,Los Vilos,"Punta Negra, Pichidangui",Hookah Diving,M,Unknown,Unknown,Y,11,white shark
1892.00.00,1892,AUSTRALIA,Torres Strait,Badu Island,Dress diving,M,Unknown,Unknown,Y,Unknown,Unknown
1837.01.17,1837,AUSTRALIA,New South Wales,Macleay River,Washing his feet,M,12,Unknown,Y,18,Unknown
1931.08.31,1931,CUBA,Havana Province,"Vedado Baths, Miramar, Havana",Swimming,M,18,Unknown,Y,Unknown,Unknown
1958.07.10,1958,USA,Florida,"Key West, Monroe County",Unknown,M,35,Unknown,Y,Unknown,Unknown
1960.12.27.b,1960,USA,Hawaii,"Maile Point, O'ahu",Swept out to sea while net fishing,M,Unknown,Unknown,Y,Unknown,Unknown
1988.11.08,1988,AUSTRALIA,Queensland,"Off North Keppel Island, off Yeppoon","The Christie V sank on 11/6/1988, survivors were adrift on a dinghy",M,17,Unknown,Y,7,Unknown
1952.07.27.a,1952,USA,California,"Off Santa Monica, Los Angeles County",Boat exploded,M,Unknown,Unknown,Y,Unknown,Unknown
1979.05.03,1979,SOUTH AFRICA,KwaZulu-Natal,Mbibi,Scuba diving,M,Unknown,Unknown,Y,12,Unknown
ND.0110,1960,VENEZUELA,Los Roques  Islands,Unknown,Spearfishing ,M,Unknown,Unknown,Y,Unknown,hammerhead shark
1880.00.00.e,1880,SYRIA,Unknown,Unknown,Diving for sponges,M,Unknown,Unknown,Y,Unknown,Unknown
1982.02.07..b,1982,USA,Florida,Elliot Key,Diving,M,29,Unknown,Y,Unknown,Unknown
1992.02.19,1992,USA,Hawaii,"Leftovers, near Waimea Bay, O'ahu",Body boarding,M,Unknown,Unknown,Y,15,tiger shark
2001.05.11,2001,MADAGASCAR,Unknown,Shipwrecked Ferry M/V Samsonnette,Unknown,M,Unknown,Unknown,Y,Unknown,Unknown
2001.09.16,2001,USA,Florida,"2 miles off Pompano Beach, Broward County",Wreck / Technical diving,M,42,Unknown,Y,13,Unknown
1949.11.12,1949,AUSTRALIA,Victoria,Port Phillip Bay,No details,M,Unknown,Unknown,Y,Unknown,Unknown
1967.03.10,1967,AUSTRALIA,New South Wales,"Dover Heights, Sydney",Vehicle plunged over cliff into the water,Unknown,Unknown,Unknown,Y,Unknown,Unknown
2005.09.02.a,2005,THAILAND,Unknown,On deck of fishing trawler 100 nautical miles offshore,Removing shark from net,M,21,Unknown,Y,Unknown,Unknown
1965.11.21.b,1965,AUSTRALIA,Queensland,Near Brisbane,Fishing from 34' boat when pulled overboard by hooked shark,M,43,Unknown,Y,Unknown,Unknown
ND-0133,1908,USA,California,"Monterey, Montery County",Fishing for basking sharks,M,Unknown,Unknown,Y,Unknown,basking shark
1980.04.22,1980,PHILIPPINES,Romblon Province,"Maestre de Campo Island, 120 miles south of Manila",Sinking of the ferryboat      Don Juan,Unknown,Unknown,Unknown,Y,21,Unknown
1914.05.31,1914,NEW CALEDONIA,South Province,Noumea,Swimming ashore from swamped 13-ft boat,M,Unknown,Unknown,Y,Unknown,Unknown
1906.04.10.R.a & b,1906,INDONESIA,Unknown,40 miles from Tahane Island,The schooner Tahitienne foundered in a hurricane,M,Unknown,Unknown,Y,Unknown,Unknown
1829.00.00,1829,CARIBBEAN SEA,Unknown,Between St. Bart's and Saba,Wreck of the schooner Driver,M,Unknown,Unknown,Y,Unknown,Unknown
ND.0030,1905,BURMA,Unknown,Unknown,Bathing,M,Unknown,Unknown,Y,Unknown,Unknown
1993.08.00.a,1993,EL SALVADOR,La Libertad,La Libertad,Oyster fishing,Unknown,Unknown,Unknown,Y,Unknown,white shark
1959.07.03.a & b,1959,CARIBBEAN SEA,PANAMA,"Off Cristobal, 200 miles northeast of the entrance to the Panama Canal",Columbian petrol barge Rio Atrato burned and sank,Unknown,27,Unknown,Y,Unknown,Unknown
1938.06.17,1938,NICARAGUA,Lower San Juan River,Unknown,"The schooner Elizabeth, bound from Bluefields, Nicaragua to the river port of San Carlos foundered",Unknown,Unknown,Unknown,Y,Unknown,bull shark
1903.05.04,1903,MEXICO,Veracruz,Coatzacoalcos,Bathing,M,Unknown,Unknown,Y,Unknown,Unknown
1904.07.01.R,1904,ITALY,Ancona Province,Ancona,Swimming,M,Unknown,Unknown,Y,Unknown,Unknown
1956.06.20,1956,MID ATLANTIC OCEAN,Unknown,Venezuelan aircraft lost,Air/Sea Disaster,Unknown,Unknown,Unknown,Y,Unknown,Unknown
1907.03.07,1907,MALTA,Harare Province,Marsaskala,Fishing,M,Unknown,Unknown,Y,Unknown,white shark
1952.00.00.c,1952,PAPUA NEW GUINEA,"Admiralty Islands, Manus Province","Momote, Manus Island",Spearfishing,M,Unknown,Unknown,Y,Unknown,Unknown
2006.10.00.a,2006,GULF OF ADEN,Between Somalia & Yemen,Unknown,Murder,Unknown,Unknown,Unknown,Y,Unknown,Unknown
2007.03.22,2007,YEMEN,Muhafazat Hadramawt,Ras-Alkalb,Murder,Unknown,Unknown,Unknown,Y,9,Unknown
1721.06.00,1721,ITALY,Sardinia,"Ponte della Maddelena,",Swimming,M,Unknown,Unknown,Y,Unknown,white shark
1908.12.16.R,1908,MEXICO,Quintana Roo,Unknown,Swimming ashore from capsized boat,M,Unknown,Unknown,Y,Unknown,Unknown
1791.00.00,1791,AUSTRALIA,New South Wales,Port Jackson,Unknown,F,Unknown,Unknown,Y,Unknown,Unknown
1967.08.19,1967,AUSTRALIA,Western Australia,Jurien Bay,"Spearfishing, dived to pick up a float line",M,23,Unknown,Y,11,white shark
1876.00.00.a,1876,AUSTRALIA,New South Wales,Sydney,Unknown,M,Unknown,Unknown,Y,Unknown,Unknown
1918.11.00.a,1918,SAN DOMINGO,60 miles north of San Domingo in the West Indies,Muchoir Banks,Steamer Una wrecked with 75 laborers onboard. Survivors took to rafts & lifeboats.,M,Unknown,Unknown,Y,Unknown,tiger shark
1949.00.00.c,1949,PAPUA NEW GUINEA,Bougainville (North Solomons),"Orava (Aravo) Islet , near Kieta. ",Spearfishing,M,18,Unknown,Y,Unknown,Unknown
1909.11.14,1909,INDONESIA,30 nm from Singapore,Rhio Strait,The 2379-ton French steamer La Seyne collied with British steamer Onda & sank in minutes. Passengers jumped overboard expecting to be picked up by Ondaï¿½ï¿½ï¿,Unknown,Unknown,Unknown,Y,Unknown,Unknown
ND.0015,1917,FIJI,Moala Island,Unknown,Wreck of  large double sailing canoe,Unknown,Unknown,Unknown,Y,Unknown,Unknown
1948.09.15,1948,MID ATLANTIC OCEAN,Unknown,Bound from New York to London in ballast,Leicester abandoned in a hurricane,M,Unknown,Unknown,Y,Unknown,Unknown
1890.02.25,1890,MALTA,Munxar Reef,Marsascala,"Fishing boat with 4 men on board was rammed & capsized by  a shark, throwing all occupants into the water",M,Unknown,Unknown,Y,Unknown,Unknown
1942.09.11,1942,SOUTHWEST PACIFIC OCEAN,Unknown,Southwestern Pacific Base,Adrift on life raft,M,Unknown,Unknown,Y,Unknown,tiger shark
1878.09.02.a,1878,SOUTH ATLANTIC OCEAN,Off the coast of West Africa,Unknown,Boat with 5 men capsized while returning to the Amerique,M,Unknown,Unknown,Y,Unknown,Unknown
1910.06.08.R,1910,MOZAMBIQUE,Zambesi River,Portuguese territory,"Steamer Durao struck rock & filled, boats capsized, passengers & crew tried to swim to shore",Unknown,Unknown,Unknown,Y,Unknown,Unknown
1898.00.00.c,1898,CUBA,Camaguey Province,Nuevitas Harbor,Attempting to escape by swimming to shore,M,Unknown,Unknown,Y,Unknown,Unknown
1919.09.12,1919,COSTA RICA,Turtle Bogue,Where Colorado River enters the sea,Small vessel with 13 men on board capsized crossing the bar and 6 men drowned.  The 7 survivors were swimming to shore,M,Unknown,Unknown,Y,Unknown,Unknown
1898.00.00.e,1898,CUBA,Santiago de Cuba Province,Off Santiago de Cuba,13 men in the water after sailboat capsized & sank,M,Unknown,Unknown,Y,Unknown,Unknown
1917.05.31,1917,PHILIPPINES,Luzon Island,Canacao Bay,Swimming,M,Unknown,abdomen,Y,17,Unknown
1954.09.04,1954,AUSTRALIA,Torres Strait,"Darnley Island, Torres Strait","Spearfishing, hunting crayfish",M,35,Unknown,Y,Unknown,Unknown
1800.00.00,1800,SEYCHELLES,St. Anne,Unknown,a corsair's boat was overturned,F,Unknown,Unknown,Y,Unknown,Unknown
1949.06.13,1949,CHINA,Unknown,Between Tientsin & Hong Kong,"A 75-ton  Japanese fishing ship was sunk by  Chinese Nationalist gunboat, shipwrecked men were clinging to debris",M,Unknown,Unknown,Y,Unknown,Unknown
1939.05.03,1939,USA,Virginia,"At sea, several hundred miles south east of Cape Henry, Virginia",Washed off freighter Huncliff by a freak wave,M,Unknown,Unknown,Y,Unknown,Unknown
1942.01.04,1942,AUSTRALIA,New South Wales,"Egg Rock, Middle Harbor, Sydney",Swimming,F,28,Unknown,Y,15,bull shark
2002.10.14,2002,BRAZIL,Pernambuco,"Piedade Beach, Jaboatï¿½ï¿½ï¿½ï¿½ï¿½ï¿½ï¿½ï¿½ï¿½o d",Swimming,M,36,Unknown,Y,16,bull shark
1946.08.18,1946,AUSTRALIA,Queensland,"Ellis Beach, 20 miles from Cairns",Swimming after a tennis ball,M,30,Unknown,Y,15,Unknown
1959.10.02,1959,FIJI,Lomaiviti Province,"Levuka, Ovalau Island",Dived overboard to retrieve dinghy,M,Unknown,Unknown,Y,Unknown,Unknown
1975.01.19,1975,AUSTRALIA,South Australia,Coffin Bay,Surfing,M,17,Unknown,Y,Unknown,Unknown
1971.04.05.b,1971,VENEZUELA,Unknown,Unknown,Unknown,M,14,Unknown,Y,Unknown,Unknown
1971.04.05.a,1971,VENEZUELA,Unknown,Unknown,Unknown,M,66,Unknown,Y,Unknown,Unknown
1970.06.13.a,1970,GRENADA,St. Andrew Parish,Grenville,Wading,M,18,Unknown,Y,14,Unknown
1970.04.04,1970,GRENADA,St. Andrew Parish,Grenville,Swimming,M,14,Unknown,Y,16,Unknown
1962.10.00,1962,PANAMA,Pinas Bay,Unknown,Sitting in shallows,M,1,Unknown,Y,Unknown,Unknown
1959.02.02,1959,SOLOMON ISLANDS,Guadalcanal Province,"Trenchï¿½ï¿½ï¿½ï¿½ï¿½ï¿½ï¿½ï¿½ï¿½s",Bathing with sister,M,15,Unknown,Y,17,Unknown
1944.08.20,1944,SOUTH AFRICA,KwaZulu-Natal,Margate,Swimming ,M,19,Unknown,Y,14,Unknown
1959.03.08,1959,PHILIPPINES,Mindanao,"Mouth of Langoyan River, Davao City",Lifeboat capsized,M,20,Unknown,Y,Unknown,Unknown
1965.06.00,1965,SOUTH PACIFIC OCEAN,Unknown,Unknown,Treading water,M,Unknown,Unknown,Y,9,Unknown
1960.06.05,1960,PHILIPPINES,Corregidor Island,Unknown,"Diving for shells, saw shark circling wife near the surface, intercepted shark & it pulled him beneath the water",M,58,Unknown,Y,9,Unknown
1942.00.00.a,1942,PANAMA,Panama City,Bella Vista Beach,Swimming,M,Unknown,Unknown,Y,Unknown,Unknown
1904.07.27,1904,USA,Texas,Unknown,Swimming,M,Unknown,Unknown,Y,Unknown,Unknown
ND-0106,1962,SOUTH AFRICA,Western Cape Province,"Murray Bay, Robben Island",Swimming,M,Unknown,Unknown,Y,Unknown,Unknown
1992.03.08.c,1992,JAPAN,Ehime Prefecture,Matsuyama,Hookah diving for pen shells ,M,41,Unknown,Y,15,white shark
1959.06.14.a,1959,USA,California,"La Jolla, San Diego County",Free diving for abalone,M,33,Unknown,Y,17,white shark
1999.05.29,1999,AUSTRALIA,South Australia,"Hardwicke Bay, Yorke Peninsula",Windsurfing,M,22,Unknown,Y,14,white shark
1982.02.28,1982,AUSTRALIA,Tasmania,South Cape Bay,Spearfishing,M,32,Unknown,Y,Unknown,white shark
1972.10.14.b,1972,USA,US Virgin Islands,"St. Croix, Cane Bay",Scuba diving,M,Unknown,Unknown,Y,Unknown,white shark
1942.11.01,1942,SOUTH AFRICA,Western Cape Province,Clifton,Swimming ,M,18,Unknown,Y,12,white shark
1944.07.22,1944,SOUTH AFRICA,Western Cape Province,Hartenbos,Swimming,M,17,Unknown,Y,16,white shark
1950.02.11,1950,SOUTH AFRICA,KwaZulu-Natal,"South Beach, Durban",Body surfing,M,14,Unknown,Y,14,white shark
1951.08.17.a,1951,GREECE,Corfu Island,Off Royal Residence,Swimming,F,16,Unknown,Y,Unknown,white shark
ND.0013,1913,SOUTH AFRICA,KwaZulu-Natal,Durban,Fishing,M,Unknown,Unknown,Y,Unknown,Unknown
1840.00.00.a,1840,USA,South Carolina,"Charleston Harbor, Charleston County",Accidentally thrown overboard & treading water while awaiting rescue,M,Unknown,Unknown,Y,Unknown,Unknown
1934.08.26,1934,AUSTRALIA,Queensland,Off Eva Island 20 miles from Cardwell,Dived into sea from launch & bitten immediately,M,Unknown,Unknown,Y,Unknown,Unknown
1852.00.00,1852,USA,South Carolina,"Mount Pleasant, Charleston County","Vessel capsized, wading ashore carrying an oar",M,Unknown,Unknown,Y,Unknown,Unknown
1926.07.23,1926,ITALY,Golfo di Genova in the Ligurian Sea,Varazze,Swimming,M,20,Unknown,Y,11,white shark
1944.10.26.a,1944, PHILIPPINES,Bernardino Strait near Gulf of Leyte,Unknown,USS Hoel DD 533 sunk on 10/24/1944 in the Battle off Samar. 2 crewmen were swimmng alongside a floater net &,M,Unknown,Unknown,Y,Unknown,Unknown
1891.06.11,1891,USA,Virginia,Hampton Roads,Fishing for sharks when he became entangled in net & fell overboard,M,Unknown,Unknown,Y,Unknown,Unknown
1890.12.30,1890,AUSTRALIA,Queensland,Moreton Bay,Swimming to shore after boat capsized by a squall,Unknown,Unknown,Unknown,Y,Unknown,Unknown
1957.00.00.k,1957,SRI LANKA,Western Province,Colombo Harbor,Fishing,M,Unknown,Unknown,Y,Unknown,Unknown
1984.07.22,1984,SOUTH AFRICA,Western Cape Province,Cape Point,Spearfishing,M,21,Unknown,Y,11,Unknown
2015.03.29,2015,ITALY,Sardinia,Unknown,Diving,M,43,Unknown,Y,Unknown,Unknown
2006.03.22,2006,SOUTH AFRICA,Eastern Cape Province,Port Alfred,Swimming,M,17,Unknown,Y,Unknown,Unknown
1922.10.29,1922,AUSTRALIA,New South Wales,"Botany Bay, Sydney",Sailing,M,Unknown,Unknown,Unknown,Unknown,Unknown
1908.05.10,1908,USA,Florida," Marathon, Monroe County",Unknown,M,Unknown,Unknown,Y,Unknown,Unknown
1996.05.24,1996,AUSTRALIA,New South Wales,"Wreck of paddle steamer, Koputai, 6 km off Bondi Beach",Tech diving ,M,45,Unknown,Y,Unknown,white shark
1979.05.27,1979,USA,Florida,"Fort Walton Beach, Okaloosa County",Scuba diving,M,36,Unknown,Y,Unknown,Unknown
1906.02.14.R,1906,NEW ZEALAND,North Island,Mototapu Island,Swimming,M,Unknown,Unknown,Y,Unknown,Unknown
1962.06.11.b,1962,USA,California,San Francisco Bay,Escaping from Alacatraz,M,32,Unknown,Y,21,Unknown
1962.06.11.a,1962,USA,California,San Francisco Bay,Escaping from Alacatraz,M,35,Unknown,Y,21,Unknown
1957.00.00.i,1957,CUBA,Havana Province,Cojimar,Unknown,Unknown,1,Unknown,Y,Unknown,Unknown
1779.00.00,1779,USA,Hawaii,"Maliu, Hawai'i",Surfing,M,Unknown,buttock,Y,Unknown,Unknown
2017.04.12.a,2017,SOUTH AFRICA,KwaZulu-Natal,Protea Banks,Scuba Diving,M,68,Unknown,Y,Unknown,Unknown
1972.01.01.c,1972,SOUTH AFRICA,Eastern Cape Province,St. Georgeï¿½ï¿½ï¿½,Swimming,M,20,Unknown,Y,Unknown,Unknown
1954.05.26.R,1954,PAPUA NEW GUINEA,East Sepik,Wewak,"Fishing / cleaning fish, dived into water to retrieve a lost fish",M,Unknown,Unknown,Y,Unknown,Unknown
1959.10.07,1959,MOZAMBIQUE,Maputo Province,"Xefina Island, Bay of Maputo",Swimming,M,Unknown,Unknown,Y,Unknown,Unknown
1932.02.08,1932,PHILIPPINES,Manila,Fort Mills,Working near fish traps,M,Unknown,Unknown,Y,Unknown,Unknown
ND.0037,1945,SAUDI ARABIA,Eastern Province,East of the Ras Tanura-Jubail area ,Diving,M,Unknown,Unknown,Y,Unknown,blacktip shark
1976.07.16,1976,USA,Hawaii,"Maha'ulepu, Koloa, Kaua'i",Scuba diving,M,18,Unknown,Y,Unknown,Unknown
1948.12.27,1948,AUSTRALIA,Western Australia,Lancelin Island,Swimming,M,17,Unknown,Y,Unknown,tiger shark
1952.08.03,1952,USA,Hawaii,"Between Ala Moana Channel & Kewalo Basin, O'ahu",Swimming,M,Unknown,Unknown,Y,Unknown,Unknown
1921.11.27.b,1921,AUSTRALIA,Queensland,"Gayï¿½ï¿½ï¿½ï¿½ï¿½ï¿½ï¿½ï¿½ï¿½s Corner, Bulim",Fell from his father's back into the water,M,8,Unknown,Y,9,Unknown
1959.08.15.a,1959,USA,Florida,"Panama City, Bay County",Spearfishing on Scuba,M,26,Unknown,Y,Unknown,Unknown
1981.05.24,1981,USA,Hawaii,"Ha'ena Beach Park, Kaua'i","Scuba diving, reportedly also spearfishing",M,Unknown,Unknown,Y,Unknown,Unknown
1923.11.23,1923,AUSTRALIA,Western Australia,"Condon, 88 km NE of Port Hedland",Dry shelling,M,Unknown,Unknown,Y,Unknown,Unknown
1922.01.04,1922,AUSTRALIA,New South Wales,"Stockton Beach, Newcastle",Surfing,M,26,Unknown,Y,18,Unknown
1923.12.02,1923,AUSTRALIA,New South Wales,"Urunga, Belliger Heads","Fishing, standing in waist-deep water",M,Unknown,Unknown,Y,Unknown,Unknown
1938.07.12,1938,AUSTRALIA,Torres Strait,Off Bathurst Island,"Hardhat diving from Japanese pearling lugger, Reiyo Maru",M,25,Unknown,Y,Unknown,Unknown
1899.08.23.R,1899,USA,California,"Monterey Bay, Monterey County",Hunting sharks,M,Unknown,Unknown,Y,Unknown,basking shark
1915.00.00,1915,USA,Florida,"Soldier Key, Miami-Dade County",Unknown,M,Unknown,Unknown,Unknown,Unknown,white shark
2003.10.06,2003,USA,Florida,Palm Beach?,Swimming to shore from boat or kayak,M,Unknown,Unknown,Y,Unknown,Unknown
1960.04.00.b,1960,PHILIPPINES,Luzon Island,Bataan,"Fishing, hooked shark towed boat out to sea, storm swamped boat",M,Unknown,Unknown,Y,Unknown,Unknown
1961.04.09,1961,MOZAMBIQUE,Gaza,Xai Xai,"Swimming, using bundles of sticks as raft",M,38,abdomen,Y,11,bull shark
1926.00.00.b,1926,SINGAPORE,Unknown,Sea View Beach,Dived onto shark from floating stage,F,Unknown,Unknown,Y,Unknown,Unknown
ND.0040,1943,IRAN,Khuzestan Province,"Ahvaz, on the Karun River",Unknown,M,Unknown,Unknown,Y,Unknown,Unknown
1926.05.18,1926,USA,Hawaii,"Hale'iwa, O'ahu",Swimming,M,Unknown,Unknown,Y,Unknown,white shark
1952.00.00.a,1952,USA,Florida,Near Key West,Swimming,M,Unknown,groin,Y,Unknown,Unknown
ND.0051,1957,CUBA,Havana Province,Cojimar,"Shark fishing, knocked overboard",M,50,Unknown,Y,Unknown,Unknown
1936.12.01,1936,AUSTRALIA,Victoria,Mordialloc,Fishing,M,50,Unknown,Y,Unknown,white shark
1961.07.00.a,1961,PANAMA,Unknown,"Jarque, just south of Pi?as Bay",Fishing (trolling)  from canoe,M,10,Unknown,Y,Unknown,Unknown
ND.0094,1996,KOREA,South Korea,Cheju Island,Diving,F,Unknown,Unknown,Y,Unknown,Unknown
1971.04.00,1971,MOZAMBIQUE,Between Beira & Maputo,Unknown,Wreck of the 1689-ton Portuguese  coaster Angoche,Unknown,Unknown,Unknown,Y,Unknown,Unknown
ND.0009,1906,AUSTRALIA,Unknown,Unknown,Fishing,M,Unknown,Unknown,Y,Unknown,blue pointer shark
1976.00.00.b,1976,USA,Hawaii,"Off Lahaina, Maui",Scuba diving,M,Unknown,Unknown,Y,Unknown,Unknown
1973.02.27,1973,MEXICO,Guerrero,"Revolcadero Beach, Acapulco",Swimming,Unknown,57,Unknown,Y,Unknown,Unknown
1973.04.04,1973,MEXICO,Guerrero,"Revolcadero Beach, Acapulco",Wading,M,45,Unknown,Y,18,Unknown
1971.04.11,1971,SOUTH AFRICA,Western Cape Province,Buffels Bay,Swimming,M,55,Unknown,Y,11,white shark
1957.00.00.b,1957,PAPUA NEW GUINEA,"Abau Subdistrict,Central Province",Mailu area  ,Fishing,M,Unknown,Unknown,Y,Unknown,Unknown
1957.12.20,1957,SOUTH AFRICA,KwaZulu-Natal,Uvongo,Standing,M,15,Unknown,Y,16,Unknown
1975.03.00,1975,BANGLADESH,Ganges-Brahmaputra delta,Unknown,Ferry capsized,Unknown,Unknown,Unknown,Y,Unknown,Unknown
1888.07.13.R,1888,INDIA,Gujarat,Cutch Coast,The Dwarka foundered,M,Unknown,Unknown,Y,Unknown,Unknown
1917.07.15,1917,IRELAND,Off Ireland,82 miles from Fastnet,Ship Mariston torpedoed & sunk,M,Unknown,Unknown,Y,9,Unknown
1966.05.20.a,1966,AUSTRALIA,Unknown,7 miles offshore on east coast of Australia,Shipwreck,M,38,Unknown,Y,18,white shark
1911.05.09,1911,SOUTH AFRICA,Western Cape Province,Victoria Bay,Bathing,M,64,Unknown,Y,18,Unknown
1924.04.25,1924,AUSTRALIA,New South Wales,Kiama,"Fishing, fell in water & swimming strongly to shore",M,20,Unknown,Y,15,Unknown
1881.09.05,1881,USA,North Carolina,"Elizabeth City, Pasquotank County  ",Bathing,M,Unknown,Unknown,Y,9,Unknown
1967.12.17,1967,AUSTRALIA,Victoria,"Cheviot Beach, Portsea, Port Phillip Bay",Swimming,M,59,Unknown,Y,9,Unknown
1928.01.21.a,1928,USA,Florida,Off Florida coast,Jumped overboard and swimming,M,Unknown,Unknown,Y,21,Unknown
1893.04.04,1893,AUSTRALIA,Tasmania,"Chimney Point, Georgeï¿½ï¿½","Boat capsized, swimming ashore",M,Unknown,Unknown,Y,16,Unknown
1960.11.22,1960,USA,Florida,"Hutchinson Island Beach, Martin County","Fell overboard, prop slashed arm",F,51,Unknown,Y,Unknown,Unknown
1956.08.00.e,1956,UNITED KINGDOM,Cornwall,The Lizard,Attempting to kill a shark with explosives,M,Unknown,Unknown,Y,Unknown,Unknown
1956.08.00.d,1956,UNITED KINGDOM,Cornwall,The Lizard,Attempting to kill a shark with explosives,M,Unknown,Unknown,Y,Unknown,Unknown
1867.00.00,1867,CUBA,Matanzas Province (north coast),Matanzas,Painting a ship,M,Unknown,Unknown,Y,Unknown,Unknown
1938.05.26,1938,COSTA RICA,Nicoya Peninsula,Unknown,Fishing,M,Unknown,Unknown,Y,Unknown,Unknown
1883.00.00.d,1883,PACIFIC OCEAN,Unknown,Unknown,Fishing,M,Unknown,Unknown,Y,Unknown,Unknown
1967.03.09,1967,NEW ZEALAND,South Island,St. Kilda Beach,Lifesaving drill,M,21,Unknown,Y,19,white shark
1958.00.00.d,1958,PAPUA NEW GUINEA,West New Britain Province,"Kombe, Talasea",Spearfishing,M,Unknown,abdomen,Y,Unknown,Unknown
1907.03.26,1907,USA,Florida,"Garden Key, Charlotte County","Fishing,  tarpon being chased by shark  leapt across his skiff, breaking it in half & Larkin became tangled in the net",M,Unknown,Unknown,Y,Unknown,Unknown
2005.08.01,2005,Seychelles,Inner Islands,Off North Island,Fishing,M,Unknown,Unknown,Y,Unknown,bull shark
1904.08.00,1904,CUBA,Villa Clara Province,Caibarien Harbor,"Ship's boat capsized in squall, captain & 2 sailors clinging onto hull",M,Unknown,Unknown,Y,Unknown,Unknown
1878.02.13,1878,SOUTH AFRICA,Western Cape Province,Olifantbos Point,Wreck of the Union Steamship Company 982-ton iron steamer Kafir,M,Unknown,Unknown,Y,Unknown,Unknown
1872.02.26,1872,AUSTRALIA,Queensland,Bramble Reef,Wreck of the 150-ton brig Maria,Unknown,Unknown,Unknown,Y,Unknown,Unknown
1846.12.08,1846,MEXICO,Veracruz,Vera Cruz,Wreck of the USS Somers,M,Unknown,Unknown,Y,Unknown,Unknown
1968.07.10,1968,BAHAMAS,Great Exuma Island,Children's Bay Cay near Rollerville,Small boat with 2 men onboard hit a submerged coral formation. Men began swimming to shore,M,Unknown,Unknown,Y,Unknown,Unknown
1923.06.16,1923,AUSTRALIA,New South Wales,Bellambi Reef,"After rowing skiff was holed by shark, he was attempting to swim ashore",M,Unknown,Unknown,Y,Unknown,Unknown
1844.05.24,1844,Coast of AFRICA,Island of St. Thomas,Unknown,Fell overboard,M,Unknown,Unknown,Y,Unknown,Unknown
1931.00.00.b,1931,TONGA,Niua ,Niuafo'ou Island ,"Swimming, carrying tin can with mail to steamer",M,Unknown,Unknown,Y,Unknown,Unknown
1938.12.27,1938,AUSTRALIA,New South Wales,"North Beach, Belligen River",Swimming,M,19,Unknown,Y,Unknown,Unknown
1951.11.23.R,1951,PHILIPPINES,Unknown,Unknown,Shipwrecked; adrift on raft for 2 days & 2 nights,M,Unknown,Unknown,Y,Unknown,Unknown
1951.06.25,1951,USA,Hawaii,"Kapehu Beach, Laupahoehoe, Hawai'i",Swept out to sea while fishing,M,Unknown,face,Y,Unknown,Unknown
1939.00.00.c,1939,VENEZUELA,Carabobo,"El Falito, near Puerto Cabello",Bathing,M,Unknown,Unknown,Y,Unknown,Unknown
1916.07.11,1916,BAHAMAS,Unknown,50 miles off Bahamas,S.S. Ramos foundered in a hurricane. Captain & 14 crew in water-logged lifeboats. ,M,Unknown,Unknown,Y,Unknown,Unknown
ND.0001,1849,CEYLON (SRI LANKA),Eastern Province,"Below the English fort, Trincomalee",Swimming,M,15,Unknown,Y,Unknown,Unknown
1580.01.10.R,1580,Between PORTUGAL & INDIA,Unknown,Unknown,Man fell overboard from ship. Those on board threw a rope to him with a wooden block & were pulling him to the ship,M,Unknown,Unknown,Y,Unknown,Unknown
1852.02.26,1852,SOUTH AFRICA,Western Cape Province,Danger Point,Wreck of the steamship Birkenhead,M,Unknown,Unknown,Y,1,white shark
1963.08.00,1963,DOMINICAN REPUBLIC,Santo Domingo,Rio Haina Port,"Swimming, when caught in heavy seas",M,25,abdomen,Y,Unknown,Unknown
1989.02.02,1989,ITALY,Tyrrhenian Sea,"Golfo di Baratti, near Piombino (Tuscany)","Scuba diving, but swimming on surface",M,47,Unknown,Y,10,white shark
1935.08.26,1935,AUSTRALIA,Queensland,"At Flat Top, near Mackay","Fell overboard, hanging onto lifebuoy",M,38,Unknown,Y,21,Unknown
1961.10.00.a,1961,USA,Florida,"Boca Raton, Palm Beach County",Unknown,M,45,Unknown,Y,Unknown,Unknown
1905.09.29,1905,AUSTRALIA,New South Wales,"Waverly, Sydney",Swimming,M,Unknown,Unknown,Y,Unknown,Unknown
1948.02.13,1948,USA,Texas,"Gulf of Mexico between Brownsville & Carmen, Mexico","C47 aircraft carrying 5,000 lbs of ice ditched in the sea",M,Unknown,Unknown,Y,Unknown,Unknown
1893.01.18.R,1893,FRENCH POLYNESIA,Unknown,One week out of Pï¿½ï¿,Murdered,M,Unknown,Unknown,Y,Unknown,Unknown
1865.03.01.R,1865,SOUTH AFRICA,Western Cape Province,St. Helena Bay,Fishing,M,Unknown,Unknown,Y,Unknown,Unknown
1878.08.09,1878,USA,New York,East River,Swimming,M,Unknown,Unknown,Y,15,Unknown
1910.12.25.R,1910,CROATIA, Primorje-Gorski Kotar County,Rijeka,Unknown,M,Unknown,Unknown,Y,Unknown,Unknown
2014.09.13.R,2014,FRENCH POLYNESIA,Moorea,Tiahura Lagoon,Feeding fish,F,36,finger,N,Unknown,blacktip shark
2000.10.06.b,2000,USA,Florida,"New Smyrna Beach, Volusia County",Surfing,M,23,finger,N,14,blacktip shark
2000.02.14,2000,ENGLAND,Worcestershire,The Fountain Pub in Tenbury Wells,Feeding prawns to captive sharks,M,Unknown,finger,N,Unknown,blacktip shark
2005.02.26,2005,AUSTRALIA,Queensland,Brisbane River,Swimming,M,18,finger,N,Unknown,bull shark
2007.11.18,2007,AUSTRALIA,Western Australia,In a tidal creek    5 km from Wickham,Fishing,M,32,finger,N,Unknown,caribbean reef shark
1952.05.07.R,1952,AUSTRALIA,Western Australia,Boyup Brook,"Fishing, standing in water washing fish",M,Unknown,finger,N,Unknown,carpet shark
2013.01.13,2013,NEW ZEALAND,Mercury Islands,Great Mercury Island,Spearfishing,M,Unknown,finger,N,Unknown,copper shark
2003.10.05.a,2003,USA,Hawaii,"Cove Beach / Kalama Beach, Kihei, Maui",Wading near a fishing net,F,41,finger,N,12,grey reef shark
1995.08.01,1995,TONGA,Vavaï¿,Neiafu,Fishing,M,Unknown,finger,N,Unknown,grey reef shark
1961.01.06.a,1961,AUSTRALIA,Northern Territory,"Stokes Hill Wharf, Darwin",Fishing,M,Unknown,finger,N,Unknown,hammerhead shark
2017.02.06.b,2017,BRAZIL,Pernambuco,Fernando de Noronha Marine Park,Grabbing shark for a selfie,F,Unknown,finger,N,15,lemon shark
2005.07.15.R,2005,AUSTRALIA,Unknown,Unknown,Unknown,Unknown,Unknown,finger,N,Unknown,Unknown
2015.06.05,2015,USA,Florida,Fort Lauderdale,Attempting to rescue a shark,F,17,finger,N,Unknown,nurse shark
1935.08.24,1935,UNITED KINGDOM,Isle of Wight,Atherfield,Fishing,M,Unknown,finger,N,Unknown,porbeagle
2012.07.19,2012,CANADA,British Colombia,"Tofino, Vancouver",Surfing,F,23,finger,N,Unknown,salmon shark
1968.12.26,1968,AUSTRALIA,New South Wales,"Marineland Aquarium, Manley, Sydney",Feeding mullet to sharks,M,27,finger,N,9,sandtiger shark
1877.04.07,1877,AUSTRALIA,Tasmania,Smelting Works Bay near Hobart,Unknown,M,Unknown,finger,N,Unknown,sevengill shark
2014.05.22,2014,AUSTRALIA,New South Wales,The Australian Shark and Ray Centre,Teasing a shark,M,10,finger,N,Unknown,nurse shark
1935.03.20,1935,AUSTRALIA,Torres Strait,Three Mile Reef off Lizard Island 50 miles north of Cooktown,"Pearl diving, but standing in the water",M,Unknown,finger,N,Unknown,tiger shark
1995.01.24,1995,SOUTH AFRICA,KwaZulu-Natal,Isipingo,Swimming,M,14,finger,Y,18,tiger shark
2014.10.31,2014,USA,Hawaii,"North Kohala, Hawaii County",Surfing,F,34,finger,N,11,tiger shark
2008.04.19.R,2008,SOUTH AFRICA,KwaZulu-Natal,Aliwal Shoal,Free-diving,M,Unknown,finger,N,Unknown,tiger shark
1931.06.13,1931,USA,Hawaii,"Pearl Harbor, O'ahu",Gaffing & attempting to bring onboard a harpooned shark,M,Unknown,finger,N,Unknown,tiger shark
2003.11.12.b,2003,INDIA,Tamilnadu,"Mahabalipuram beach, 37 km south of Chennai",Swimming or surfing,M,35,finger,N,Unknown,tiger shark
1931.03.06,1931,AUSTRALIA,South Australia,Encounter Bay,"Fishing, hauling in net, shark in net",M,Unknown,finger,N,Unknown,Unknown
1961.07.29,1961,USA,New York,Whitewood Point on Lloyd Neck in Oyster Bay,Spearfishing,M,57,finger,N,14,Unknown
1956.07.26,1956,USA,California,"Van Ness Municipal Pier, San Francisco",Fishing,M,38,finger,N,Unknown,Unknown
1906.04.16,1906,AUSTRALIA,Victoria,Western Port Bay,Shooting sharks ,M,Unknown,finger,N,Unknown,Unknown
1991.04.24,1991,BRAZIL,Pernambuco,"Praia de Pau Amarelo, Recife",Fishing,Unknown,Unknown,finger,N,15,Unknown
2007.04.20,2007,USA,Florida,"New Smyrna Beach, Volusia County",Surfing,M,24,finger,N,17,Unknown
2005.09.20,2005,USA,South Carolina,"Myrtle Beach, Horry County",Body surfing,F,68,finger,N,16,Unknown
1931.06.04.R,1931,USA,Florida,"Key West, Monroe County ",Crabbing,M,Unknown,finger,N,Unknown,Unknown
1976.07.12,1976,USA,Florida,St. Lucie County,Spearfishing,M,23,finger,N,Unknown,Unknown
2000.09.11,2000,USA,Florida,"Daytona Beach Shores, Volusia County",Swimming / Body surfing,M,25,finger,N,13,Unknown
1909.12.05,1909,AUSTRALIA,New South Wales,Bondi,Fishing,M,Unknown,finger,N,Unknown,Unknown
1952.07.27.c,1952,USA,South Carolina,Seabrook Beach,Fishing,M,43,finger,N,Unknown,Unknown
2006.01.01,2006,SOUTH AFRICA,Western Cape Province,Soetwater,Diving for crayfish,M,49,finger,N,Unknown,Unknown
2011.10.01,2011,USA,Alabama,"Gulf Shores, Baldwin County",Unknown,M,29,finger,N,Unknown,Unknown
2002.05.07,2002,AUSTRALIA,Northern Territory,Darwin,Fishing from prawn trawler,M,20,finger,N,Unknown,Unknown
2001.09.08,2001,USA,Florida,"Everglades National Park, Monroe County",Fishing,M,44,finger,N,Unknown,Unknown
1995.08.26.a,1995,USA,Florida,"Ponce de Leon Inlet, Volusia County",Surfing,M,18,finger,N,14,Unknown
1995.11.25.a,1995,NORTHERN ARABIAN SEA,Unknown,Unknown,Fell off aircraft carrier,M,Unknown,finger,N,Unknown,Unknown
2009.02.22,2009,AUSTRALIA,Queensland,Batt Reef,Fishing,M,Unknown,finger,N,10,Unknown
1987.05.06,1987,AUSTRALIA,New South Wales,Unknown,Fishing,M,34,finger,N,Unknown,Unknown
2005.11.25.a,2005,SOUTH AFRICA,Eastern Cape Province,"Nahoon, East London",Surfing,M,26,finger,N,11,Unknown
2003.04.25,2003,BRAZIL,Rio de Janeiro,"Copacabana Beach, Rio de Janiero",Swimming ,M,16,finger,N,18,Unknown
1968.08.13,1968,FRENCH POLYNESIA,Society Islands,Tahiti,Swimming,M,12,finger,N,Unknown,Unknown
1967.08.14.R,1967,COLUMBIA,Unknown,Unknown,Unknown,M,Unknown,finger,N,Unknown,Unknown
2013.05.23.a,2013,PALESTINIAN TERRITORIES,Unknown,Gaza,Fishing,M,30,finger,N,18,Unknown
1961.05.17,1961,NEW BRITAIN,East New Britain Province,Kokopo,Collecting dynamited fish,M,Unknown,finger,N,Unknown,Unknown
1949.08.28.a,1949,AUSTRALIA,Queensland,Yorkeyï¿½ï¿½ï¿½ï¿½ï¿½ï¿½ï¿½ï¿½ï,Swimming,M,34,finger,Y,13,Unknown
1929.02.18,1929,AUSTRALIA,New South Wales,Maroubra Bay,Body surfing,M,20,finger,Y,15,Unknown
1928.00.00,1928,SOUTH AFRICA,KwaZulu-Natal,Tugela River Mouth,Standing,M,25,finger,N,11,Unknown
1955.08.04.R,1955,USA,South Carolina,Windy Hill Beach,Fishing,M,Unknown,finger,N,Unknown,Unknown
1953.01.20,1953,AUSTRALIA,South Australia,Largs Bay,Fishing,M,61,finger,N,Unknown,Unknown
1942.00.00.d,1942,MID-PACIFC OCEAN,(Southwestern Pacific),Unknown,"Plane forced down, 3 men on rubber life raft. Put hand over side to feel drift of boat ",M,Unknown,finger,N,Unknown,Unknown
1936.02.23,1936,AUSTRALIA,New South Wales,"Angourie, near Yamba",Touching the mouth of a supposedly dead shark,F,Unknown,finger,N,Unknown,Unknown
1908.09.05,1908,USA,California,"Redondo, Los Angeles County",On fishing boat & trailing hand in the water,M,Unknown,finger,N,Unknown,Unknown
1907.04.20,1907,MEXICO,Oaxaca,Salina Cruz,Bathing,M,Unknown,finger,N,Unknown,Unknown
1907.02.09,1907,PHILIPPINES,Luzon Island,Manila Bay,"Row boat (from the gunboat Elcano) was sinking, put finger in hole",M,Unknown,finger,N,Unknown,Unknown
1861.01.15.R,1861,AUSTRALIA,Queensland,Cleveland,Bathing,M,Unknown,finger,N,Unknown,Unknown
ND.0033,1905,BURMA,Unknown,Unknown,Carrying a supposedly dead shark by its mouth,M,Unknown,finger,N,Unknown,Unknown
1987.08.15,1987,USA,California,"Tunitas Beach, San Mateo County",Surfing (sitting on his board),M,40,finger,N,7,white shark
2008.07.30,2008,SOUTH AFRICA,Unknown,Unknown,Unknown,M,Unknown,finger,N,Unknown,white shark
2008.11.28,2008,EGYPT,Red Sea,Elphinstone Reef,Scuba diving,F,Unknown,finger,N,9,white shark
1983.12.24,1983,AUSTRALIA,South Australia,"Dangerous Reef, South Neptune Island",Scuba diving for abalone,M,48,finger,N,Unknown,white shark
1936.07.25,1936,USA,Massachusetts,"Hollywood Beach, just above Mattapoisett Harbor, Buzzards Bay",Swimming crawl stroke,M,16,finger,Y,15,white shark
1950.11.25,1950,AUSTRALIA,Queensland,"Burleigh Heads, Brisbane",Body surfing,M,21,finger,N,17,white shark
1928.11.18,1928,USA,New Jersey,"Seabright, Monmouth County",Fishing,M,Unknown,Unknown,N,Unknown,blue nose shark
1999.07.06,1999,USA,South Carolina,Charleston,Unknown,M,Unknown,heel,N,Unknown,Unknown
1930.01.00,1930,MAURITIUS,Unknown,Two miles from shore in Tamarind Bay,Swimming to shore after a squall  capsized their motorized shark fishing boat,M,Unknown,Unknown,Y,Unknown,Unknown
2010.07.16.b,2010,SPAIN,Grand Canary Island,"Sardina del Norte, Gï¿½ï¿",Swimming,M,9,foot,N,19,angel shark
1937.09.12,1937,SCOTLAND,Argyllshire,Arran,Pleasure boating,Unknown,Unknown,foot,N,Unknown,basking shark
2001.01.09,2001,USA,California,"Sunset Cliffs, San Diego",Surfing,M,Unknown,foot,N,Unknown,blacktip shark
2009.05.16.b,2009,USA,Florida,"New Smyrna Beach, Volusia County",Surfing,M,49,foot,N,10,blacktip shark
2007.04.22,2007,USA,Florida,"Hutchinson Island, St. Lucie County",Body boarding,M,12,foot,N,12,blacktip shark
2015.07.26.b,2015,USA,Florida,"Daytona Beach, Volusia County",Surfing,M,25,foot,N,19,blacktip shark
2011.06.01,2011,MALAYSIA,Kedah,Palau Payar,Snorkeling,F,Unknown,foot,N,Unknown,blacktip shark
2014.10.05.b,2014,USA,Florida,"New Smyrna Beach, Volusia County",Surfing,M,29,foot,N,11,blacktip shark
2014.10.05.a,2014,USA,Florida,"New Smyrna Beach, Volusia County",Surfing,M,15,foot,N,11,blacktip shark
1986.01.12,1986,USA,Florida,"Singer Island, Riviera Beach, Palm Beach County",Surfing,M,22,foot,N,8,blacktip shark
2012.06.14.a,2012,USA,South Carolina,"Myrtle Beach, Horry County",Swimming,M,16,foot,N,13,blacktip shark
1995.08.10.a,1995,USA,South Carolina,"Ocean Lakes Campground, south of Myrtle Beach, Horry County","""Riding waves on a board""",F,14,foot,N,Unknown,blacktip shark
2000.06.10,2000,USA,Texas,"J.P. Luby Surf Park, Corpus Christi",Surfing,M,17,foot,N,16,blacktip shark
1947.03.09,1947,SOUTH AFRICA,KwaZulu-Natal,"Country Club Beach, Durban",Treading water,M,22,foot,N,12,blacktip shark
2015.09.29,2015,USA,Florida,"Vilano Beach, St.  Johns County",Surfing,M,22,foot,N,16,blacktip shark
2006.06.20,2006,USA,Florida,"New Smyrna Beach, Volusia County",Surfing,F,22,foot,N,13,blacktip shark
2001.04.12.a,2001,USA,Florida,"New Smyrna Beach / Waveland, Volusia County",Surfing,M,22,foot,N,11,blacktip shark
2001.08.18.c,2001,USA,Florida,"New Smyrna Beach, Volusia County",Surfing,M,20,foot,N,12,blacktip shark
1997.10.24,1997,USA,Florida,"North Jetty, Fort Pierce Inlet State Park, St. Lucie County",Surfing,M,23,foot,N,17,blacktip shark
2001.04.11.d,2001,USA,Florida,"New Smyrna Beach, Volusia County",Surfing,M,19,foot,N,20,blacktip shark
2001.04.12.c,2001,USA,Florida,"New Smyrna Beach, Volusia County",Surfing,M,21,foot,N,16,blacktip shark
2001.04.10,2001,USA,Florida,"New Smyrna Beach, Volusia County",Surfing,Unknown,16,foot,N,Unknown,blacktip shark
1997.09.08,1997,USA,Florida,"New Smyrna Beach, Volusia County",Surfing,Unknown,17,foot,N,18,blacktip shark
1967.10.17,1967,USA,Florida,"McArthur Beach, Singer Island, Palm Beach Shores",Standing on sandbar,M,19,foot,N,16,blacktip shark
2000.09.18,2000,AUSTRALIA,New South Wales,Wollongong,Fell onto dead shark,M,12,foot,N,Unknown,blue shark
1983.00.00.b,1983,USA,North & South Carolina,Unknown,Fishing,M,Unknown,foot,N,Unknown,blue shark
1910.11.24,1910,AUSTRALIA,Queensland,Mackay,Bathing,M,Unknown,foot,N,Unknown,blue shark
1983.12.07,1983,SOUTH AFRICA,KwaZulu-Natal,LaMercy,Unknown,M,Unknown,foot,N,Unknown,bull shark
2004.03.31.a,2004,USA,Florida,"Stuart Rocks, Martin County",Surfing,M,20,foot,N,9,bull shark
2014.10.14,2014,USA,South Carolina,"Hilton Head Island, Beaufort County",Standing in inner tube,F,7,foot,N,Unknown,bull shark
2013.06.25.b,2013,USA,Florida,"Jacksonville, Duval County",Swimming,M,Unknown,foot,N,Unknown,bull shark
2010.06.27,2010,USA,Texas,"Eight Mile Beach, Galveston",Surfing,M,20,foot,N,Unknown,bull shark
2006.07.08.b,2006,USA,South Carolina,"Debordieu Beach, Georgetown County",Body boarding,F,14,foot,N,11,bull shark
2008.08.16,2008,USA,US Virgin Islands,Buck Island,Treading water,F,38,foot,N,18,bull shark
2013.09.14,2013,USA,Florida,"Casino Beach, Pensacola, Escambia County",Swimming,M,21,foot,N,15,bull shark
1880.11.25,1880,AUSTRALIA,Queensland,"Petrie Bight, Brisbane River",Swimming,M,12,foot,Y,15,bull shark
1968.02.26,1968,USA,Florida,Palm Beach County,Surfing,M,17,foot,N,13,bull shark
1945.00.00.a,1945,IRAQ,Basrah,Shatt-al Arab River,Swimming,M,15,foot,N,12,bull shark
2010.10.09,2010,AUSTRALIA,New South Wales,Mullaway Headland,Surfing,M,22,foot,N,13,bull shark
2008.04.26.b,2008,NEW CALEDONIA,North Province,Poindimiï,Swimming,M,32,foot,N,9,bull shark
2006.04.13,2006,USA,Florida,"Port of the Islands, Collier County",Fishing,M,35,foot,N,15,bull shark
2016.08.29.b,2016,USA,Florida,"New Smyrna Beach, Volusia County",Surfing,M,25,foot,N,15,bull shark
2013.08.05,2013,USA,Florida,"Sanibel Island, Lee County",Fishing,M,17,foot,N,15,bull shark
1977.06.26,1977,USA,Florida,"12 miles northeast of Mayport,  Duval County",Spearfishing / Scuba diving,M,27,foot,N,15,bull shark
2009.09.26,2009,USA,Florida,"Key Colony Beach, Monroe County",Swimming,M,Unknown,foot,N,17,bull shark
2006.07.23,2006,USA,Texas,"Sargent Beach, Matagorda County",Surf fishing,M,Unknown,foot,N,Unknown,bull shark
1995.05.26,1995,USA,Florida,"Vero Beach, Indian River County",Surfing,M,15,foot,N,Unknown,bull shark
ND.0088,1987,IRAN,Khuzestan Province,"Ahvaz, on the Karun River",Unknown,M,Unknown,foot,N,Unknown,bull shark
1981.07.18,1981,SOUTH AFRICA,Eastern Cape Province,Nahoon,Surfing,M,32,foot,N,10,bull shark
1972.01.01.b,1972,SOUTH AFRICA,KwaZulu-Natal,Kosi Bay,Sitting in shallows,F,30,foot,N,20,bull shark
1992.01.23,1992,SOUTH AFRICA,KwaZulu-Natal,Isipingo,Swimming ,M,19,foot,N,17,bull shark
2002.02.16,2002,AUSTRALIA,Queensland,Sunshine Beach,Surfing,M,33,foot,N,10,copper shark
1988.01.06,1988,SOUTH AFRICA,Western Cape Province,Struisbaai,Attempting to lasso shark's tail,M,33,foot,N,11,copper shark
2004.10.21,2004,AUSTRALIA,New South Wales,Stockton Beach,Surfing,M,59,foot,N,15,copper shark
2006.04.11,2006,AUSTRALIA,New South Wales,Newcastle Beach,Surfing,M,15,foot,N,13,copper shark
1975.02.01,1975,SOUTH AFRICA,Western Cape Province,"Beespens, False Bay",Fishing,M,12,foot,N,Unknown,copper shark
1929.03.04.b,1929,AUSTRALIA,South Australia,Ardrossan,Launching rowboat through the surf,M,9,foot,N,Unknown,dogfish shark
1970.09.00.c,1970,USA,South Carolina,Unknown,Swimming,M,Unknown,foot,N,Unknown,dogfish shark
1963.12.22.a,1963,SOUTH AFRICA,KwaZulu-Natal,"Next to West Street groyne, Durban",Helping friend land hooked shark,M,13,foot,N,18,dusky shark
1960.05.24,1960,BERMUDA,Paget,Elbow Beach /  Coral Beach,Free diving but treading water at surface,M,25,foot,N,15,dusky shark
1981.02.19,1981,SOUTH AFRICA,KwaZulu-Natal,Umtentweni,Swimming,M,30,foot,N,17,dusky shark
1975.11.19.a,1975,SOUTH AFRICA,KwaZulu-Natal,"South Beach, Durban",Standing,M,33,foot,N,10,dusky shark
1974.04.04,1974,SOUTH AFRICA,KwaZulu-Natal,"Inyoni Rocks, Amanzimtoti",Surfing,M,17,foot,N,16,dusky shark
2000.07.16.b,2000,USA,North Carolina,"Holden Beach, Brunswick County",Surfing,M,14,foot,N,Unknown,grey reef shark
1981.02.16,1981,AUSTRALIA,Western Australia,"Leighton Beach, north of Freemantle",Exercising his dog in the shallows,M,Unknown,foot,N,Unknown,hammerhead shark
2002.09.05,2002,USA,Florida,"Daytona Beach Shores, Volusia County","Wading, when he stepped on the shark",M,36,foot,N,17,hammerhead shark
1984.06.03.b,1984,USA,Hawaii,"Kane'ohe Bay, O'ahu",Towing her sister on plastic ski board,F,13,foot,N,17,hammerhead shark
1989.01.20.b,1989,USA,Hawaii,"Waialua Beach, Moloka'i",Body boarding,M,10,foot,N,Unknown,hammerhead shark
2015.09.05,2015,USA,California,"Deer Creek Beach, Ventura County",Kayak Fishing,M,29,foot,N,14,hammerhead shark
1984.09.22.a,1984,USA,Florida,"Indiatlantic, Brevard County",Surfing,M,16,foot,N,9,hammerhead shark
2010.01.30,2010,BRAZIL,Rio Grande Do Sul,"Atlantis Beach, near Tramandai",Surfing,M,29,foot,N,Unknown,hammerhead shark
1998.05.25,1998,USA,Florida,"New Smyrna Beach, Volusia County",Surfing,M,40,foot,N,11,lemon shark
1969.04.19,1969,USA,Florida,"Marathon, Monroe County",Fishing,M,Unknown,foot,N,Unknown,lemon shark
1969.03.25,1969,AUSTRALIA,New South Wales,Newcastle,Unknown,M,65,foot,N,Unknown,mako shark
2016.05.02,2016,NEW ZEALAND,North Island,Cormandel,Fishing,M,39,foot,N,15,mako shark
2012.06.19,2012,USA,South Carolina,"Myrtle Beach, Horry County",Standing,M,16,foot,N,Unknown,Unknown
2015.10.17.b,2015,USA,Hawaii,"Waikiki, ",Surfing,M,32,foot,N,19,Unknown
2002.08.11,2002,USA,Florida,"Vero Beach, Indian River County",Surfing,M,15,foot,N,15,nurse shark
2004.11.27,2004,SOUTH AFRICA,Eastern Cape Province,"Nahoon, East London",Surfing,M,20,foot,N,18,sandtiger shark
2004.01.07,2004,SOUTH AFRICA,Eastern Cape Province,"West Beach, Port Alfred",Surfing,M,22,foot,N,Unknown,sandtiger shark
1984.01.05,1984,SOUTH AFRICA,Eastern Cape Province,Port Alfred,Swimming,M,14,foot,N,9,sandtiger shark
1974.01.13,1974,SOUTH AFRICA,KwaZulu-Natal,Cape Vidal,Sitting,M,42,foot,N,Unknown,sandtiger shark
1983.04.12,1983,SOUTH AFRICA,Eastern Cape Province,Bonza Bay,Fishing,M,27,foot,N,19,sandtiger shark
2004.10.09.a,2004,SOUTH AFRICA,Eastern Cape Province,Jeffreyï¿½ï¿½,Surfing,M,34,foot,N,9,sandtiger shark
2013.08.31.a,2013,USA,California,"Butterfly Beach, Montecito, Santa Barbara County",Swimming,M,Unknown,foot,N,23,salmon shark
1967.01.06,1967,AUSTRALIA,Victoria,Goolwa,Splashing,M,15,foot,N,Unknown,sand shark
1995.08.22.c,1995,USA,North Carolina,"Wrightsville Beach, New Hanover County",Swimming ,M,23,foot,N,15,sand shark
1981.07.20,1981,USA,Florida,"St. Petersburg Beach, Pinellas County",Swimming,F,16,foot,N,Unknown,sand shark
1983.08.15,1983,USA,Virginia,"Virginia Beach, Princess Anne County",Swimming,F,14,foot,N,9,sand shark
2012.02.25,2012,AUSTRALIA,New South Wales,Broughton Island,Fishing,M,Unknown,foot,N,16,sandtiger shark
1963.04.22,1963,AUSTRALIA,New South Wales,Clarence Head,Fishing,M,Unknown,foot,N,Unknown,sandtiger shark
1962.01.11.c,1962,AUSTRALIA,South Australia,Marino,Fishing,Unknown,Unknown,foot,N,Unknown,sandtiger shark
2011.08.17.c.,2011,USA,North Carolina,"Kure Beach, New Hanover County",Wading,F,20,foot,N,17,sandtiger shark
2004.01.23,2004,URUGUAY,Rocha,Ensenada de la Coronilla,Surfing,M,21,foot,N,Unknown,sandtiger shark
2015.06.24.b,2015,USA,North Carolina,Surf City,Swimming,M,6,foot,N,12,sandtiger shark
1966.07.31,1966,USA,Texas,"South Jetty, Galveston",Diving for sand dollars,M,16,foot,N,Unknown,sandtiger shark
2011.08.15,2011,USA,South Carolina,"Myrtle Beach, Horry County",Playing in the surf,M,7,foot,N,Unknown,Unknown
2009.06.21,2009,USA,California,"Shell Beach, San Luis Obispo County",Surfing,M,26,foot,N,Unknown,Unknown
2005.04.09,2005,USA,Florida,"Central Gulf Coast, St. John County",Surfing,M,52,foot,N,Unknown,Unknown
2004.05.22.c,2004,USA,Florida,St. Augustine  St. Johns County,Swimming,M,9,foot,N,Unknown,Unknown
2017.04.20,2017,USA,South Carolina,Georgetown County,Swimming,M,Unknown,foot,N,8,Unknown
2009.11.25,2009,USA,California,"Huntington Beach, Orange County",Surfing,M,49,foot,N,15,Unknown
2007.07.17.b,2007,USA,California,"Faria Beach, Ventura County",Swimming,F,43,foot,N,11,Unknown
1996.09.01.b,1996,USA,South Carolina,"Garden City Beach, Horry County",Boogie boarding,F,28,foot,N,15,Unknown
2003.06.00,2003,USA,South Carolina,"Pawleys Island, Georgetown County",Swimming,F,22,foot,N,Unknown,Unknown
2005.09.22,2005,USA,Florida,"Tigertail Beach, Collier County",Surfing,M,Unknown,foot,N,7,Unknown
1968.04.29,1968,USA,Florida,"Fort Lauderdale, Broward County",Wading,M,63,foot,N,14,Unknown
1999.01.03.R,1999,AUSTRALIA,Northern Territory,Gulf of Carpenteria,Fishing,F,37,foot,N,Unknown,Unknown
1991.07.00,1991,USA,Virginia,"Croatan Beach, Virginia Beach, ",Boogie boarding,M,13,foot,N,Unknown,Unknown
2014.12.28.c,2014,SOUTH AFRICA,KwaZulu-Natal,Durban,Swimming,Unknown,Unknown,foot,N,9,Unknown
2009.07.24.a,2009,SPAIN,Catalunya,Sant Salvador,Swimming,F,11,foot,N,10,Unknown
1994.05.31.a,1994,USA,Florida," Daytona Beach, Volusia County",Surfing,M,28,foot,N,8,spinner shark
2010.07.17.a,2010,USA,Florida,New Smyrna Beach,Surfing,M,55,foot,N,Unknown,spinner shark
2012.02.26,2012,USA,Florida,"Palm Beach Inlet, Palm Beach County",Kite Surfing,M,Unknown,foot,N,14,spinner shark
2015.10.19,2015,USA,Florida,"Deerfield Beach, Broward County",Surfing,M,21,foot,N,13,spinner shark
1996.01.16,1996,USA,Hawaii,Kaï¿½ï¿½ï¿½ï¿½ï¿½ï¿½ï¿,Swimming with mask & snorkel,M,53,foot,N,15,tiger shark
2014.07.27,2014,USA,North Carolina,"Sunset Beach, Brunswick County",Swimming,M,15,foot,N,Unknown,tiger shark
1914.02.09.R,1914,AUSTRALIA,South Australia,Marion Bay,Wading,M,Unknown,foot,N,Unknown,tiger shark
1992.03.28,1992,USA,Hawaii,"Cannons, at Ha'ena on the north shore of Kaua'i Island","Surfing, paddling seawards",F,36,foot,N,7,tiger shark
2007.04.09,2007,NEW CALEDONIA,South Province,Dumbï¿,Surfing,M,26,foot,N,16,tiger shark
1983.11.10.R,1983,USA,Florida,"Melbourne Beach, Brevard County",Surfing,M,15,foot,N,Unknown,tiger shark
2012.04.03,2012,USA,Hawaii,"Leftovers near Chun's Reef, Oahu",Surfing,M,28,foot,N,12,tiger shark
2007.05.07.b,2007,USA,Hawaii,"Keawakapu Beach, Maui",Snorkeling,F,63,foot,N,8,tiger shark
2002.08.28,2002,USA,Hawaii,"Kewalo Basin Channel, O'ahu",Surfing,M,16,foot,N,15,tiger shark
1948.03.11,1948,SENEGAL,Cap Vert Peninsula,Between Joal & Sangomar near Dakar,Unknown,Unknown,Unknown,foot,Y,Unknown,tiger shark
1869.04.15.R,1869,AUSTRALIA,South Australia,Cape Elizabeth,Net fishing,M,Unknown,foot,N,Unknown,tiger shark
1992.11.11,1992,USA,California,"San Nicholas Island, Santa Barbara County",Scuba diving (submerged),M,40,foot,N,14,Unknown
1964.08.00,1964,PANAMA,San Blas,Off Achutuppu Island near Ailigandi,Free diving / Spearfishingat edge of reef,M,21,foot,N,Unknown,Unknown
2012.05.31,2012,USA,North Carolina,"Avon, Hatteras Island, Outer Banks, Dare County",Wading,F,33,foot,N,13,Unknown
2008.09.14,2008,USA,Florida,"Ormond-by-the-Sea, Volusia County",Swimming,M,32,foot,N,12,Unknown
2010.05.18.b,2010,VIETNAM,Binh Dinh Province,Quy Nhon ,Swimming,F,60,foot,N,18,Unknown
1962.01.11.a,1962,NEW ZEALAND,South Island,"Fairdown Beach, 5 miles north of Westport",Surf fishing,F,54,foot,N,18,Unknown
2000.08.13,2000,USA,Florida,"South Jacksonville Beach, Duval County",Surfing / Wading,M,27,foot,N,16,Unknown
1997.08.02.b,1997,USA,Florida,"New Smyrna Beach, Volusia County",Body surfing,M,17,foot,N,15,Unknown
1997.08.02.a,1997,USA,Florida,"New Smyrna Beach, Volusia County",Wading / Surfing,M,19,foot,N,9,Unknown
1983.11.21,1983,PHILIPPINES,Central Philippines,Unknown,Ferry boat sank,M,Unknown,foot,N,Unknown,Unknown
2008.09.28.a,2008,USA,Florida,Bethune Beach,Surfing,M,40,foot,N,11,Unknown
1963.01.12,1963,SOUTH AFRICA,Eastern Cape Province,Humewood,Fishing,M,Unknown,foot,N,Unknown,Unknown
1986.03.15,1986,SOUTH AFRICA,KwaZulu-Natal,"North Beach, Durban",Treading water,M,26,foot,N,16,Unknown
2001.07.15.a,2001,USA,Florida,"Amelia Island, Nassau County",Boogie boarding,M,18,foot,N,14,Unknown
2003.04.20.b,2003,USA,Florida,"Sunglow Pier, Daytona Beach Shores, Volusia County",Surfing,M,23,foot,N,9,Unknown
2002.05.31.a,2002,USA,Florida,"St. George Island (near Apachicola), Franklin County",Floating on a raft,M,16,foot,N,16,Unknown
2010.06.15,2010,VIETNAM,Binh Dinh Province,Quy Nhon ,Swimming,M,17,foot,N,17,Unknown
1957.02.05,1957,USA,Florida,"South Beach, Fort Pierce, St Lucie County",Floating,M,Unknown,foot,N,15,Unknown
2002.04.20,2002,USA,Florida,"St. Augustine Beach, St. Johns County","Surfing, but standing in water alongside board",M,34,foot,N,10,Unknown
1998.11.14,1998,USA,Florida,"New Smyrna Beach, Volusia County",Surfing,M,14,foot,N,8,Unknown
1994.02.19,1994,USA,Florida,"Juno Beach, Palm Beach County",Surfing,M,23,foot,N,13,Unknown
1928.01.00,1928,SOUTH AFRICA,Eastern Cape Province,Kei River mouth,Body surfing,M,18,foot,N,11,Unknown
2003.10.14,2003,USA,Florida,Near Patrick Air Force Base Brevard County,Surfing,M,19,foot,N,Unknown,Unknown
1999.06.19,1999,USA,Florida,"11 miles off Dog Island in the Gulf of Mexico, Franklin County",Adrift in a life jacket,M,20,foot,N,Unknown,Unknown
1984.11.11,1984,USA,Florida,"Jupiter Island Beach, Martin County",Surfing,M,13,foot,N,Unknown,Unknown
2004.07.27.a,2004,USA,Texas,Galveston Island,Swimming,F,19,foot,N,16,Unknown
2003.10.31.c,2003,USA,Florida,"Ponte Vedra Beach, St. Johns County",Surfing,M,18,foot,N,15,Unknown
2001.05.03,2001,USA,Florida,"Jacksonville, Duval County",Surfing,M,45,foot,N,19,Unknown
1997.10.21,1997,USA,Florida,"North Jetty, Fort Pierce Inlet State Park, St. Lucie County",Surfing,M,12,foot,N,18,Unknown
1994.01.03,1994,SOUTH AFRICA,KwaZulu-Natal,Hibberdene,Swimming ,M,33,foot,N,16,Unknown
1993.02.18,1993,TONGA,Tongapatu Group,Between 'Ata and Tongapatu,Sea disaster,M,Unknown,foot,N,15,Unknown
2000.09.08.b,2000,USA,Florida,"New Smyrna Beach, Volusia County",Wading,M,40,foot,N,11,Unknown
1986.00.00,1986,USA,California,"Linda Mar Beach, Pedro Point, San Mateo County",Surfing,M,16,foot,N,13,Unknown
1982.10.13,1982,USA,Florida,North Dade- Interama area of Biscayne Bay,Windsurfing,M,26,foot,N,11,Unknown
1975.02.23,1975,SOUTH AFRICA,KwaZulu-Natal,"Inyoni Rocks, Amanzimtoti",Surfing,M,16,foot,N,10,Unknown
1946.01.07,1946,SOUTH AFRICA,Western Cape Province,False Bay,Jumping in swells,M,18,foot,N,12,Unknown
1955.00.00.b,1955,COLUMBIA,Isles del Rosario,Southwest of Cartegena,Spearfishing,M,12,foot,N,Unknown,Unknown
1934.09.08,1934,BERMUDA,Hamilton,Nine miles off Frasconi Flats,Fishing,M,Unknown,foot,N,Unknown,Unknown
2012.06.12,2012,AUSTRALIA,Victoria,Port Campbell,Surfing,M,42,foot,N,9,Unknown
1961.09.07,1961,PERSIAN GULF,25 km off the coast of Iran & 483km from mouth of Persian Gulf,Khark Island,"Free diving, surveying a pipeline & examing cathodes under jetty",M,Unknown,foot,N,10,Unknown
2003.07.05.a,2003,USA,Florida,"Canova Beach, Brevard County",Surfing,M,21,foot,N,Unknown,Unknown
1999.09.05,1999,USA,Florida,"Fort Pierce Inlet, St. Lucie County",Surfing,M,13,foot,N,Unknown,Unknown
1995.09.30.b,1995,USA,Florida,"Crescent Beach, St. Augustine, St. Johns County",Surfing,M,14,foot,N,9,Unknown
2007.11.07,2007,SOUTH AFRICA,Western Cape Province,The Strand,Surfing,M,14,foot,N,17,Unknown
2008.04.15,2008,USA,Florida,"Playalinda Beach, Canaveral National Seashore, Brevard County",Surfing,M,30,foot,N,15,Unknown
2004.03.24,2004,USA,Hawaii,Punaluu,Snorkeling,F,Unknown,foot,N,10,Unknown
1966.05.20.b,1966,AUSTRALIA,New South Wales, Bellingen,Fishing,M,Unknown,foot,N,1,Unknown
1959.01.17.a,1959,AUSTRALIA,Queensland,Alexandra Headland near Mooloolaba,"Surfing, but treading water",M,17,foot,N,9,Unknown
1998.09.14,1998,USA,Florida,"Stuart Beach, Martin County",Surfing,M,28,foot,N,Unknown,Unknown
1962.03.25.b,1962,NEW ZEALAND,"Off the Coromandel Peninsula, North Island",Alderman Islands,Unknown,M,Unknown,foot,N,Unknown,Unknown
2012.12.05,2012,USA,Hawaii,Kauai,Surfing,M,60,foot,N,13,Unknown
1973.08.25,1973,AUSTRALIA,Queensland,"Point Lookout, Stradbroke Island",Surfing,M,16,foot,N,Unknown,Unknown
1971.04.16R,1971,KENYA,Coast Province,Watamu,Swimming,M,16,foot,N,Unknown,Unknown
2010.04.13,2010,SOUTH AFRICA,Eastern Cape Province,"East Beach, Port Alfred",Surfing,M,35,foot,N,10,Unknown
2014.12.29.b,2014,AUSTRALIA,New South Wales,Bherwerre Beach,Surfing,Unknown,Unknown,foot,N,9,Unknown
2006.12.11,2006,NEW ZEALAND,North Island,"Raglan, Manu Bay",Surfing,M,10,foot,N,11,Unknown
2012.11.19,2012,USA,Florida,"Melbourne Beach, Brevard County",Surfing,M,14,foot,N,17,Unknown
2006.06.15,2006,USA,Florida,"New Smyrna Beach, Volusia County",Surfing,M,24,foot,N,15,Unknown
1969.05.25,1969,USA,Texas,Packery Channel,Surf-fishing,M,Unknown,foot,N,19,Unknown
2005.10.29,2005,USA,Florida,"Ponce de Leon Inlet, Volusia County ",Wading,M,15,foot,N,Unknown,Unknown
1951.07.11,1951,PACIFIC OCEAN,Unknown,In Los Angeles ï¿½ï¿½ï¿½ï¿½ï¿½ï¿½ï¿½,Fell overboard,M,40,foot,N,15,Unknown
1962.01.14.a,1962,AUSTRALIA,New South Wales,"Lennox Head, Ballina",Surfing,M,19,foot,N,13,Unknown
2000.10.09,2000,USA,Florida,"Lake Worth Inlet/West Palm Beach, Palm Beach County",Surfing,M,17,foot,N,9,Unknown
1950.04.09.a,1950,SOUTH AFRICA,Eastern Cape Province,Off Port Elizabeth breakwater,"Fishing, sitting in stern of small boat, feet dangling in the water",M,Unknown,foot,N,Unknown,Unknown
2007.12.07,2007,BRAZIL,Pernambuco,Itamaracï,Removing fish from a trap,M,28,foot,N,Unknown,Unknown
2008.03.23,2008,USA,Florida,"South of Ponce de Leon Jetty, New Smyrna Beach, Volusia County",Walking out of the water after surfing,M,13,foot,N,11,Unknown
2005.01.20,2005,CUBA,Santiago de Cuba Province,Uvero,Swimming,M,19,foot,N,Unknown,Unknown
2005.10.22,2005,SOUTH AFRICA,Western Cape Province,Uilenkraalsmond (near Gansbaai),Standing / Surfing,M,20,foot,N,9,Unknown
2008.07.27,2008,PANAMA,San Carlos,Playa Teta,Swimming or surfing,M,Unknown,foot,N,18,Unknown
2013.09.07.b,2013,USA,Florida,"New Smyrna Beach,  Volusia County",Surfing,M,43,foot,N,16,Unknown
2013.04.17,2013,USA,Florida,"Near Boynton Beach, Palm Beach County",Playing in the surf,M,9,foot,N,10,Unknown
2003.09.14.c,2003,USA,Florida,"New Smyrna Beach, Volusia County",Surfing,M,30,foot,N,16,Unknown
2011.10.11,2011,USA,Florida,Cape Canaveral,Surfing,M,Unknown,foot,N,Unknown,Unknown
2008.02.06,2008,USA,Florida,"Opposite Patrick Air Force Base, Brevard County",Surf-skiing,M,Unknown,foot,N,Unknown,Unknown
1993.09.14,1993,USA,Florida,"Huguenot Memorial Park, Duval County",Wading,M,19,foot,N,Unknown,Unknown
2006.10.05,2006,USA,Florida,"New Smyrna Beach, Volusia County",Playing soccer in the water,M,18,foot,N,12,Unknown
2008.07.24.a,2008,USA,North Carolina,"Topsail Island, Pender County",Wading,F,8,foot,N,13,Unknown
2007.06.12,2007,USA,Florida,"Turtle Beach, Siesta Key, Sarasota County",Swimming,F,Unknown,foot,N,11,Unknown
2006.06.07,2006,USA,South Carolina,"Coligny Beach, Hilton Head, Beaufort County",Playing,F,7,foot,N,13,Unknown
2002.11.02,2002,USA,Florida,"New Smyrna Beach, Volusia County",Boogie boarding,M,16,foot,N,13,Unknown
2016.06.21.b,2016,USA,South Carolina,"North Myrtle Beach, Horry County",Floating,M,42,foot,N,15,Unknown
2003.05.14,2003,USA,Florida,"Ponce de Leon Inlet, Volusia County ",Wading,M,22,foot,N,13,Unknown
2003.06.24.a,2003,USA,Hawaii,"Makua Beach, Oahu",Swimming with pod of dolphins,M,60,foot,N,8,Unknown
1931.11.26,1931,AUSTRALIA,Torres Strait,Barrier Reef near Innisfail,Diving for trochus from lugger,M,45,foot,N,Unknown,Unknown
2014.08.24,2014,USA,North Carolina,"Off Masonboro Island, New Hanover County",Kite boarding,Unknown,Unknown,foot,N,Unknown,Unknown
2015.06.26.a,2015,USA,South Carolina,"South Beach, Hunting Island State Park, Beaufort County",Standing,M,43,foot,N,11,Unknown
2015.06.11,2015,USA,North Carolina,"Ocean Isle, Brunswick County",Boogie boarding,F,13,foot,N,12,Unknown
2014.07.14,2014,USA,Florida,Okaloosa Island,Swimming,M,39,foot,N,14,Unknown
2012.09.24,2012,USA,Florida,"Spanish House Beach, Brevard County",Surfing,M,22,foot,N,15,Unknown
2009.11.11,2009,USA,Florida,"New Smyrna Beach, Volusia County",Surfing,M,18,foot,N,15,Unknown
2005.11.21,2005,USA,Florida,"Jensen Beach, Martin County ",Surfing,M,30,foot,N,15,Unknown
2002.03.19,2002,USA,Florida,"Daytona Beach Shores, Volusia County",Swimming /  boogie boarding,M,20,foot,N,15,Unknown
2001.09.24,2001,USA,Florida,"Ponce Inlet, Volusia County","Surfing, fell off surfboard & stepped on the shark.",M,21,foot,N,16,Unknown
1987.07.12.b,1987,USA,Texas,"Mustang Island, near Port Aransas",Body surfing,F,32,foot,N,18,Unknown
1987.07.12.a,1987,USA,Texas,"Mustang Island, near Port Aransas",Wading,F,16,foot,N,14,Unknown
2010.07.02.b,2010,USA,California,"Pismo Beach, San Luis  Obispo County",Surfing,M,19,foot,N,18,Unknown
1975.06.23.b,1975,USA,South Carolina,"Windy Hill, near Myrtle Beach, Horry County",Swimming ,M,18,foot,N,16,Unknown
2007.09.22.a,2007,USA,Florida,Huguenot Park,Surfing,F,Unknown,foot,N,Unknown,Unknown
2015.09.03,2015,USA,South Carolina,"Myrtle Beach, Horry County",Unknown,M,Unknown,foot,N,16,Unknown
2014.05.06,2014,USA,South Carolina,"Coligny Beach, Hilton Head, Beaufort County",Swimming,F,40,foot,N,15,Unknown
2012.05.23,2012,USA,Florida,"Jacksonville, Duval County",Surfing,M,22,foot,N,15,Unknown
2008.03.28.b,2008,USA,Florida,"New Smyrna Beach / Ponce Inlet, Volusia County",Surfing,M,52,foot,N,18,Unknown
2007.08.19.b,2007,USA,Florida,"New Smyrna Beach, Volusia County",Surfing,M,16,foot,N,12,Unknown
2004.07.02.a,2004,USA,Alabama,"Gulf Shores Beach, Baldwin County",Wading,M,7,foot,N,16,Unknown
2003.05.07,2003,USA,Florida,"New Smyrna Beach, Volusia County",Surfing,M,34,foot,N,11,Unknown
2013.12.10,2013,USA,Florida,"Cocoa Beach, Brevard  County",Surfing,M,30,foot,N,14,Unknown
2015.05.20,2015,USA,Florida,"New Smyrna Beach, Volusia County",Surfing,M,18,foot,N,10,Unknown
2008.06.01.b,2008,USA,South Carolina,Cherry Grove,Body surfing,F,15,foot,N,18,Unknown
1988.09.28,1988,USA,Florida,"New Smyrna Beach, Volusia County",Surfing,M,21,foot,N,15,Unknown
1996.07.04.b,1996,USA,Florida,"Public Beach, Siesta Key, Sarasota County",Standing,F,63,foot,N,14,Unknown
2009.05.25,2009,USA,Florida,"Clearwater Beach, Pinellas County",Swimming,M,Unknown,foot,N,20,Unknown
2015.05.15,2015,USA,South Carolina,Sullivan's Island,Unknown,M,30,foot,N,14,Unknown
2005.11.12,2005,USA,Florida,"New Smyrna  Beach, Volusia County",Surfing,M,18,foot,N,13,Unknown
1910.03.08,1910,NEW ZEALAND,North Island,"Waikanae Beach, Gisborne",Swimming,M,Unknown,foot,N,18,Unknown
2009.11.24,2009,USA,Florida,"Lori Wilson Park, Cocoa Beach, Brevard County",Wading,M,10,foot,N,9,Unknown
1975.11.02,1975,USA,Florida,"Crescent Beach, St. Johns County",Surfing,M,18,foot,N,Unknown,Unknown
1938.06.08,1938,AUSTRALIA,New South Wales,Manly,Hardhat diving,M,Unknown,foot,N,Unknown,Unknown
2014.07.16,2014,USA,Hawaii,"Paia Bay, Maui",Swimming,M,61,foot,N,17,Unknown
2000.08.31,2000,USA,Florida,"New Smyrna Beach, Volusia County",Swimming,M,47,foot,N,12,Unknown
2008.03.28.a,2008,USA,Florida,"Near Cocoa Beach, Brevard  County",Boogie Boarding,M,Unknown,foot,N,Unknown,Unknown
2008.01.10,2008,USA,Florida,"Playalinda Beach, Canaveral National Seashore, Brevard County",Surfing,M,20,foot,N,Unknown,Unknown
1954.00.00.b,1954,USA,Hawaii,Moloka'i,Fishing,M,Unknown,foot,N,Unknown,Unknown
2002.12.20,2002,AUSTRALIA,Queensland,Golden Beach,Swimming,M,11,foot,N,Unknown,Unknown
2015.07.26.a,2015,USA,South Carolina,"Edisto Beach, Colleton County",Floating,F,35,foot,N,10,Unknown
2014.08.02.a,2014,USA,Florida,"South of Cocoa Beach, Brevard County",Surfing,M,50,foot,N,Unknown,Unknown
1913.08.27.b,1913,USA,New Jersey,"Spring Lake, Monmouth County",Unknown,F,Unknown,foot,Unknown,Unknown,Unknown
2017.04.06,2017,USA,Florida,"Daytona, Volusia County",Swimming,M,16,foot,N,Unknown,Unknown
2016.09.04,2016,USA,Florida,"New Smyrna Beach, Volusia County",Body boarding,M,9,foot,N,Unknown,Unknown
2016.07.15.a,2016,USA,South Carolina,"North Myrtle Beach, Horry County",Swimming,M,Unknown,foot,N,Unknown,Unknown
2014.08.28,2014,USA,Maryland,Assateague National Seashore,Fishing,M,33,foot,N,Unknown,Unknown
2014.08.10,2014,USA,Florida,"Hallandale Beach, Broward County",Unknown,M,26,foot,N,Unknown,Unknown
2014.08.05,2014,USA,Florida,"Cocoa Beach, Brevard  County",Swimming,F,45,foot,N,Unknown,Unknown
2014.03.21,2014,USA,Florida,Macarthur State Park,Surfing,M,9,foot,N,Unknown,Unknown
2014.01.04,2014,JAPAN,Okinawa Prefecture,Off Miyako Island,Sea disaster,M,31,foot,N,Unknown,Unknown
2013.11.07.a,2013,USA,Florida,"Floridana Beach, Brevard County",Surfing,M,Unknown,foot,N,Unknown,Unknown
2013.07.30,2013,USA,South Carolina,"Isle of Palms, Charleston County",Swimming,M,32,foot,N,Unknown,Unknown
2013.03.29,2013,SEYCHELLES,Unknown,Ile Platte,Free diving,M,34,foot,N,Unknown,Unknown
2013.03.21,2013,BAHAMAS,Eleuthera,Savannah Sound,Fly fishing,M,50,foot,N,Unknown,Unknown
2011.08.24.b,2011,USA,North Carolina,"Buxton Beach, Dare County",Surfing,M,21,foot,N,Unknown,Unknown
2011.07.07.a,2011,USA,Texas,"Mustang Island, Nueces County",Wade Fishing,M,14,foot,N,Unknown,Unknown
2011.03.21.b,2011,MEXICO,Quintana Roo,Unknown,Swimming,M,46,foot,N,Unknown,Unknown
2011.02.04.R,2011,MEXICO,Colima,"Manzanillo, Revillagigedo Islands",Shark fishing on the Ricardo Astorga,M,Unknown,foot,N,Unknown,Unknown
2010.06.00,2010,USA,Florida,"Ponte Vedra Beach, St Johns County",Surfing,M,20,foot,N,Unknown,Unknown
2008.04.08.R,2008,USA,Florida,"1.4 miles south of Ponce de Leon Jetty, New Smyrna Beach, Volusia County",Surfing,Unknown,Unknown,foot,N,Unknown,Unknown
2006.10.00.b,2006,BAHAMAS,New Providence Island,Nassau,Free diving / modeling,F,26,foot,N,Unknown,Unknown
2006.07.29.a,2006,USA,Florida,"Playalinda Beach, Canaveral National Seashore, Brevard County",Surfing,M,15,foot,N,Unknown,Unknown
2006.04.21,2006,USA,Florida,"Sebastian Inlet, Brevard County",Surfing,M,54,foot,N,Unknown,Unknown
2005.11.29.R,2005,USA,Florida,"Cape San Blas, Gulf County",Surfing,M,15,foot,N,Unknown,Unknown
2005.08.14,2005,SOUTH AFRICA,Western Cape Province,"Milnerton Lagoon, Cape Town",Unknown,Unknown,Unknown,foot,N,Unknown,Unknown
2004.06.14,2004,USA,Florida,"Disney / Vero Beach, Indian River County",In water with diving seabirds,F,Unknown,foot,N,Unknown,Unknown
2004.03.31.b,2004,USA,Florida,"Ocean Reef Park, Singer Island, Palm Beach County",Unknown,M,26,foot,N,Unknown,Unknown
2000.07.17,2000,USA,North Carolina,"Oceanic Pier, Wrightsville Beach, New Hanover County",Surfing,M,16,foot,N,Unknown,Unknown
1999.08.24,1999,USA,North Carolina,"Fort Fisher, New Hanover County",Surfing,M,Unknown,foot,N,Unknown,Unknown
1999.08.26,1999,USA,Florida,"Bethune Beach, south of New Smyrna Beach, Volusia County",Surfing,M,28,foot,N,14,Unknown
1992.07.21,1992,USA,Florida,"Manasota Beach, Sarasota County",Standing,F,42,foot,N,12,Unknown
1959.11.28,1959,AUSTRALIA,Queensland,"North Burleigh, near Brisbane",Standing in chest-deep water,M,17,foot,N,7,Unknown
2005.05.28,2005,USA,Florida,Daytona Beach Shores,Swimming,M,33,foot,N,17,Unknown
2001.04.05,2001,USA,Florida,"Bethune Beach, south of New Smyrna Beach, Volusia County",Standing alongside surfboard,M,26,foot,N,14,Unknown
1995.08.22.a,1995,USA,Florida,"Ponce de Leon Inlet, Volusia County",Surfing,M,19,foot,N,19,Unknown
2005.07.13,2005,USA,Texas,"Port Bolivar, Galveston County",Holding onto an inflatable boat,F,14,foot,N,13,Unknown
2003.04.19,2003,USA,Florida,"New Smyrna Beach, Volusia County  ",Jumping,M,11,foot,N,13,Unknown
2002.10.30,2002,USA,Hawaii,"Kama'ole Beach Park I, Kihei, Maui",Swimming,F,60,foot,N,11,Unknown
1998.05.30,1998,SOUTH AFRICA,Eastern Cape Province,Pollock Beach,Surfing,M,17,foot,N,Unknown,Unknown
2001.08.22,2001,USA,Florida,"Daytona, Volusia County ",Surfing,M,17,foot,N,16,Unknown
1938.01.14,1938,AUSTRALIA,New South Wales,"Lady Martinï¿½ï¿½ï¿½ï¿½ï¿½ï¿½ï¿½ï¿",Diving off jetty,M,24,foot,N,15,Unknown
2003.04.20.c,2003,USA,Florida,"Playalinda Beach, Brevard County",Surfing,M,30,foot,N,15,Unknown
2003.06.30,2003,USA,Florida,"New Smyrna Beach, Volusia County",Surfing,M,17,foot,N,13,Unknown
2017.06.10.a,2017,USA,Florida,"Ponce Inlet, Volusia County",Surfing,M,19,foot,N,10,Unknown
2017.04.29.b,2017,USA,South Carolina,"Folly Beach, Charleston County",Surfing,F,33,foot,N,11,Unknown
2017.04.13,2017,USA,Florida,"Hanna Park, Jacksonville, Duval County",Surfing,M,17,foot,N,13,Unknown
2017.04.12.b,2017,USA,Florida,St. Augustine,Surfing,F,Unknown,foot,N,13,Unknown
2017.03.27,2017,USA,Florida,"New Smyrna Beach, Volusia County",Surfing,M,58,foot,N,10,Unknown
2017.01.05,2017,USA,Florida,"Blockhouse Beach, Brevard County",Wading,M,47,foot,N,12,Unknown
2017.01.03,2017,AUSTRALIA,New South Wales,Merimbula,Wading,M,20,foot,N,18,Unknown
2016.06.25,2016,USA,North Carolina,"Atlantic Beach, Emerald Isle, Carteret County",Surfing,M,11,foot,N,14,Unknown
1995.10.28.R,1995,USA,Florida,Unknown,Boogie boarding,M,13,foot,N,Unknown,Unknown
1995.10.21,1995,USA,Florida,"North Beach, St. Lucie County",Surfing,M,17,foot,N,Unknown,Unknown
2016.04.23,2016,USA,Florida,"New Smyrna Beach, Volusia County",Surfing,M,15,foot,N,17,Unknown
2016.03.31,2016,USA,Hawaii,"Olowalu, Maui",Snorkeling,F,46,foot,N,11,Unknown
2016.02.05,2016,AUSTRALIA,Queensland,Stradbroke Island,Walking,F,45,foot,N,13,Unknown
2015.10.07,2015,AUSTRALIA,Western Australia,Pyramids Beach,Surfing,M,18,foot,N,16,Unknown
1995.07.24,1995,USA,South Carolina,"Pawleys Island, Georgetown County",Swimming,F,7,foot,N,Unknown,Unknown
1995.07.23,1995,USA,Florida,"South Jetty, New Smyrna Beach, Volusia County",Body boarding,M,47,foot,N,Unknown,Unknown
1995.07.06,1995,USA,Texas,Port Aransas,Surfing,M,34,foot,N,Unknown,Unknown
1995.07.00,1995,USA,South Carolina,"Off 29th Avenue, Myrtle Beach, Horry County",Jumped off surfboard & landed on the shark,M,Unknown,foot,N,Unknown,Unknown
1995.06.17.b,1995,USA,South Carolina,"Garden City Beach, Horry County",Surfing,M,Unknown,foot,N,Unknown,Unknown
2015.09.17,2015,USA,Florida,"Jacksonville Beach, Duval County",Surfing,M,20,foot,N,15,Unknown
2015.05.29.b,2015,USA,Florida,"Cocoa Beach, Brevard  County",Standing,F,14,foot,N,15,Unknown
2015.05.29.a,2015,USA,Florida,"New Smyrna Beach, Volusia County",Wading,F,19,foot,N,13,Unknown
1995.01.02,1995,BRAZIL,Pernambuco,Piedade,Surfing,M,17,foot,N,Unknown,Unknown
1994.07.24,1994,BRAZIL,Pernambuco,"Boa Viagem, Recife",Surfing,M,15,foot,N,Unknown,Unknown
2014.10.30,2014,AUSTRALIA,New South Wales,Wallabi Point,Surfing,M,20,foot,N,18,Unknown
2014.09.21,2014,USA,Florida,"New Smyrna Beach, Volusia County",Surfing,M,Unknown,foot,N,11,Unknown
2014.07.09,2014,USA,Florida,"New Smyrna Beach, Volusia County",Surfing,M,14,foot,N,14,Unknown
2014.05.13,2014,USA,Florida,"Jacksonville Beach, Duval County",Wading,F,44,foot,N,11,Unknown
2014.04.22,2014,USA,Florida,"Cocoa Beach, Brevard  County",Swimming,M ,42,foot,N,15,Unknown
1994.02.00,1994,NEW CALEDONIA,South Province,Cap Goulvain,Fishing,Unknown,Unknown,foot,Y,Unknown,Unknown
2014.04.15,2014,USA,Florida,"New Smyrna Beach, Volusia County",Wading,M,25,foot,N,9,Unknown
2014.04.04.a,2014,USA,Florida,"New Smyrna Beach, Volusia County",Surfing,M,15,foot,N,13,Unknown
1994.00.00.a,1994,USA,Florida,"Flagler Beach, Flagler County",Surfing,M,Unknown,foot,N,Unknown,Unknown
1993.09.09,1993,USA,Florida,"Little Talbot Island, Jacksonville, Duval County",Unknown,M,16,foot,N,Unknown,Unknown
1993.08.19.R,1993,USA,Florida,"Bethune Beach, Volusia County",Surfing,Unknown,13,foot,N,Unknown,Unknown
2013.09.21.b,2013,USA,Florida,"Ormond Beach, Volusia County",Swimming,M,45,foot,N,13,Unknown
2013.07.11,2013,USA,North Carolina,Holden Beach. Brunswick County,Wading,F,63,foot,N,15,Unknown
2012.09.16,2012,USA,Florida," Cocoa Beach, Brevard  County",Surfing,M,52,foot,N,15,Unknown
2012.09.08.b,2012,USA,Florida,"Lori Wilson Park, Cocoa Beach, Brevard  County",Surfing,M,25,foot,N,12,Unknown
2012.09.06.a,2012,USA,Florida,"St. Augustine Beach, St. John's County",Surfing,M,37,foot,N,11,Unknown
2017.04.17.b,2017,USA,Florida,"Daytona Beach, Volusia County",Unknown,Unknown,Unknown,foot,N,15,Unknown
1992.09.00,1992,USA,Florida,St Lucie County,Surf fishing,M,Unknown,foot,N,Unknown,Unknown
2012.07.30.b,2012,USA,Hawaii,Mahaï¿½ï¿½ï¿½ï¿½ï¿½ï¿½ï,Surfing,M,44,foot,N,16,Unknown
2012.06.26.b,2012,USA,Florida,"New Smyrna Beach, Volusia County",Surfing,M,26,foot,N,15,Unknown
2012.06.02.a,2012,USA,South Carolina,"Myrtle Beach, Horry County",Boogie Boarding,M,25,foot,N,19,Unknown
2012.03.24,2012,USA,Florida,"New Smyrna Beach, Volusia County",Surfing,M,21,foot,N,14,Unknown
2016.03.04,2016,USA,Florida,"Ocean Reef Park, Singer Island, Palm Beach County",Unknown,M,12,foot,N,15,Unknown
2015.01.23,2015,SOUTH AFRICA,Eastern Cape Province,Nahoon Beach,Floating,M,24,foot,N,15,Unknown
2011.07.13.b,2011,USA,Texas,"South Padre Island, Cameron County",Surf fishing,M,Unknown,foot,N,20,Unknown
2011.07.07.b,2011,USA,Texas,"Sunday Beach, Matagorda Island, Calhoun  County",Swimming,M,12,foot,N,17,Unknown
2013.05.27.a,2013,USA,Florida,"Ormond Beach, Volusia County",Swimming,M,11,foot,N,15,Unknown
1990.08.19.b,1990,USA,Texas,"Mustang Island, Nueces County",Surfing,M,Unknown,foot,N,Unknown,Unknown
2010.12.11,2010,USA,Hawaii,"Tavares Bay, Maui",Surfing,M,46,foot,N,13,Unknown
2010.10.01,2010,SOUTH AFRICA,Western Cape Province,"Melkbaai, Strand",Surfing,M,15,foot,N,14,Unknown
2010.09.06.R,2010,TONGA,Ha'api ,Unknown,Swimming /  Whale Watching,M,24,foot,N,12,Unknown
2010.08.18,2010,USA,Florida,Crescent Beach St. Johns County,Boogie Boarding,M,10,foot,N,9,Unknown
1990.02.05,1990,USA,Florida,"Monster Hole, Sebastian Inlet, Indian River County",Board sailing,M,33,foot,N,Unknown,Unknown
2010.08.08,2010,AUSTRALIA,New South Wales,Crescent Head,Surfing,M,47,foot,N,8,Unknown
2010.08.07.b,2010,USA,North Carolina,"Figure Eight Island, Wilmington, New Hanover County",Surfing,M,25,foot,N,15,Unknown
2010.07.23,2010,USA,Florida,"Jacksonville Beach, Duval County",Surfing,M,20,foot,N,16,Unknown
2010.06.25.a,2010,USA,North Carolina,"Topsail Island, Pender County",Swimming,F,13,foot,N,13,Unknown
2009.12.29,2009,SOUTH AFRICA,Eastern Cape  Province,Port Alfred,Wading,M,20,foot,N,8,Unknown
2009.11.16.a,2009,USA,Florida,"Jupiter, Palm Beach County",Surfing,M,22,foot,N,9,Unknown
2009.11.13,2009,USA,Florida,"Jupiter, Palm Beach County",Surfing,F,27,foot,N,16,Unknown
2009.10.24,2009,USA,California,"San Onofre, San Diego County ",Surfing,M,Unknown,foot,N,17,Unknown
2009.08.10,2009,USA,Florida,"Ponce, Volusia County",Swimming,M,26,foot,N,19,Unknown
2009.07.29,2009,VIETNAM,Binh Dinh Province,Quy Nhon ,Swimming,F,41,foot,N,17,Unknown
2009.07.22.b,2009,USA,North Carolina,Holden Beach. Brunswick County,Swimming,F,26,foot,N,15,Unknown
2008.06.26.b,2008,USA,Florida,"New Smyrna Beach, Volusia County",Surfing,M,29,foot,N,15,Unknown
2009.04.19,2009,USA,Florida,"Carlin Park, Jupiter Inlet",Surfing,M,52,foot,N,16,Unknown
1988.04.14.a,1988,USA,Florida,"Singer Island, Riviera Beach, Palm Beach County",Windsurfing,M,Unknown,foot,N,Unknown,Unknown
1988.03.31,1988,USA,Florida,"Singer Island, Riviera Beach, Palm Beach County",Standing ,F,30,foot,N,Unknown,Unknown
2008.09.28.b,2008,USA,Florida,"New Smyrna Beach, Volusia County",Surfing,M,44,foot,N,11,Unknown
2008.09.06.b,2008,USA,Florida,"Ponce Inlet, New Smyrna Beach, Volusia County",Surfing,M,43,foot,N,12,Unknown
2008.09.06.a,2008,USA,Florida,"Ponce Inlet, New Smyrna Beach, Volusia County",Surfing,M,15,foot,N,12,Unknown
2008.08.24,2008,USA,Florida,"New Smyrna Beach, Volusia County","Swimming, towing surfboard",M,20,foot,N,15,Unknown
2008.07.25.b,2008,USA,Florida,"New Smyrna Beach, Volusia County",Surfing,M,17,foot,N,9,Unknown
2008.07.23,2008,USA,Florida,"New Smyrna Beach, Volusia County",Surfing,M,15,foot,N,14,Unknown
2008.07.09,2008,USA,North Carolina,"Emerald Isle, Carteret County",Swimming,F,14,foot,N,19,Unknown
2008.07.05,2008,USA,South Carolina,"Litchfield Beach, Georgetown County",Unknown,F,17,foot,N,14,Unknown
2004.05.22.b,2004,USA,Florida,"Jacksonville Beach, Duval County",Unknown,F,9,foot,N,15,Unknown
2008.04.26.a,2008,USA,Florida,"New Smyrna Beach, Volusia County",Surfing,M,21,foot,N,9,Unknown
2008.04.20.b,2008,USA,Florida,"New Smyrna Beach, Volusia County",Surfing,M,14,foot,N,8,Unknown
2008.02.15,2008,USA,Florida,"Ponce Inlet, Volusia County",Surfing,M,25,foot,N,17,Unknown
2007.09.30.c,2007,USA,California,"Santa Monica, Los Angeles County",Surfing,M,Unknown,foot,N,11,Unknown
2007.08.12,2007,USA,Florida,"New Smyrna Beach, Volusia County",Swimming,F,15,foot,N,17,Unknown
2007.08.09.b,2007,USA,South Carolina,"Isle of Palms, Charleston County",Swimming,M,30,foot,N,16,Unknown
2007.07.05,2007,USA,Florida,"Ponce Inlet, Volusia County",Surfing,M,18,foot,N,16,Unknown
1998.01.17,1998,AUSTRALIA,South Australia,Middleton Beach,Surfing,M,Unknown,foot,N,15,Unknown
1996.06.25,1996,USA,South Carolina,"Fripp Island, Beaufort County",Body surfing,F,24,foot,N,15,Unknown
1984.09.22.b,1984,USA,Florida,Unknown,Swimming,M,Unknown,foot,N,Unknown,Unknown
2006.08.00.b,2006,USA,North Carolina,"Masonboro Island, New Hanover County",Wading,F,59,foot,N,12,Unknown
2006.07.25,2006,USA,Florida,"New Smyrna Beach, Volusia County",Surfing,M,14,foot,N,13,Unknown
2006.07.09.b,2006,USA,Florida,"New Smyrna Beach, Volusia County",Wading,M,40,foot,N,17,Unknown
1984.00.00.a,1984,USA,Florida,"Indiatlantic, Brevard County",Surfing,M,Unknown,foot,N,Unknown,Unknown
2006.02.13,2006,AUSTRALIA,Queensland,"Golden Beach, Caloundra",Wading,M,18,foot,N,11,Unknown
2005.10.15,2005,USA,Florida,"Ponce Inlet, Volusia County",Wading,M,15,foot,N,17,Unknown
2005.10.06,2005,USA,Florida,"Ponce Inlet, Volusia County",Treading water/ Surfing,M,48,foot,N,16,Unknown
1985.02.03,1985,USA,Florida,"15 miles north of Sebastian Inlet, Brevard County",Surfing,M,16,foot,N,15,Unknown
2005.09.02.b,2005,USA,Florida,"Ponce Inlet, Volusia County",Standing / Surfing,M,62,foot,N,11,Unknown
2005.08.19,2005,USA,Texas,Crystal Beach (east of Galveston),Walking,M,12,foot,N,20,Unknown
2005.08.06,2005,USA,South Carolina,"Isle of Palms, Charleston County",Swimming,M,14,foot,N,9,Unknown
2005.07.23,2005,USA,Florida,"Ormond Beach, Volusia County",Surfing,M,61,foot,N,11,Unknown
2005.06.21,2005,MEXICO ,Baja California,San Luis beach,Surfing,M,Unknown,foot,N,7,Unknown
2005.06.07,2005,USA,South Carolina,"Kiawah Island, Charleston County",Boogie boarding,F,11,foot,N,11,Unknown
2005.04.07,2005,USA,Texas,"Isla Blanca Park, South Padre Island, Cameron County",Surfing,M,37,foot,N,19,Unknown
1974.11.01,1974,USA,Florida,"Daytona Beach, Volusia County",Standing,M,24,foot,N,15,Unknown
1973.11.24,1973,USA,Florida,"Ormond By The Sea, Volusia County",Surfing,M,13,foot,N,15,Unknown
2004.07.31,2004,USA,Florida,"Cocoa  Beach, Brevard County",Surfing,F,20,foot,N,13,Unknown
1982.02.14.a,1982,USA,Hawaii,"White Plains Beach, Barbers Point, O'ahu",Swimming,F,Unknown,foot,N,Unknown,Unknown
1981.10.16,1981,USA,Florida,"Cocoa Beach, Brevard County",Surfing,M,17,foot,N,Unknown,Unknown
2003.12.13.b,2003,USA,Florida,"Melbourne Beach, Brevard County",Swimming,M,13,foot,N,13,Unknown
1968.03.10,1968,USA,Florida,"Jensen Beach, Martin County",Surfing,M,20,foot,N,15,Unknown
1967.07.29,1967,USA,Florida,Florida Keys,Snorkeling,M,20,foot,N,15,Unknown
2003.10.05.b,2003,USA,Florida,"Crawford Road beach approach at New Smyrna Beach, Volusia County",Sitting on surfboard,M,50,foot,N,12,Unknown
2003.09.21,2003,USA,Florida,"Ponce Inlet, New Smyrna Beach, Volusia County",Surfing,M,21,foot,N,11,Unknown
2003.09.17,2003,USA,Florida,"New Smyrna Beach, Volusia County",Surfing,M,17,foot,N,14,Unknown
2003.07.15,2003,USA,Florida,"Daytona Beach, Volusia County",Wading,F,15,foot,N,14,Unknown
2003.05.25,2003,USA,Florida,"Coral Cove Park, Jupiter Inlet, Palm Beach County",Surfing,M,18,foot,N,10,Unknown
1953.04.04,1953,USA,Texas,South Padre Island,Swimming,F,19,foot,N,15,Unknown
2002.06.20.b,2002,AUSTRALIA,Queensland,Sunshine Beach,Surfing,M,30,foot,N,10,Unknown
2002.06.09.b,2002,USA,Florida,"South of Ponce Inlet, New Smyrna Beach, Volusia County",Surfing,M,50,foot,N,10,Unknown
1979.08.05,1979,USA,Florida,"Daytona Beach, Volusia County",Kayaking,M,49,foot,N,Unknown,Unknown
2002.05.22.a,2002,USA,Florida,"Atlantic Avenue, Palm Beach County",Playing in the surf with his 2 dogs,M,35,foot,N,6,Unknown
2002.04.18,2002,USA,Florida,"New Smyrna Beach, Volusia County",Surfing,M,28,foot,N,11,Unknown
2002.04.12,2002,AUSTRALIA,New South Wales,"Bar Beach, Newcastle",Swimming,M,45,foot,N,18,Unknown
2002.03.25.a,2002,USA,Florida,"Cocoa Beach, Brevard County",Wading,F,11,foot,N,10,Unknown
1946.01.24.a,1946,SOUTH AFRICA,KwaZulu-Natal,"Battery Beach, Durban",Swimming,M,Unknown,foot,N,15,Unknown
2001.09.15.a,2001,USA,North Carolina,"North Topsail Beach, Onslow County",Surfing,M,16,foot,N,13,Unknown
1978.07.27,1978,USA,South Carolina,Unknown,"Explosion destroyed 28' boat, survivors in the water ",M,39,foot,N,Unknown,Unknown
1978.06.21.b,1978,USA,Florida,"South of Neptune Beach, Duval County",Surfing,M,20,foot,N,Unknown,Unknown
1978.06.21.a,1978,USA,Florida,"Neptune Beach, Duval County",Surfing,M,17,foot,N,Unknown,Unknown
1978.00.00.b,1978,USA,Florida,"Cocoa Beach, Brevard County",Surfing,F,Unknown,foot,N,Unknown,Unknown
2001.08.19.c,2001,USA,Florida,"New Smyrna Beach, Volusia County",Surfing,M,32,foot,N,13,Unknown
2001.08.19.a,2001,USA,Florida,"Wilbur-by-the-Sea, Volusia County",Surfing,F,17,foot,N,11,Unknown
2001.07.15.b,2001,USA,Florida,"Santa Rosa Island, Escambia County",Surfing,M,48,foot,N,14,Unknown
1977.03.13.c,1977,AUSTRALIA,Queensland,Near Moreton Island in Moreton Bay,"Their 9 m launch was run down by a 25,000-ton Japanese freighter  on the night of 3-11-1977 & they drifted, clinging to an icebox for 2 days",M,32,foot,N,Unknown,Unknown
1924.01.25,1924,SOUTH AFRICA,Eastern Cape Province,"St. Georgeï¿½ï¿½ï¿½ï¿½ï¿½ï¿½ï¿½ï¿½ï",Swimming,M,Unknown,foot,N,15,Unknown
2001.07.00,2001,USA,Georgia,"Jekyll Island, Glynn County",Floating face-down in knee-deep water,M,35,foot,N,18,Unknown
1976.11.23,1976,SOUTH AFRICA,KwaZulu-Natal,Warner Beach,Swimming,M,17,foot,N,Unknown,Unknown
2001.04.11.c,2001,USA,Florida,"New Smyrna Beach / Waveland, Volusia County",Surfing,M,22,foot,N,12,Unknown
2000.10.06.a,2000,USA,Florida,"New Smyrna Beach, Volusia County",Body surfing,M,11,foot,N,12,Unknown
2000.07.10,2000,USA,Florida,"Daytona  Beach, Volusia County",Wading,M,13,foot,N,15,Unknown
1975.07.04,1975,USA,Florida,"Indiatlantic, Brevard County",Surfing,M,16,foot,N,Unknown,Unknown
2000.04.14,2000,USA,Florida,"On the south side of Ponce Inlet, Volusia County",Walking,M,34,foot,N,11,Unknown
1999.10.30.b,1999,USA,Florida,"Daytona Beach, Volusia County",Body boarding,M,45,foot,N,17,Unknown
1999.09.29,1999,USA,Florida,"South side of Ponce de Leon Inlet, Volusia County",Wading to shore after surfing,M,22,foot,N,18,Unknown
1974.08.16.a,1974,HONG KONG,Mirs Bay ,Unknown,Freedom swimming,M,18,foot,N,Unknown,Unknown
1999.09.04.a,1999,USA,Florida,"Ponce Inlet, Volusia County",Wading with surfboard,M,39,foot,N,19,Unknown
1999.08.21,1999,USA,Florida,"Ponce Inlet, Volusia County",Surfing,M,17,foot,N,18,Unknown
1974.04.12,1974,USA,Florida,"Haulover Beach, Miami-Dade County",Swimming,F,11,foot,N,Unknown,Unknown
1998.12.24,1998,USA,Florida,"Ormond Beach, Volusia County",Surfing,M,19,foot,N,8,Unknown
1998.10.01.a,1998,USA,Florida,"New Smyrna Beach, Volusia County",Unknown,M,28,foot,N,14,Unknown
1998.07.26,1998,BRAZIL,Pernambuco,"Boa Viagem, Recife",Surfing,M,Unknown,foot,N,17,Unknown
1998.06.08,1998,USA,Florida,"Daytona Beach, Volusia County",Surfing,M,18,foot,N,18,Unknown
1972.09.04,1972,MOZAMBIQUE,Maputo Province,Inhaca Island,Swimming,F,20,foot,N,Unknown,Unknown
1997.09.09,1997,USA,Florida,Volusia County  ,Surfing,M,12,foot,N,17,Unknown
2010.12.17,2010,FIJI,Vitu Levu,Sigatoka,Surfing,M,Unknown,foot,N,9,Unknown
1997.08.10,1997,USA,Florida,"New Smyrna Beach, Volusia County",Boogie boarding,M,17,foot,N,11,Unknown
1997.08.09,1997,USA,Florida,"New Smyrna Beach, Volusia County",Surfing,M,Unknown,foot,N,17,Unknown
1971.09.25,1971,USA,North Carolina,"Emerald Isle, Carteret County",Surfing,Unknown,17,foot,N,Unknown,Unknown
1996.11.18,1996,USA,Florida,"Coral Cove Park, Palm Beach County",Surfing,M,26,foot,N,17,Unknown
1996.09.02.b,1996,USA,Florida,"Behune Beach, Volusia County",Standing,M,5,foot,N,18,Unknown
1996.09.02.a,1996,USA,Florida,"Bethune Beach, Volusia County",Sitting on surfboard,M,28,foot,N,13,Unknown
1996.07.10,1996,USA,Florida,"New Smyrna Beach, Volusia County",Unknown,M,18,foot,N,13,Unknown
1995.07.28.e,1995,USA,Florida,"New Smyrna Beach, Volusia County",Surfing,M,Unknown,foot,N,16,Unknown
1970.00.00.c,1970,IRAQ,Basrah,Shatt-al-Arab River near Abu al Khasib,Washing clothes on stairs,F,25,foot,N,Unknown,Unknown
1995.04.13,1995,USA,Florida,"Ormond Beach, Volusia County",Unknown,M,20,foot,N,13,Unknown
1994.10.05,1994,USA,Florida,"Indialantic, Brevard County",Surfing,M,16,foot,N,12,Unknown
1994.05.31.b,1994,USA,Florida,"Ponce Inlet, Volusia County",Surfing,M,24,foot,N,10,Unknown
1993.03.22,1993,USA,Florida,"Singer Island, Riviera Beach, Palm Beach County",Floating on his back,M,25,foot,N,16,Unknown
1998.09.16.R,1998,SOUTH AFRICA,Eastern Cape Province,Kowie River,Fishing / washing bait off hands,M,Unknown,foot,N,18,Unknown
1990.10.30.a,1990,USA,Florida,"Indialantic, Brevard County",Surfing,M,18,foot,N,15,Unknown
1990.10.25,1990,AUSTRALIA,South Australia,Goolwa Beach,Surfing,M,Unknown,foot,N,10,Unknown
1989.02.15,1989,SOUTH AFRICA,KwaZulu-Natal,Richards Bay,Windsurfing,M,26,foot,N,13,Unknown
1988.07.11,1988,USA,Florida,"Jensen Beach, Martin County",Swimming,F,15,foot,N,10,Unknown
1988.05.10,1988,USA,Florida,"Paradise Beach Park, Brevard County",Surfing,M,31,foot,N,18,Unknown
1988.04.15a,1988,USA,Florida,"Singer Island, Riviera Beach, Palm Beach County",Swimming,M,24,foot,N,18,Unknown
1986.11.19,1986,USA,Florida,"Indiatlantic, Brevard County",Surfing,M,26,foot,N,10,Unknown
1984.09.23,1984,USA,Florida,Volusia County,Surfing,M,17,foot,N,14,Unknown
1984.07.24.b,1984,USA,Texas,South Padre Island,Swimming,F,13,foot,N,14,Unknown
1895.04.23,1895,NEW ZEALAND,South Island,Oamaru,Swimming,M,Unknown,foot,N,7,Unknown
1983.06.29,1983,USA,Florida,"Off 12th Street, Miami Beach",Swimming,M,42,foot,N,11,Unknown
1983.06.20,1983,USA,Florida,"Cocoa Beach, Brevard County",Surfing & dangling foot in water amid baitfish,M,21,foot,N,16,Unknown
1983.05.21,1983,USA,Florida,"Haulover Inlet, Dade County",Surfing,M,22,foot,N,14,Unknown
1983.04.02.b,1983,USA,Florida,"Lake Worth Beach, Palm Beach County",Surfing,M,16,foot,N,11,Unknown
1983.01.10,1983,SOUTH AFRICA,Western Cape Province,Muizenberg,Windsurfing,M,22,foot,N,18,Unknown
2010.01.22.b,2010,UNITED ARAB EMIRATES (UAE),Dubai,"Umm Suqeim Beach, Dubai",Surfing,M,54,foot,N,18,Unknown
1982.06.25,1982,USA,Florida,"Ormond Beach / Daytona Beach, Volusia County",Unknown,F,8,foot,N,11,Unknown
2001.07.06.b,2001,MEXICO,Baja California,Ensenada,Surfing,M,42,foot,N,18,Unknown
1966.05.16.a,1966,PHILIPPINES,Unknown,Off Cebu,The passenger ship Pioneer Cebu  capsized & sank in Typhoon Irma,M,Unknown,foot,Y,Unknown,Unknown
1990.07.22,1990,USA,Texas,"Mustang Island State Park, Nueces County",Wading,F,53,foot,N,18,Unknown
1979.04.08.a,1979,USA,Florida,"Municipal Beach, Boyton Beach, Palm Beach County",Body surfing,M,8,foot,N,10,Unknown
1977.03.17,1977,SOUTH AFRICA,Western Cape Province,"Lappiesbaai Beach, Stilbaai",Swimming,M,31,foot,N,17,Unknown
1975.05.25,1975,USA,Florida,"New Smyrna Beach, Volusia County",Surfing,M,17,foot,N,10,Unknown
1965.00.00.g,1965,USA,Texas,"Port Lavaca, Calhoun County",Dangling feet in the water,M,13,foot,N,Unknown,Unknown
1965.00.00.f,1965,USA,California,"Dana Point, San Clemente, Orange County",Surfing,M,15,foot,N,Unknown,Unknown
1970.09.05,1970,USA,Florida,"Cocoa Beach, Brevard County",Floating on a raft,M,18,foot,N,11,Unknown
1967.08.15,1967,BERMUDA,Hamilton,Hamilton,Floating,F,19,foot,N,16,Unknown
1966.07.17.b,1966,USA,Texas,"Point Comfort, Calhoun County",Fishing,M,14,foot,N,15,Unknown
1963.07.00,1963,PANAMA,San Blas coast,"4 miles from Tuwala, near Mulatuppu","Seining for bait, standing in chest-deep water",M,Unknown,foot,Y,Unknown,Unknown
1966.04.08,1966,USA,Puerto Rico,Unknown,Swimming,M,25,foot,N,16,Unknown
1962.06.03,1962,USA,Florida,"Riviera Beach, near Palm Beach Inlet, Palm Beach County",Free diving,M,31,foot,N,12,Unknown
1962.00.00.c,1962,SPAIN,Catalonia,Aigua Blava,Dangling feet in the water,F,Unknown,foot,N,Unknown,Unknown
1960.10.25,1960,USA,California,"Off Point Mugu, Ventura County",Ejected from F3H-2 aircraft ,M,36,foot,N,14,Unknown
2011.11.11,2011,REUNION,Bois-Blanc ,Sainte-Rose,Free diving / spearfishing,M,42,foot,N,9,Unknown
1959.08.10,1959,USA,Georgia,"Savannah Beach, Savannah, Chatham County",Standing,F,15,foot,N,18,Unknown
1961.03.14,1961,AUSTRALIA,Western Australia,Shark Bay,Fishing from dinghy,F,Unknown,foot,N,Unknown,Unknown
2005.06.02,2005,USA,Texas,"Mustang Island, Corpus Christi",Wading,M,6,foot,N,9,Unknown
1951.03.15,1951,SOUTH AFRICA,KwaZulu-Natal,"South Beach, Durban",Body surfing,M,19,foot,N,12,Unknown
1950.05.24,1950,SOUTH AFRICA,KwaZulu-Natal,Port Edward,Treading water,M,27,foot,N,10,Unknown
1960.00.00.d,1960,PAPUA NEW GUINEA,Madang,Unknown,"Spear fishing, removing fish from spear",M,16,foot,Y,Unknown,Unknown
1981.09.03.a,1981,USA,Florida,"Cocoa Beach, Brevard County",Surfing,M,24,foot,N,9,Unknown
1958.07.00.a,1958,USA,Florida,"Sarasota, Sarasota County",Unknown,M,Unknown,foot,N,Unknown,Unknown
1882.11.12.b,1882,NEW ZEALAND,North Island,"Tararu, Thames",Bathing,M,Unknown,foot,N,9,Unknown
1957.00.00.e,1957,FIJI,Kadavu,Great Astrolabe Reef,Fishing,M,30,foot,N,Unknown,Unknown
1919.05.29,1919,USA,South Carolina,"James Island Sound, Charleston","""Swimming vigorously""",M,Unknown,foot,N,12,Unknown
1955.09.04,1955,USA,California,"Venice Beach, Los Angeles County",Swimming near breakwater,M,16,foot,N,Unknown,Unknown
1954.07.30,1954,ECUADOR,Galapagos Islands,Unknown,"Tuna fishing, standing on stern platform that was submerged by waves",M,34,foot,N,Unknown,Unknown
1977.12.31,1977,USA,Hawaii,2 miles off Keahole Airport,"Swimming, after single-engine aircraft went down in the sea",M,49,foot,N,21,Unknown
1954.05.00,1954,PAPUA NEW GUINEA,Madang Province,Near Madang Town,Unknown,Unknown,Unknown,foot,N,Unknown,Unknown
1952.01.23,1952,MAURITIUS,Port Louis Province,Port Louis,"Spearfishing, speared a small shark",M,Unknown,foot,N,Unknown,Unknown
1951.07.19.R,1951,USA,California,"Long Beach, Los Angeles County",Unknown,M,13,foot,N,Unknown,Unknown
2006.08.29.b,2006,USA,Oregon,"Florence, Lane County",Surfing,M,23,foot,N,18,Unknown
2002.10.11,2002,USA,Florida,"Opposite main gate at Patrick Air Force Base, Cape Canaveral, Brevard County",Surfing,M,21,foot,N,18,Unknown
1945.00.00.b,1945,PANAMA,Colon Province,"Mouth of Rio Dudio, 50 miles west of the city of Colon",Bathing with her mother,F,9,foot,N,Unknown,Unknown
1943.11.21,1943,SOUTH AFRICA,Eastern Cape Province,Kei River Mouth,Swimming with board,M,Unknown,foot,N,Unknown,Unknown
1941.00.00.a,1941,PAPUA NEW GUINEA,Unknown,"Gaire Village, between Rigo & Port Moresby",Unknown,M,14,foot,N,Unknown,Unknown
1937.02.11,1937,AUSTRALIA,New South Wales,Kempsey,Swimming ashore after launch capsized,Unknown,Unknown,foot,N,Unknown,Unknown
1936.08.13,1936,ICELAND,Fishing Grounds,Unknown,Swept overboard,M,Unknown,foot,N,Unknown,Unknown
1935.03.25.R,1935,SOUTH AFRICA,KwaZulu-Natal,"North Pier, Durban",Put foot inside mouth of supposedly dead shark,M,Unknown,foot,N,Unknown,Unknown
1933.08.26.R,1933,USA,Connecticut,Mystic River,Swimming,F,Unknown,foot,N,Unknown,Unknown
1932.02.13,1932,AUSTRALIA,Queensland,Calliope River,Fishing with dynamite,M,Unknown,foot,N,Unknown,Unknown
1923.05.23.R,1923,AUSTRALIA,Western Australia,"Southgates, near Geraldton",Wading,M,Unknown,foot,N,Unknown,Unknown
1920.01.24.R.b,1920,AUSTRALIA,Torres Strait,Unknown,Diving,M,Unknown,foot,N,Unknown,Unknown
1916.07.07,1916,PHILIPPINES,Luzon Island,"Olongapo Harbor, Subic Bay",Bathing,M,Unknown,foot,N,Unknown,Unknown
1915.02.06,1915,AUSTRALIA,Queensland,Wynnum-Manley,Swimming,M,Unknown,foot,N,Unknown,Unknown
1911.00.00.b,1911,USA,Texas,"Texas City, Galveston",Swimming,M,Unknown,foot,N,Unknown,Unknown
1905.08.00.b,1905,USA,New Jersey,"Atlantic City, Atlantic County",Swimming from naptha launch after a day of fishing,M,Unknown,foot,N,Unknown,Unknown
1904.11.02,1904,PHILIPPINES,Luzon Island,"Inner Harbor, Olongapo",Bathing alongside US Naval ship,M,Unknown,foot,N,Unknown,Unknown
1903.00.00.a,1903,USA,Hawaii,"Koko Head, south side of O'ahu Island",Fishing,M,Unknown,foot,Y,Unknown,Unknown
1900.07.14,1900,USA,Hawaii,"Makapu'u Point, O'ahu",Hunting seashells,M,Unknown,foot,Y,Unknown,Unknown
1899.00.00.c,1899,SOUTH AFRICA,KwaZulu-Natal,Durban,Dangling feet in the water,M,Unknown,foot,N,Unknown,Unknown
1894.09.06.R,1894,FIJI,Vita Levu,Rewa River,Dangling feet in the water,F,Unknown,foot,N,Unknown,Unknown
1891.12.31.R,1891,AUSTRALIA,New South Wales,Unknown,Swimming,M,Unknown,foot,N,Unknown,Unknown
1890.06.14.R,1890,PERSIAN GULF,Unknown,Unknown,Fell overboard,M,Unknown,foot,N,Unknown,Unknown
1888.12.25.R,1888,INDIAN OCEAN,Between Perth & Colombo,Unknown,Swimming,M,Unknown,foot,N,Unknown,Unknown
1887.00.00,1887,OCEAN,"Somewhere between Philadelphia and Hiogo, Japan",Unknown,British ship Macedon was thrown on her beam ends by a sudden squall,M,Unknown,foot,N,Unknown,Unknown
1886.01.26,1886,AUSTRALIA,Queensland,Unknown,Diving alongsidethe steamship Ranelagh ,M,Unknown,foot,N,Unknown,Unknown
1870.07.27,1870,USA,North Carolina,"Smithville (now Southport), Brunswick County",Bathing,M,Unknown,foot,N,Unknown,Unknown
1855.09.30,1855,USA,North Carolina,Cape Hatteras,ship William Penn grounded & broke apart,M,Unknown,foot,N,Unknown,Unknown
1852.10.23.R,1852,PACIFIC OCEAN,Between Australia & USA,Unknown,Fishing,M,Unknown,foot,N,Unknown,Unknown
1847.03.11,1847,AUSTRALIA,Queensland,Moreton Bay,Wreck of the Sovereign,M,Unknown,foot,N,Unknown,Unknown
1837.09.03,1837,USA,South Carolina,"Magwoods Wharf, Charleston Harbor, Charleston County",Bathing,M,Unknown,foot,N,Unknown,Unknown
1827.06.00.b,1827,SIERRA LEONE,Western Area ,Tombo Island in the Sierra Leone River,Swimming,M,Unknown,foot,N,Unknown,Unknown
1827.00.00,1827,EGYPT,Unknown,Alexandria,Unknown,M,Unknown,foot,Y,Unknown,Unknown
ND.0018,1911,VIETNAM,Ba Ria-Vung Tau  Province,V?ng Tï¿,Swimming around anchored ship,M,Unknown,foot,N,Unknown,Unknown
ND.0035,1945,SAUDI ARABIA,Eastern Province,East of the Ras Tanura-Jubail area ,Diving,M,Unknown,foot,N,Unknown,Unknown
ND.0041,1945,IRAN,Khuzestan Province,"Ahvaz, on the Karun River",Fishing in ankle-deep water,M,Unknown,foot,Y,Unknown,Unknown
ND-0111,1901,SRI LANKA,Northern Province,Mannar,Fishing?,M,Unknown,foot,N,Unknown,Unknown
ND-0113,1911,VIETNAM,Unknown,Unknown,Bathing,M,Unknown,foot,N,Unknown,Unknown
ND-0139,1890,AUSTRALIA,Queensland,Boonooroo,Unknown,F,15,foot,N,Unknown,Unknown
ND-0150,1934,URUGUAY,Rocha,"Isla Chica, La Paloma",Swimming,Unknown,Unknown,foot,N,Unknown,Unknown
2005.06.16,2005,USA,Florida,"Howard E. Futch Memorial Park at Paradise Beach, Brevard County",Swimming,M,20,foot,N,15,Unknown
1968.04.07,1968,AUSTRALIA,New South Wales,Stockton Bight,Unknown,M,47,foot,N,7,whale shark
2004.08.20,2004,USA,California,"204s, San Clemente, Orange County",Surfing,M,Unknown,foot,N,17,white shark
1992.10.29,1992,USA,California,"Castle Rock, San Miguel Island, Santa Barbara County",Hookah diving for sea urchins,M,40,foot,N,11,white shark
1985.07.00,1985,ITALY,Sicily,Punta Secca,Snorkeling,M,13,foot,N,16,white shark
1984.09.30.b,1984,USA,Oregon,"""Turnaround"", Cape Kiwanda, Tillamook County",Surfing (sitting on his board),M,25,foot,N,15,white shark
1986.03.18,1986,SPAIN,Cï¿½ï,Tarifa ,Windsurfing,M,Unknown,foot,N,10,white shark
1995.09.28,1995,USA,California,"Davenport Landing, Santa Cruz County",Windsurfing,M,25,foot,N,17,white shark
1991.02.12,1991,SOUTH AFRICA,Western Cape Province,Millerï¿½ï¿½ï¿,Spearfishing,M,20,foot,N,12,white shark
2001.09.03.a,2001,USA,North Carolina,"Avon, Hatteras Island, Outer Banks, Dare County",Swimming,F,23,foot,N,18,white shark
1972.08.08,1972,AUSTRALIA,Tasmania,Tasman Island,Diving for abalone,M,45,foot,N,Unknown,white shark
2006.08.13,2006,SOUTH AFRICA,Western Cape Province,"Sunrise Beach, Muizenberg",Lifesaving drill,M,24,foot,N,11,white shark
1935.05.19,1935,SOUTH AFRICA,KwaZulu-Natal,"North Pier, Durban",Put foot inside a landed & supposedly dead shark,M,Unknown,foot,N,Unknown,white shark
1963.12.20.b,1963,SOUTH AFRICA,Western Cape Province,Hartenbos,Spearfishing,M,Unknown,foot,N,12,white shark
1952.05.27,1952,USA,California,"Imperial Beach, San Diego County",Swimming on surface,M,Unknown,foot,N,14,white shark
2000.02.19,2000,SOUTH AFRICA,Western Cape Province,Struis Bay,Body surfing,M,Unknown,foot,N,14,white shark
1961.07.00.b,1961,ITALY,Adriatic Sea,Riccione,Spearfishing,M,21,foot,N,14,white shark
1960.04.24,1960,USA,California,"Tomales Point, Marin County",Skindiving for abalone (but at surface),M,48,foot,N,14,white shark
1974.08.10,1974,CROATIA, Split-Dalmatia County," Lokva Rogoznica, Omis",Unknown,M,21,foot,Y,15,white shark
1969.07.20,1969,USA,California,"Pigeon Point, San Mateo County",Freediving for abalone (at surface),M,Unknown,foot,N,13,white shark
1974.09.02.a,1974,USA,California,"Franklin Point, San Mateo County",Scuba diving (but on surface),M,48,foot,N,17,white shark
2016.01.11.R,2016,AUSTRALIA,Queensland,"Happy Valley Beach, Caloundra",Surfing,M,Unknown,foot,N,Unknown,wobbegong shark
1953.02.00,1953,AUSTRALIA,Unknown,Unknown,Spearfishing,M,Unknown,foot,N,Unknown,wobbegong shark
1940.03.20,1940,AUSTRALIA,New South Wales,Gerringong,Free diving for lobster,M,Unknown,foot,N,Unknown,wobbegong shark
2016.04.19,2016,AUSTRALIA,New South Wales,"First Sun Beach, Byron Bay",Swimming,M,12,foot,N,12,wobbegong shark
2014.03.12,2014,AUSTRALIA,New South Wales,Lighthouse Beach,Swimming,M,Unknown,foot,N,18,wobbegong shark
2013.10.24,2013,AUSTRALIA,New South Wales,South Narrabeen Beach,Surfing,M,41,foot,N,18,wobbegong shark
1961.04.16.a,1961,AUSTRALIA,New South Wales,Otford,Spearfishing,M,21,foot,N,Unknown,wobbegong shark
2011.11.28,2011,AUSTRALIA,Queensland,Peregian,Swimming,M,10,foot,N,15,wobbegong shark
2013.04.28,2013,AUSTRALIA,New South Wales,Emerald Beach,Fishing,M,Unknown,foot,N,Unknown,wobbegong shark
1871.00.00.a,1871,AUSTRALIA,New South Wales,Jervis Bay & Long Reef,Fishing,M,Unknown,foot,N,21,wobbegong shark
1890.05.14,1890,SOUTH AFRICA,Eastern Cape Province,Port Elizabeth,Unknown,M,Unknown,Unknown,N,Unknown,Unknown
2006.02.23,2006,USA,Hawaii,"Makena, Maui",Free diving,M,45,Unknown,Y,15,Unknown
1950.07.14,1950,CUBA,Caribbean Sea,Unknown,Swept off deck of S.S.Frontenac enroute from West Indies to US,M,30,Unknown,N,19,Unknown
1985.09.05,1985,USA,Florida,"Fort Pierce Inlet, St Lucie County",Swimming,M,17,Unknown,N,15,Unknown
1942.00.00.k,1942,INDONESIA,East Java,Surabaya,Captured Allied soldiers were squeezed into 3' bamboo pig baskets & fed to waiting sharks,M,Unknown,Unknown,Y,Unknown,Unknown
1992.08.17,1992,USA,Florida,"Manalapan, Palm Beach County",Snorkeling,M,26,Unknown,N,Unknown,nurse shark
1948.00.00.d,1948,USA,Florida,Biscayne Bay,Underwater photography,M,48,Unknown,N,15,nurse shark
1999.03.18.b,1999,BRAZIL,Rio Grande de Norte,Atol das Rochas,Scientific research (Dr. Sonny Gruber's student),M,Unknown,Unknown,N,Unknown,Unknown
2002.12.21,2002,AUSTRALIA,Queensland,Depth of 40 m on the wreck of the St. Paul off Brisbane,Scuba diving,M,26,groin,N,Unknown,wobbegong shark
1888.10.23.R,1888,CROATIA, Primorje-Gorski Kotar County,Rijeka,Unknown,Unknown,Unknown,Unknown,Y,Unknown,Unknown
1994.01.09,1994,AUSTRALIA,Queensland,"Katana Downs Reach, Brisbane River","Swimming, after falling off towed kneeboard",M,23,leg,N,Unknown,Unknown
2003.03.10,2003,USA,Florida,"Petting Tank, Florida Aquarium, Tampa, Hillsborough County",Petting captive sharks,F,Unknown,hand,N,Unknown,Unknown
1910.11.28,1910,NORTH ATLANTIC OCEAN,Georges Bank,Unknown,Fishing,M,Unknown,hand,N,Unknown,angel shark
2004.07.02.b,2004,EGYPT,Sinai Peninsula,The lagoon at Dahab,Snorkeling,F,15,hand,N,Unknown,blacktip shark
1986.09.22.R,1986,USA,Florida,"Pinellas Point, Tampa Bay",Unknown,Unknown,Unknown,hand,N,Unknown,blacktip shark
1992.08.29,1992,BAHAMAS,Abaco Islands,Double Breasted Cays ,"Snorkeling, carrying a speared fish in her hand",F,34,hand,N,Unknown,blacktip shark
1950.00.00.f,1950,PANAMA,Canal Zone,300 yards west of mouth of the Chagres River,Bathing ,M,Unknown,hand,N,13,blacktip shark
2001.08.18.b,2001,USA,Florida,"New Smyrna Beach, Volusia County",Surfing,M,19,hand,N,12,blacktip shark
1983.06.15.a,1983,BAHAMAS,Unknown,Carter Cay,Unknown,M,30,hand,N,11,blacktip shark
2009.05.16.a,2009,USA,Florida,"New Smyrna Beach, Volusia County",Surfing,M,55,hand,N,10,blacktip shark
2002.10.05.b,2002,USA,Florida,"New Smyrna Beach, Volusia County",Surfing,M,14,hand,N,12,blacktip shark
1965.04.04.a,1965,USA,Florida,"Juno Beach, Palm Beach County",Paddling on surfboard,M,17,hand,N,7,blacktip shark
2014.06.01.a,2014,USA,Palmyra Atoll,Unknown,Tagging sharks,F,37,hand,N,Unknown,blacktip shark
2015.03.16,2015,FRENCH POLYNESIA,Bora Bora,Anau,Hand feeding sharks,M,9,hand,N,10,blacktip shark
1961.08.04,1961,BERMUDA,Unknown,6 miles from shore,Spearfishing,M,22,hand,N,11,blacktip shark
2015.10.04,2015,USA,Florida,"New Smyrna Beach, Volusia County",Surfing,M,14,hand,N,8,blacktip shark
2013.02.10,2013,USA,Florida,"""Stuart Rocks"", Martin County",Surfing,M,16,hand,N,14,blacktip shark
2007.10.06,2007,USA,Florida,"Playalinda Beach, Canaveral National Seashore, Brevard County",Surfing,M,16,hand,N,8,blacktip shark
1962.09.30,1962,BRITISH WEST INDIES,Grand Turk Island,Long Cay,Spearfishing,M,24,hand,N,14,blacktip shark
2012.06.14.d,2012,USA,South Carolina,"Myrtle Beach, Horry County",Swimming,F,18,hand,N,15,blacktip shark
1934.06.21,1934,AUSTRALIA,New South Wales,Off Mooloolabah,Fishing,M,Unknown,hand,N,21,blue shark
2013.04.14,2013,SOUTH AFRICA,Western Cape Province,False Bay,Free diving,M,Unknown,hand,N,Unknown,blue shark
2016.07.29,2016,SPAIN,Alicante Province,Arenales del Sol,Swimming,M,40,hand,N,11,blue shark
1962.07.19,1962,USA,California,30 miles south of San Clemente Island,Fishing for albacore,M,19,hand,N,16,blue shark
2006.07.13,2006,SPAIN,Alicante,San Juan Beach  ,Swimming,F,7,hand,N,Unknown,blue shark
1949.07.16,1949,USA,California,"10 miles off Redondo Beach, Los Angeles County",Fishing,M,16,hand,N,Unknown,mako shark
2002.07.04,2002,USA,North Carolina,"Wrightsville Beach, New Hanover County",Standing,F,9,hand,N,17,bull shark
2015.12.11,2015,BAHAMAS,Unknown,Off Andros Island,Lobster fishing,M,26,hand,N,Unknown,bull shark
1993.10.26,1993,USA,Florida,"Treasure Shores Beach, Indian River County",Swimming,F,26,hand,N,10,bull shark
1988.09.13.a,1988,USA,Florida,"Shell Island Panama City Beach, Bay County",Snorkeling,M,38,hand,Y,15,bull shark
2002.07.09.a,2002,BRAZIL,Pernambuco,"Piedade Beach, Recife",Surfing,M,22,hand,N,15,bull shark
2015.06.27.b,2015,USA,North Carolina,"Rodanthe, Dare County",Swimming,M,18,hand,N,16,bull shark
2013.04.13.b,2013,USA,Florida,"New Smyrna Beach, Volusia County",Surfing,M,21,hand,N,13,bull shark
2012.08.05,2012,REUNION,Saint Leu,Unknown,Surfing,M,39,hand,N,17,bull shark
2008.06.01.a,2008,BRAZIL,Pernambuco,"Piedade, Recife",Swimming,M,14,hand,N,15,bull shark
2003.04.23.b,2003,BRAZIL,Pernambuco,"Pau Amarelo Beach, Paulista District (17 km from Recife)",Surfing,M,17,hand,N,17,bull shark
2017.02.25,2017,AUSTRALIA,Western Australia,Mauds Point,Snorkeling,F,Unknown,hand,N,9,bull shark
2004.01.21.b,2004,VENEZUELA,Anzoategui,"Playa Colorada Beach, Mochima National Park, only 200 m west of Santa Cruz Beach",Swimming,M,Unknown,hand,N,14,bull shark
2009.02.11,2009,AUSTRALIA,New South Wales,"Garden Point, Woolloomooloo Sydney Harbour","Diving, but on the surface when bitten by the shark",M,31,hand,N,7,bull shark
2011.02.28.R,2011,AUSTRALIA,Queensland,Between ,Fishing,M,36,hand,N,10,bull shark
2012.12.28,2012,AUSTRALIA,New South Wales,"Kylie's Beach, Diamond Head",Paddle boarding,M,29,hand,N,10,bull shark
2012.05.29,2012,MEXICO,Guerrero," Boca de la Leï¿½ï¿½ï¿½ï¿½",Free diving / spearfishing,M,46,hand,N,9,bull shark
2011.06.28,2011,SOUTH AFRICA,KwaZulu-Natal,Aliwal Shoal,Scuba diving,M,22,hand,N,12,bull shark
2007.07.10,2007,BAHAMAS,Abaco Islands,Allan-Pensacola Cay,Spearfishing,F,48,hand,N,11,bull shark
1963.01.28,1963,AUSTRALIA,New South Wales,"Sugarloaf Bay, Middle Harbour, Sydney",Wading,F,32,hand,Y,13,bull shark
1961.04.21,1961,MOZAMBIQUE,Gaza,"Sepulveda Beach, Xai Xai",Swimming,M,37,hand,N,10,bull shark
1963.12.29,1963,SOUTH AFRICA,KwaZulu-Natal,"Catfish Rock, between Salt Rock & Shakaï¿½ï¿½ï",Standing,F,20,hand,N,14,bull shark
2005.02.13,2005,USA,Florida,Fort Lauderdale,Spearfishing,M,Unknown,hand,N,Unknown,caribbean reef shark
2016.06.24,2016,COLUMBIA,Isla Provedencia,Unknown,Scuba Diving,M,59,hand,N,11,caribbean reef shark
2016.01.28,2016,USA,Hawaii,"Hanalei Bay, Kauai",Surfing,M,Unknown,hand,N,14,caribbean reef shark
2008.09.15,2008,AUSTRALIA,Northern Territory,Near Croker Island,Swimming,M,43,hand,N,14,copper shark
1993.02.04,1993,AUSTRALIA,Queensland,Mooloolaba,Fishing,M,69,hand,N,13,copper shark
2015.07.23.a,2015,AUSTRALIA,Victoria,Tyrendarra Beach near Portland,Surfing,M,40,hand,N,Unknown,copper shark
1968.04.15,1968,AUSTRALIA,New South Wales,South Coast,"Diving. Shark ï¿½ï¿½ï¿½ï¿½ï¿½ï¿½ï¿½ï¿½ï¿½swallowedï¿½ï¿½ï¿½ï¿½ï¿½ï¿½ï¿½ï¿½ï¿½ his hand, so he threw his other around the shark and went ï¿½ï¿½ï¿½ï¿½",M,21,hand,N,Unknown,copper shark
2013.03.10.b,2013,AUSTRALIA,Western Australia,African Reef off Geraldton,Spearfishing,M,28,hand,N,9,copper shark
1992.03.10,1992,AUSTRALIA,Victoria,Point Lonsdale,Surfing,M,17,hand,N,Unknown,copper shark
1960.04.03.a,1960,AUSTRALIA,New South Wales,Off Broughton Island near Port Stephens,"Speared a grouper, saw shark but it came for him instead of the fish so he fired spear into sharkï¿½ï¿½ï¿½ï¿½ï¿½ï¿½ï¿½ï¿½ï¿½s mouth. Then shark took grouper but unable to swallow because ",M,Unknown,hand,N,12,copper shark
2011.04.16,2011,NEW ZEALAND,South Island,Snapper Point,Surfing,M,41,hand,N,15,copper shark
1920.11.22,1920,AUSTRALIA,Western Australia,Cottesloe Beach,Standing,M,Unknown,hand,N,Unknown,dogfish shark
1986.07.00.a,1986,SOUTH AFRICA,KwaZulu-Natal,LaMercy,Spearfishing,M,26,hand,N,17,dusky shark
1998.08.23.R,1998,USA,Virginia,Virginia Beach,Spearfishing,M,Unknown,hand,N,Unknown,dusky shark
1954.07.03,1954,BERMUDA,South shore ,Elbow Beach,Swimming,M,22,hand,N,Unknown,dusky shark
2013.05.27.b,2013,USA,Hawaii,"Halewia, Oahu",Diving,M,32,hand,N,Unknown,galapagos shark
ND-0136,2012,USA,Hawaii,Oahu,Diving,M,Unknown,hand,N,Unknown,galapagos shark
1959.09.26.b,1959,USA,Florida,"Off Port Everglades, Broward County","Adrift, hanging onto cushion, after his 17' skiff ran out of gas & capsized 3 miles from shore",M,30,hand,N,17,hammerhead shark
2015.08.10,2015,USA,California,Cortes Bank,Spearfishing,M,57,hand,N,8,hammerhead shark
2017.03.09,2017,BAHAMAS,Great Exuma,Unknown,Washing hands,M,58,hand,N,Unknown,lemon shark
1960.08.10,1960,USA,Florida,Key Largo Sound,Holding shark on leader & dangling it above the water,M,15,hand,N,20,lemon shark
1999.10.20,1999,USA,Florida,"Pet Den, Satellite Beach, Brevard County",Surfing,M,Unknown,hand,N,12,lemon shark
2014.06.17.R,2014,AUSTRALIA,Western Australia,Horizontal Falls,Petting a shark,M,Unknown,hand,N,Unknown,lemon shark
2013.06.06.b,2013,USA,Florida,"Off Snipe Point, Florida Keys, Monroe County",Fishing for sharks,M,58,hand,N,Unknown,lemon shark
2012.08.09,2012,USA,Florida,Key Largo,Free diving ,M,56,hand,N,16,lemon shark
2007.06.30.b,2007,USA,Florida,Marques Island,Removing hook from shark,M,Unknown,hand,N,Unknown,lemon shark
1988.01.14,1988,USA,Louisiana,Unknown,Fishing,M,Unknown,hand,N,Unknown,mako shark
1941.03.09,1941,USA,California,"Santa Monica, Los Angeles County",Fishing,M,53,hand,N,21,mako shark
2014.03.18,2014,AUSTRALIA,New South Wales,Lennox Head,Unknown,F,10,hand,N,17,Unknown
2013.07.28.b,2013,BAHAMAS,Exuma Islands,Compass Cay,Cleaning fish,M,64,hand,N,16,nurse shark
1996.02.19.R,1996,USA,Missouri,St. Louis,Swimming in fish tank,F,32,hand,N,Unknown,nurse shark
1983.08.13.b,1983,USA,Florida,"Riviera Beach, Palm Beach County",Skindiving,M,14,hand,N,Unknown,nurse shark
2008.00.00.b,2008,USA,Florida,"Off Fort Pierce, St. Lucie County",Fishing for snapper,M,Unknown,hand,N,Unknown,nurse shark
ND.0087,1975,USA,Florida,"Riviera Beach, Palm Beach County",Skin diving. Grabbed shark's tail; shark turned & grabbed diver's ankle & began towing him to deep water,M,19,hand,N,Unknown,nurse shark
1964.12.25,1964,SOUTH AFRICA,Eastern Cape Province,Port Alfred,Swimming,M,19,hand,N,17,sandtiger shark
2006.12.06,2006,SOUTH AFRICA,KwaZulu-Natal,Cape Vidal,Fishing,M,25,hand,N,18,sandtiger shark
2005.11.15,2005,SOUTH AFRICA,Eastern Cape Province,Aston Bay,Fishing for sharks,M,32,hand,N,14,sandtiger shark
2014.04.12,2014,SOUTH AFRICA,Eastern Cape Province,Port Alfred,Fishing,M,Unknown,hand,N,9,sandtiger shark
2003.06.19,2003,USA,North Carolina,"Masonboro Island, New Hanover County",Surfing ,M,33,hand,N,15,sand shark
1966.12.27.a,1966,AUSTRALIA,New South Wales,Trial Bay,Spearfishing,M,19,hand,N,Unknown,sandtiger shark
2002.08.06.R,2002,UNITED KINGDOM,Cheshire,"Blue Planet Aquarium, Ellesmere Port",Diving,M,30,hand,N,Unknown,sandtiger shark
1998.00.00.a,1998,USA,Virginia,"Wreck of the Navy Barge, 22 miles SE of Rudee ",Spearfishing on scuba & transferring fish onto a stringer,M,Unknown,hand,N,Unknown,sandtiger shark
1969.02.17.R,1969,AUSTRALIA,Tasmania,Taroona,Fishing,M,49,hand,N,9,sevengill shark
2016.11.28,2016,AUSTRALIA,Victoria,Queenscliff,Fishing,M,73,hand,N,11,sevengill shark
1963.11.30.b,1963,NEW ZEALAND,South Island,"Charteris Bay, Lyttleton Harbour",Treading water while alongside capsized yacht,M,20,hand,N,13,sevengill shark
1999.12.31.a,1999,NEW ZEALAND,South Island,Oreti Beach,Bathing,F,12,hand,N,Unknown,sevengill shark
2005.04.06.b,2005,HONDURAS,Bay Islands,Utila,SCUBA Diving,F,Unknown,hand,N,Unknown,Unknown
2011.08.17.b.,2011,USA,North Carolina,"Wrightsville Beach, New Hanover County",Unknown,M,12,hand,N,16,Unknown
2011.12.26.R,2011,ANTIGUA,St John's,Fort James Beach,Swimming,M,Unknown,hand,N,7,Unknown
2001.09.07.a,2001,USA,South Carolina,"Waites Island, Horry County",Swimming,F,Unknown,hand,N,Unknown,Unknown
1907.10.16.a,1907,CHINA,Hong Kong,"Sharp Peak, Sai Kung Peninsula, New Territories",Fishing,M,Unknown,hand,N,Unknown,Unknown
1985.09.08.a,1985,USA,Florida,"Palm Beach, Palm Beach County",Scuba diving,M,Unknown,hand,N,15,silky shark
2006.09.14,2006,USA,Florida,"Singer Island, Riviera Beach",Swimming,M,55,hand,N,14,spinner shark
1999.02.03,1999,USA,Florida,"Hobe Sound, Martin County",Surfing,M,25,hand,N,15,spinner shark
1998.02.23,1998,USA,Florida,"Jensen Beach, Martin County",Swimming,M,Unknown,hand,N,9,spinner shark
2001.03.09,2001,USA,Florida,"Coral Cove Park, Jupiter Island, Martin County",Surfing,M,Unknown,hand,N,Unknown,spinner shark
2015.11.15.a,2015,USA,Florida,"Ocean Reef Park, Singer Island, Palm Beach County",Surfing,M,28,hand,N,Unknown,spinner shark
2005.12.21,2005,USA,Hawaii,"Keawakapu Beach, Maui",Swimming,M,29,hand,N,11,tiger shark
1941.11.27.b,1941,SOUTH ATLANTIC OCEAN,Off Libya,Unknown,HMAS Parramatta torpedoed & sunk by the U-559,M,23,hand,N,Unknown,tiger shark
2004.08.21,2004,BRAZIL,Pernambuco,"Boa Viagem Beach, Recife",Bathing,M,24,hand,N,13,tiger shark
1934.12.31.b,1934,AUSTRALIA,New South Wales,Georgeï¿½ï¿½ï¿½ï¿½ï¿½ï¿½ï¿,Splashing,F,13,hand,N,20,tiger shark
1958.07.27.a,1958,USA,Florida,"Longboat Key, Sarasota, Sarasota County","Swimming, ducking for shells in water 0.9 m deep",M,8,hand,N,16,tiger shark
2001.09.30.b,2001,MEXICO,Guerrero,Ixtapa,Body surfing,M,26,hand,N,10,tiger shark
1959.04.11,1959,AUSTRALIA,Torres Strait,"Coconut Island , 100 miles east of Thursday Island",Diving for pearl shell,M,43,hand,N,Unknown,tiger shark
1999.11.23,1999,USA,Hawaii,"Big Island off Kona Village Resort, North Kona",Swimming,F,51,hand,N,17,tiger shark
2013.12.11,2013,USA,Hawaii,"Ninole Bay, Hawaii County",Boogie boarding,M,29,hand,N,8,tiger shark
2012.09.02.b,2012,USA,Hawaii,"Spreckelsville, Maui",Spearfishing,Unknown,Unknown,hand,N,12,tiger shark
2012.10.27,2012,USA,Hawaii,"Makena Landing, Maui",Swimming,F,51,hand,N,15,tiger shark
2015.10.09.a,2015,USA,Hawaii,"Leftovers, Oahu",Surfing,M,25,hand,N,10,tiger shark
1949.01.05,1949,AUSTRALIA,Western Australia,"Leighton Beach, North Fremantle",Unknown,Unknown,Unknown,hand,Unknown,Unknown,tiger shark
1999.05.01,1999,BRAZIL,Pernambuco,"Boa Viagem Beach, Recife",Surfing,M,21,hand,N,15,tiger shark
1992.12.23,1992,USA,Hawaii,"Chun's Reef, Laniakea, O'ahu",Lying on surfboard,M,30,hand,N,17,tiger shark
1959.05.03,1959,USA,Florida,"Panama City, Bay County",Spearfishing,M,19,hand,N,10,tiger shark
2003.11.27,2003,SOUTH AFRICA,KwaZulu-Natal,Sodwana,Spearfishing,M,21,hand,Y,8,tiger shark
1997.10.28.a,1997,USA,Hawaii,"Waiokapua Bay/Majors Bay, Brennecke Beach, Poipu, Kaua'i Island",Body boarding or surfing,M,19,hand,N,7,tiger shark
2006.03.19,2006,FIJI,Vitu Levu,Sigatoka,Surfing,M,21,hand,N,18,tiger shark
1920.06.27,1920,CANADA,Halifax,"Slaunwhite's Ledge, Hubbard Cove",Harpooned shark,Unknown,Unknown,hand,N,Unknown,Unknown
1950.03.26,1950,SOUTH AFRICA,Eastern Cape Province,"Off bank of Ntshala River, Morgan Bay",Wading,M,Unknown,hand,N,15,Unknown
1897.09.17,1897,USA,Rhode Island,Point Judith,Fishing,M,Unknown,hand,N,15,Unknown
1936.03.30,1936,USA,Florida,"Miami, Miami-Date County",Fishing,M,Unknown,hand,N,Unknown,Unknown
2000.07.02.b,2000,USA,Florida,"Smyrna Dunes  Park, New Smyrna Beach, Volusia County",Wading,F,13,hand,N,17,Unknown
1965.09.12,1965,PAPUA NEW GUINEA,East Sepik,Moem Village near Wewak,Fishing (rod & line),M,Unknown,hand,N,14,Unknown
1936.11.27,1936,AUSTRALIA,Torres Strait,Near Thursday Island,Spearfishing ,M,Unknown,hand,N,Unknown,Unknown
2002.06.11.a,2002,USA,Florida,"St Augustine Beach, St Johns County",Surfing,M,28,hand,N,13,Unknown
1961.09.02.R,1961,ITALY,Venice Province, Chioggia,Fishing,M,35,hand,N,Unknown,Unknown
2000.03.24,2000,USA,Florida,"Floridana Beach, Brevard County",Surfing,M,37,hand,N,14,Unknown
1989.08.22.b,1989,USA,Florida,"St Augustine, St Johns County",Swimming,M,21,hand,N,Unknown,Unknown
1963.07.11,1963,USA,Mississippi,Horn Island,"Fishing, on charter boat Silver Dollar",M,24,hand,N,Unknown,Unknown
1988.10.10,1988,USA,Florida,"Playalinda, Brevard County",Surfing,M,23,hand,N,18,Unknown
1962.01.27,1962,NEW ZEALAND,South Island,Oreti Beach,Splashing ,M,18,hand,N,16,Unknown
1939.10.04,1939,USA,Hawaii,"Kane'ohe Bay, Mokapu, O'ahu",Spearfishing & had just speared a ulua,M,Unknown,hand,N,Unknown,Unknown
2007.03.20,2007,AUSTRALIA,New South Wales,South Golden Beach,Surfing,F,42,hand,N,10,Unknown
2015.01.16,2015,AUSTRALIA,New South Wales,"Mollymook Beach, Bannister Head",Filming,M,17,hand,N,Unknown,Unknown
1988.03.16,1988,SOUTH AFRICA,KwaZulu-Natal,Isipingo,Surfing,M,17,hand,N,16,Unknown
1971.10.14,1971,SOUTH AFRICA,KwaZulu-Natal,"North Beach, Durban",Swimming,M,25,hand,N,18,Unknown
1977.11.12,1977,SOUTH AFRICA,Western Cape Province,Klein River Lagoon,Standing,M,Unknown,hand,N,Unknown,Unknown
1962.08.12,1962,USA,New Jersey,"Manasquan, Ocean County",Standing,M,24,hand,N,14,Unknown
1962.01.01,1962,MARSHALL ISLANDS,Kwajalein Atoll,Roi-namur Island,Fishing with hand net in 2' of water,M,57,hand,N,13,Unknown
1990.10.30.b,1990,USA,Florida,"Melbourne Beach, Brevard County",Surfing,M,50,hand,N,16,Unknown
1935.05.12,1935,AUSTRALIA,Torres Strait,On edge of reef near Warrior Island,Pearl diving,M,Unknown,hand,N,Unknown,Unknown
1962.07.28,1962,USA,South Carolina,"Off Hilton Head, Beaufort County ",Standing,M,21,hand,N,Unknown,Unknown
1951.02.19,1951,SOUTH AFRICA,Eastern Cape Province,Port St. Johns,Body surfing,M,31,hand,N,12,Unknown
2014.01.26,2014,AUSTRALIA,New South Wales,Umina Beach,Fishing,M,Unknown,hand,N,Unknown,Unknown
1988.07.23,1988,BAHAMAS,Unknown,Unknown,Free diving & spearfishing ,M,Unknown,hand,N,Unknown,Unknown
2006.11.11,2006,USA,Hawaii,"Kihei, Maui",Swimming,M,29,hand,N,12,Unknown
2014.11.16,2014,USA,Florida,"Indian Harbor Beach, Brevard County",Surfing,M,44,hand,N,13,Unknown
2001.06.03,2001,USA,South Carolina,"Off 21st Avenue, Isle of Palms, Charleston County",Wading,F,29,hand,N,13,Unknown
1950.11.29,1950,AUSTRALIA,Northern Territory,Goulburn Island,Diving ,M,17,hand,N,Unknown,Unknown
1960.00.00.a,1960,SOUTH AFRICA,Eastern Cape Province,Kei River Mouth,Wading,F,Unknown,hand,N,11,Unknown
1941.06.15,1941,USA,New York,15 miles south of Jones Inlet,Fishing from 32' boat,M,43,hand,N,14,Unknown
1981.11.09,1981,USA,Hawaii,"La'au Point, Moloka'i",Diving to untangle a crab trap line from boat's propeller,M,59,hand,N,Unknown,Unknown
1991.11.14,1991,USA,Florida,Near Port Canaveral Coast Guard Base,Fishing,M,Unknown,hand,N,12,Unknown
1961.08.02,1961,USA,Hawaii,"Pearl Harbor Channel, O'ahu","Net fishing, picking catch from the net",M,38,hand,N,17,Unknown
1960.08.04.a,1960,USA,Delaware,"Mispillion Light, Delaware Bay","Fishing, Struck by another shark when removing shark from line",M,46,hand,N,Unknown,Unknown
1961.12.28.b,1961,AUSTRALIA,Queensland,Lambertï¿½ï¿½ï¿½ï¿½ï¿½ï,Standing,M,24,hand,N,16,Unknown
2000.02.01,2000,AUSTRALIA,South Australia,"Point Sinclair, Cactus Beach near Penong",Surfing,M,26,hand,N,Unknown,Unknown
1964.03.00,1964,SENEGAL,Cap Vert Peninsula,"Bel Air, Dakar",Free diving for shell,M,Unknown,hand,N,Unknown,Unknown
1959.11.22,1959,AUSTRALIA,Queensland,"Surfer's Paradise, Northcliffe",Trailing the field in a surf race,M,19,hand,N,11,Unknown
2017.05.30,2017,USA,South Carolina,"Awendaw, Charleston County",Touching a shark,F,20,hand,N,Unknown,Unknown
2014.05.01,2014,USA,Florida,"New Smyrna Beach, Volusia County",Surfing,M,23,hand,N,15,Unknown
2007.08.26,2007,USA,Florida,"New Smyrna Beach, Volusia County",Surfing,M,54,hand,N,14,Unknown
1914.05.14,1914,USA,Florida,"Boca Ciega Bay, Pinellas County",Fishing,F,Unknown,hand,N,15,Unknown
2007.08.25,2007,USA,Florida,"New Smyrna Beach, Volusia County",Surfing,M,27,hand,N,9,Unknown
2007.10.07,2007,USA,California,"Venice Pier, Venice, Los Angeles County",Surfing,M,22,hand,N,20,Unknown
1999.06.17,1999,USA,Florida,"South of Ponce Inlet, Volusia County",Surfing,M,21,hand,N,9,Unknown
2015.11.01.b,2015,USA,Florida,"Cocoa Beach, Brevard  County",Wading,F,28,hand,N,14,Unknown
1959.11.29,1959,AUSTRALIA,Victoria,"Fairhaven Beach, Lorne",Body surfing,M,19,hand,N,14,Unknown
2012.09.02.c,2012,USA,Florida,"New Smyrna Beach, Volusia County",Boogie boarding,F,8,hand,N,18,Unknown
2002.10.03,2002,USA,Florida,"New Smyrna Beach, Volusia County",Surfing,M,18,hand,N,14,Unknown
1962.02.15,1962,AUSTRALIA,Queensland,Between Smithï¿½ï¿½ï¿½ï¿½ï¿½ï¿½ï¿½ï¿½,Fishing for snappers & cleaning mullet. Put mullet over side of boat to wash it,M,Unknown,hand,N,9,Unknown
1995.05.24,1995,FIJI,Yasawa Islands,Waya Island,Sleeping in anchored boat,M,69,hand,Y,Unknown,Unknown
2017.06.07.R,2017,UNITED KINGDOM,South Devon,Bantham Beach,Surfing ,M,30,hand,N,Unknown,Unknown
2011.08.17.a,2011,RUSSIA,"Telyakovsky Bay, Khasan,  Primorsky Krai (Far East)",Vityaz,Swimming,M,25,hand,N,18,Unknown
2007.06.25,2007,USA,Florida,"New Smyrna Beach, Volusia County",Surfing,M,20,hand,N,17,Unknown
2006.01.04,2006,USA,Florida,"Round Island Park, Indian River County",Surfing,M,21,hand,N,16,Unknown
2015.10.05.a,2015,USA,Texas,Galveston,Wading,M,13,hand,N,10,Unknown
2014.07.03,2014,USA,South Carolina,"Isle of Palms, Charleston County",Body surfing,M,19,hand,N,18,Unknown
2013.06.14.R,2013,USA,South Carolina,"Myrtle Beach, Horry County",Boogie Boarding,F,10,hand,N,15,Unknown
2003.04.04,2003,USA,Florida,"New Smyrna Beach, Volusia County",Surfing,M,50,hand,N,8,Unknown
2002.09.30,2002,USA,Florida,"Ormond Beach, Volusia County",Surfing,M,47,hand,N,16,Unknown
1920.11.29,1920,AUSTRALIA,Western Australia,Bunbury,Wading,M,Unknown,hand,N,Unknown,Unknown
1882.12.03,1882,NEW ZEALAND,South Island,New Brighton,Restraining a beached shark,M,Unknown,hand,N,Unknown,Unknown
2014.08.27.b,2014,USA,North Carolina,"Figure Eight Island,  New Hanover County",Surfing,M,29,hand,N,Unknown,Unknown
2008.06.26.a,2008,USA,South Carolina,"Isle of Palms, Charleston County",Swimming,M,37,hand,N,11,Unknown
2015.10.21,2015,USA,Florida,"Playalinda Beach, Brevard County",Surfing,M,21,hand,N,14,Unknown
2012.04.19.b,2012,USA,Florida,"Indialantic, Brevard County",Surfing,M,28,hand,N,19,Unknown
2007.03.14.R,2007,USA,Florida,Delray Beach,Shark fishing,M,Unknown,hand,N,Unknown,Unknown
2016.04.07.b,2016,USA,Florida,"Florida Keys, Monroe County",Fishing,M,34,hand,N,Unknown,Unknown
2015.09.08,2015,AUSTRALIA,New South Wales,North Shelly Beach,Surfing,M,42,hand,N,6,Unknown
1983.05.31,1983,USA,Florida,"Intracoastal Waterway, Boca Raton, Palm Beach County",Water-skiing,M,21,hand,N,18,Unknown
1955.10.16,1955,AUSTRALIA,Queensland,"Tully, North Queensland",Spearfishing & lassoed shark,M,28,hand,N,Unknown,Unknown
1939.02.26,1939,NEW ZEALAND,North Island,Matakana River Mouth,Fishing,M,Unknown,hand,N,Unknown,Unknown
1961.12.18.a,1961,AUSTRALIA,Queensland,Noosa Heads,"Surfing, pushing board ashore",M,22,hand,Y,6,Unknown
2015.07.27,2015,AUSTRALIA,Victoria,Tyrendarra Beach,Surfing,M,40,hand,N,Unknown,Unknown
2015.06.30.b,2015,AUSTRALIA,New South Wales,"Flat Rock, Yamba",Surfing,M,Unknown,hand,N,Unknown,Unknown
2014.09.00,2014,SPAIN,Catalonia,Salou,Playing with an air mattress,M,16,hand,N,Unknown,Unknown
2014.07.12,2014,USA,North Carolina,"Masonboro Island, New Hanover County",Body surfing,M,Unknown,hand,N,Unknown,Unknown
2013.04.04,2013,USA,Florida,"Jensen Beach, Martin County ",Swimming,M,50,hand,N,Unknown,Unknown
2012.03.01,2012,CHILE,Antofagasta Province,Antofagasta,Fishing (illegally),M,Unknown,hand,N,Unknown,Unknown
2010.12.03.R,2010,INDONESIA,Bali,Balian,Surfing,M,Unknown,hand,N,Unknown,Unknown
2010.11.14,2010,INDONESIA,Bali,Balian,Surfing,M,Unknown,hand,N,Unknown,Unknown
2009.01.10.a,2009,ECUADOR,Galapagos Islands,Isla Isabella,Surfing,M,22,hand,N,Unknown,Unknown
2008.06.07,2008,USA,Florida,"Cocoa Beach, Brevard  County",Body surfing,M,40,hand,N,Unknown,Unknown
2007.12.15,2007,AUSTRALIA,Queensland,South Stradbroke Island,Swimming,M,15,hand,N,Unknown,Unknown
2003.11.12.a,2003,USA,Florida,"South Jetty, New Smyrna Beach, Volusia County",Surfing,M,24,hand,N,Unknown,Unknown
2003.04.23.a,2003,BRAZIL,Rio de Janeiro,"Copacabana Beach, Rio de Janiero",Swimming,M,7,hand,N,Unknown,Unknown
2001.07.03,2001,USA,South Carolina,"Isle of Palms, Charleston County ",Unknown,Unknown,Unknown,hand,N,Unknown,Unknown
2000.12.24,2000,AUSTRALIA,Queensland,Flinders Cay,Scuba diving,M,23,hand,N,Unknown,Unknown
2000.08.21,2000,USA,North Carolina,"Bouges Bank, Emerald Isle, Carteret County",Swimming out to porpoises ,M,Unknown,hand,N,Unknown,Unknown
2000.07.16.a,2000,SOUTH AFRICA,Eastern Cape Province,"Nahoon, East London",Surfing,M,15,hand,N,Unknown,Unknown
1998.10.10,1998,USA,Florida,"Sebastian Inlet, Indian River County",Surfing,M,Unknown,hand,N,Unknown,Unknown
1960.03.31,1960,USA,Florida,"Off Boca Raton Hotel & Club, Boca Raton, Palm Beach County",Treading water,M,42,hand,N,12,Unknown
1995.04.16,1995,USA,Florida,"New Smyrna Beach, Volusia County",Unknown,M,12,hand,N,10,Unknown
2003.02.15.a,2003,USA,Florida,"Jupiter, Palm Beach County",Swimming,M,54,hand,N,12,Unknown
2017.04.10.a,2017,USA,Florida,"Melbourne Beach, Brevard County",Swimming,F,21,hand,N,17,Unknown
1997.02.20,1997,REUNION,L'Etang-Sale,Unknown,Unknown,M,Unknown,hand,N,Unknown,Unknown
2017.02.11,2017,USA,Florida,"Melbourne Beach, Brevard County",Swimming,M,22,hand,N,13,Unknown
2017.01.13.b,2017,AUSTRALIA,Queensland,Clairview,Swimming,M,57,hand,N,13,Unknown
1996.12.00.a,1996,NEW CALEDONIA,South Province,L'llot Maetre,Attempting to attract dolphins,F,Unknown,hand,N,Unknown,Unknown
2016.09.18.b,2016,USA,Florida,"New Smyrna Beach, Volusia County",Surfing,M,36,hand,N,11,Unknown
1995.07.28.a,1995,USA,South Carolina,"Pawleys Island, Georgetown County",Unknown,M,12,hand,N,Unknown,Unknown
2015.09.20.a,2015,USA,Florida,"Vilano Beach, St.  Johns County",Photographing fish,M,16,hand,N,7,Unknown
2016.07.06,2016,USA,Florida,"Melbourne Beach, Brevard County",Swimming,F,42,hand,N,14,Unknown
2015.03.10,2015,MEXICO,Sinaloa,Mazlatan,Fishing,M,36,hand,N,10,Unknown
1988.03.14,1988,REUNION,Saint-Pierre,Pic du Diable,Surfing,M,Unknown,hand,N,18,Unknown
1994.09.26,1994,USA,South Carolina,"North Forest Beach, near Hilton Head, Beaufort County",Swimming,F,30,hand,N,Unknown,Unknown
2014.10.12,2014,USA,Florida,"Melbourne Beach, Brevard County",Body surfing or Boogie boarding,F,Unknown,hand,N,15,Unknown
2013.09.29.b,2013,USA,Florida,"Melbourne Beach, Brevard County",Surfing,M,50,hand,N,10,Unknown
2013.09.29.a,2013,ISRAEL,Southern District,Ashdod,Diving,M,27,hand,N,11,Unknown
2013.06.17,2013,USA,Texas,"Surfside Beach, Brazoria County",Swimming,M,15,hand,N,14,Unknown
2012.09.04,2012,USA,Florida,"Melbourne Beach, Brevard County",Surfing,M,32,hand,N,7,Unknown
2016.10.29,2016,USA,Florida,Mayport Naval Station  Duval County,Surfing,M,42,hand,N,15,Unknown
2011.12.31,2011,USA,Florida,"Jupiter, Palm Beach County",Unknown,M,Unknown,hand,N,18,Unknown
2011.11.29,2011,INDONESIA,Bali,Tabanan,Surfing,M,18,hand,N,13,Unknown
2010.09.03.b,2010,USA,Florida,"New Smyrna Beach, Volusia County",Surfing,M,24,hand,N,12,Unknown
2011.04.08,2011,FIJI,Vitu Levu,"Malake Island, Ra Province",Diving,M,27,hand,N,15,Unknown
2010.01.22.a,2010,AUSTRALIA,Victoria,Geelong,Surfing,M,Unknown,hand,N,7,Unknown
1988.04.14.b,1988,USA,Florida,"Singer Island, Riviera Beach, Palm Beach County",Surfing,M,14,hand,N,Unknown,Unknown
2009.01.24.b,2009,AUSTRALIA,New South Wales,"Surf Beach, Batemans Bay",Swimming,M,19,hand,N,16,Unknown
1987.05.08,1987,USA,Florida,"St Augustine, St. Johns County",Surfing,M,Unknown,hand,N,Unknown,Unknown
1986.09.00.a,1986,USA,Florida,"Ponce Inlet, New Smyrna Beach, Volusia County",Surfing,Unknown,18,hand,N,Unknown,Unknown
1986.08.19,1986,USA,North Carolina,"Masonboro Inlet, New Hanover County",Surfing,Unknown,16,hand,N,Unknown,Unknown
2007.06.30.a,2007,USA,California,"Will Rogers State Beach, Los Angeles County",Swimming,F,Unknown,hand,N,10,Unknown
1985.03.16,1985,USA,Florida,"Palm Beach, Palm Beach County",Surfing,M,25,hand,N,Unknown,Unknown
2006.04.03,2006,USA,Florida,"Marco Island, Collier County",Wading,M,11,hand,N,12,Unknown
2005.07.27,2005,USA,Florida,"Off Zelda Boulevard, Daytona Beach, Volusia Countyy",Wading,F,13,hand,N,18,Unknown
1970.00.00.d,1970,IRAQ,Basrah,Shatt-al-Arab River,Washing cooking pans,F,28,hand,N,15,Unknown
1970.00.00.a,1970,IRAQ,Basrah,Shatt-al-Arab River,"Fishing, trying to catch the end of his fishing line",M,35,hand,N,15,Unknown
1981.09.27,1981,USA,Florida,"Melbourne Beach, Brevard County",Surfing,Unknown,Unknown,hand,N,Unknown,Unknown
2003.10.05.e,2003,USA,Florida,"Ocean Reef Park, Singer Island, Palm Beach County",Surfing,F,Unknown,hand,N,15,Unknown
2003.07.20,2003,USA,Florida,"Ponce Inlet, New Smyrna Beach, Volusia County",Surfing,M,18,hand,N,15,Unknown
1980.04.25,1980,JAMAICA,St. Mary's Parish,"Priestman's River area, East Portland",Spearfishing,M,Unknown,hand,N,Unknown,Unknown
2002.09.29,2002,USA,Florida,"Sebastian Inlet, Brevard County",Surfing,M,32,hand,N,7,Unknown
1979.00.00,1979,USA,Hawaii,"South Kohala, Hawai'i",Fishing,M,Unknown,hand,Y,Unknown,Unknown
1978.11.23,1978,USA,Florida,"Jupiter, Palm Beach County",Surfing,M,17,hand,N,Unknown,Unknown
1978.04.02.b,1978,MARSHALL ISLANDS,Ralik Archipelago,Enewetak Atoll,Diving,M,25,hand,N,Unknown,Unknown
1977.12.19.b,1977,USA,Florida,"Hobe Sound, Palm Beach County",Surfing,M,27,hand,N,Unknown,Unknown
2001.03.23,2001,USA,Hawaii,"Sandy Beach, Oahu",Body-boarding,M,Unknown,hand,N,14,Unknown
2000.10.14,2000,USA,Florida,"South Beach, Sebastian, Indian River County",Swimming,M,69,hand,N,15,Unknown
1975.11.07,1975,AUSTRALIA,Queensland,Lookout Point,Unknown,M,Unknown,hand,N,Unknown,Unknown
1975.03.18,1975,AUSTRALIA,Queensland,Mornington Island,Unknown,F,Unknown,hand,N,Unknown,Unknown
1999.11.30,1999,USA,Florida,"Palm Beach, Palm Beach County",Surfing,M,19,hand,N,15,Unknown
1900.08.21,1900,USA,North Carolina,"Southport, Brunswick County",Bathing,M,Unknown,hand,N,15,Unknown
1972.12.22,1972,AUSTRALIA,Queensland,Currumbin Rock,Unknown,M,Unknown,hand,N,Unknown,Unknown
ND.0065,1960,IRAQ,Basrah,Shatt-al-Arab River,Fishing from a small boat & put his hand in the water while holding a dead fish,M,25,hand,N,15,Unknown
1991.06.26,1991,USA,Florida,"Jacksonville Beach, Duval County",Surfing,M,18,hand,N,17,Unknown
1991.01.19,1991,AUSTRALIA,Queensland,Mermaid Waters,Swimming,M,35,hand,N,8,Unknown
1985.07.25.a,1985,USA,Florida,"New Smyrna Beach, Volusia County",Surfing,M,15,hand,N,10,Unknown
1966.09.19,1966,USA,Hawaii,50 miles NE of Honolulu,Fishing,M,20,hand,N,Unknown,Unknown
1981.09.03.b,1981,USA,Florida,"Patrick Air Force Base, Brevard County",Surfing,M,25,hand,N,12,Unknown
1975.06.23.a,1975,USA,South Carolina,"North Myrtle Beach, Horry County",Standing,F,15,hand,N,14,Unknown
1968.08.11,1968,MALAYSIA,Johor,Pulau Aur,Leaving the water,Unknown,41,hand,N,8,Unknown
1963.10.15,1963,NORTH PACIFIC OCEAN,Unknown,Unknown,Fishing for sharks,M,20,hand,N,Unknown,Unknown
1964.02.11,1964,NEW ZEALAND,North Island,"Palliser Bay, Whatarangi (east of Wellington)",preparing to go skin diving,M,Unknown,hand,N,12,Unknown
1962.07.10,1962,USA,Georgia,"St. Simons Island or Jeykll Island, Glynn County",Playing in surf with his child  (9),M,41,hand,N,17,Unknown
1962.07.07,1962,USA,Georgia,"Jekyll Island, Glynn County",Dived from inner-tube,M,13,hand,N,14,Unknown
2017.01.13.a,2017,USA,Florida,Jensen Beach,Unknown,M,Unknown,hand,N,9,Unknown
1961.09.24.a,1961,TANZANIA,Unknown,Near entrance to Dar-es-Salaam Harbour,Fishing,M,42,hand,N,7,Unknown
2015.06.19,2015,PUERTO RICO,Unknown,Off Cabo Rojo,Spearfishing,M,36,hand,N,9,Unknown
2008.09.00,2008,USA,Florida,Hutchinson Island,Surfing,M,Unknown,hand,N,9,Unknown
1959.11.01,1959,PAPUA NEW GUINEA,New Britain,"Rapindik Beach, Rabaul",Fishing,M,Unknown,hand,N,Unknown,Unknown
1967.11.15,1967,FIJI,Unknown,Unknown,Freediving,M,21,hand,N,9,Unknown
1928.04.04,1928,AUSTRALIA,New South Wales,"Cooks Hill, Newcastle",Standing in waist-deep water,M,28,hand,Y,18,Unknown
1958.00.00.i,1958,SAMOA,South Pacific Ocean,North of Northeast Samoa,Placed hand in disemboweled sharkï¿½ï¿½ï,Unknown,Unknown,hand,N,Unknown,Unknown
1958.00.00.c,1958,PAPUA NEW GUINEA,Morobe Province,"Korem, Finschhafen ","Fishing, holding fish",M,Unknown,hand,N,Unknown,Unknown
1955.04.00,1955,USA,Hawaii,"Hilo, Hawai'i","Fishing from boat, Kaimamla",M,Unknown,hand,N,Unknown,Unknown
1954.07.28,1954,SINGAPORE,Unknown,Singapore Harbor,Closed circuit diving (submerged). Diving to recover jettisoned packets of opium for police,M,28,hand,Y,Unknown,Unknown
1977.07.02,1977,USA,California,"Off San Diego, San Diego County",40' fishing boat sank,M,21,hand,N,21,Unknown
1953.09.18,1953,USA,Georgia,200 miles east of Savannah,Aircaft exploded,M,Unknown,hand,N,Unknown,Unknown
1953.07.00,1953,PANAMA,Gulf of Panama,60 miles offshore ,Retrieving bait box that had fallen overboard,M,19,hand,N,Unknown,Unknown
1953.02.18,1953,USA,Hawaii,Barberï¿½ï¿½ï¿½ï¿½ï¿½,Bitten while cutting shark from net,M,Unknown,hand,N,Unknown,Unknown
1952.07.13,1952,USA,California,"San Diego, San Diego County",Fishing,M,34,hand,N,Unknown,Unknown
1951.12.21,1951,MOZAMBIQUE,Bay of Maputu,Catembe ,Swimming,M,15,hand,Y,Unknown,Unknown
1951.09.03.R,1951,ITALY,Salerno Province,Salerno,Fishing for squid,M,Unknown,hand,N,21,Unknown
1951.11.28.b,1951,JAMAICA,Kingston Parish,Kingston Harbor,Fishing,M,81,hand,N,Unknown,Unknown
1703.03.26,1703,BARBADOS,Southwest coast,Carlisle Bay,Swimming,M,19,hand,N,21,Unknown
1949.08.10.R,1949,ITALY,Calabria,Cosenza,Swimming,M,21,hand,N,Unknown,Unknown
1949.05.13,1949,AUSTRALIA,New South Wales,Nelson's Bay,"Examining netted shark, that had been shot",M,26,hand,N,Unknown,Unknown
1949.00.00.b,1949,PAPUA NEW GUINEA,Bougainville (North Solomons),"Sohano Island, Buka Passage",Swimming close to wharf,M,Unknown,hand,N,Unknown,Unknown
1948.12.10,1948,AUSTRALIA,Queensland,Rib Reef off Townsville,Fishing,M,Unknown,hand,N,Unknown,Unknown
1948.00.00.c,1948,NEW GUINEA,Morobe Province,Finschafen  ,"Fishing, holding fish in right hand",M,Unknown,hand,N,Unknown,Unknown
1945.00.00.d,1945,JAMAICA,Unknown,Unknown,Diving,M,Unknown,hand,N,Unknown,Unknown
1942.10.12,1942,SOLOMON ISLANDS,Makora-Ulawa Province,Cape Esperance (near Savo Islands),"His ship, the US destroyer Duncan DD 485, had been  sunk by crossfire from Japanese warships. He was wearing a kapok lifejacket & using 2 aluminum powder tins for floatation  ",M,25,hand,N,Unknown,Unknown
1941.02.13.,1941,AUSTRALIA,New South Wales,Wollongong,Fishing,M,34,hand,N,Unknown,Unknown
1940.00.00.d,1940,PAPUA NEW GUINEA,Western Papuan Gulf,Kerema ,male,Unknown,Unknown,hand,N,Unknown,Unknown
1938.08.18,1938,USA,California,"Near Encino, Los Angeles County",Fishing,M,Unknown,hand,N,Unknown,Unknown
1935.04.08.R,1935,USA,California,"Hermosa Beach, Los Angeles County",Unknown,M,Unknown,hand,N,Unknown,Unknown
1933.10.25.R,1933,AUSTRALIA,Queensland,Off Bloomfield River,Diving,M,Unknown,hand,N,Unknown,Unknown
1932.12.09.R,1932,NEW ZEALAND,North Island,Mahurangi River Mouth,Fishing ,M,Unknown,hand,N,Unknown,Unknown
1932.08.30.b,1932,AUSTRALIA,New South Wales,Bondi,Unknown,M,Unknown,hand,N,Unknown,Unknown
1929.00.00.b,1929,AUSTRALIA,New South Wales,"Garden Island, Sydney",Unknown,M,Unknown,hand,N,Unknown,Unknown
1929.00.00.a,1929,USA,Florida,"Cape Canaveral, Brevard County",Hardhat diving ,M,27,hand,N,Unknown,Unknown
1928.02.00.a,1928,COSTA RICA,Near Puntarenas,Unknown,Swimming,M,Unknown,hand,N,Unknown,Unknown
1927.02.14,1927,NICARAGUA,Salinas Bay,"A shark was caught, its head severed from body and hung from the anchor davit onboard the U.S.S. Borie",Feeling the sharkï¿½ï¿½ï¿,M,Unknown,hand,N,Unknown,Unknown
1927.01.08.R,1927,USA,California,"Catalina Channel, Los Angeles County",Swimming,M,Unknown,hand,N,Unknown,Unknown
1925.09.04,1925,SPAIN,Valencia ,Valencia,Fishing,M,Unknown,hand,N,Unknown,Unknown
1923.02.00,1923,USA,Puerto Rico,San Juan,Swimming ,M,25,hand,N,Unknown,Unknown
1913.05.21,1913,USA,Florida,"John's Pass, Pinellas County",Fishing,M,Unknown,hand,N,Unknown,Unknown
1906.09.27.R.b,1906,INDONESIA,Java,Lorok Bay,Swimming,M,Unknown,hand,N,Unknown,Unknown
1906.07.00,1906,MOZAMBIQUE,Maputo Province,Lourenco Marques,Unknown,M,Unknown,hand,Y,Unknown,Unknown
1902.11.01.R,1902,USA,Texas,"Near Port Lavaca, Calhoun County",Fishing,M,Unknown,hand,N,Unknown,Unknown
1902.06.00,1902,EGYPT,Mediterranean Sea,"Tzortzou Reef, Marsa Matruh",Sponge diving,M,Unknown,hand,N,Unknown,Unknown
1898.00.00.d,1898,JAMAICA,Kingston Parish,Kingston Harbor,Trailing hand in the water,F,Unknown,hand,N,Unknown,Unknown
1892.09.16.R,1892,USA,Texas,Velasco,Unknown,M,Unknown,hand,N,Unknown,Unknown
1891.12.22.R,1891,NEW ZEALAND,North Island,"Manukau Harbor, 6 miles south of Auckland","Swimming, after boat swamped",M,Unknown,hand,N,Unknown,Unknown
1888.00.00,1888,LIBYA,Mediterranean Sea,Off Tripoli,Sponge diving,M,Unknown,hand,N,Unknown,Unknown
1886.01.01,1886,SOUTH AFRICA,Western Cape Province,Groot River,Swimming,M,Unknown,hand,Y,Unknown,Unknown
1884.08.28.R.,1884,USA,New Jersey,"Bayonne, Hudson County",Boating,M,Unknown,hand,N,Unknown,Unknown
1877.02.17.R,1877,AUSTRALIA,Victoria,Off Melbourne,Fishing ,M,Unknown,hand,N,Unknown,Unknown
1871.08.00,1871,USA,New York,Long Island,Shark fishing,M,Unknown,hand,N,Unknown,Unknown
1847.00.00.a,1847,USA,South Carolina,Unknown,Boating,M,Unknown,hand,N,Unknown,Unknown
1829.07.03.R,1829,SIERRA LEONE,Western Area,Unknown,Unknown,M,Unknown,hand,N,Unknown,Unknown
ND.0095,1998,SOLOMON ISLANDS,Malaita Province,Waibana Passage,Diving,Unknown,Unknown,hand,N,Unknown,Unknown
1987.01.28,1987,SOUTH AFRICA,Eastern Cape Province,Eerste River,Spearfishing,M,30,hand,N,12,white shark
2001.04.11.a,2001,USA,Hawaii,"Ewa Beach, O'ahu",Surfing,M,Unknown,hand,N,7,white shark
2016.06.23,2016,SOUTH AFRICA,Western Cape Province,Ryspunt,Spearfishing,M,43,hand,N,Unknown,white shark
1980.01.31,1980,SOUTH AFRICA,KwaZulu-Natal,Ballito,Body boarding,M,24,hand,N,14,white shark
1990.09.15,1990,SOUTH AFRICA,Western Cape Province,Oudekraal,Spearfishing,M,26,hand,N,13,white shark
1997.08.24,1997,USA,California,"Clam Beach, near Eureka, Humboldt County",Surfing (sitting on his board),M,29,hand,N,12,white shark
1989.01.26.a,1989,USA,California,"Latigo Point / Paradise Cove,west of Malibu, Los Angeles County",Kayaking,F,24,hand,Y,10,white shark
2004.11.11.b,2004,USA,California,"Bunkers, Humboldt Bay, Eureka, Humboldt County",Surfing,Unknown,38,hand,N,13,white shark
2009.06.14.R,2009,VIETNAM,Unknown,Unknown,Fishing for sharks,M,Unknown,hand,N,Unknown,white shark
2009.06.02.b,2009,EGYPT,St. Johns Reef,Habili Gafar,Scuba diving,M,Unknown,hand,N,Unknown,white shark
2003.11.06.b,2003,EGYPT,Sinai Peninsula,"Shaï¿½ï¿½ï¿½ï¿½ï¿½ï¿½ï¿½ï¿½ï¿½a",Snorkeling,M,Unknown,hand,N,Unknown,white shark
1984.02.11,1984,AUSTRALIA,Queensland,Derwent Island,Spearfishing,M,27,hand,N,Unknown,white shark
1981.10.19.b,1981,SOUTH AFRICA,Western Cape Province,Mossel Bay,Inspecting teeth of supposedly dead (hooked & shot) shark,M,Unknown,hand,N,Unknown,white shark
1974.08.05,1974,USA,California,"San Gregorio Beach, San Mateo County",Surfing,M,Unknown,hand,N,Unknown,white shark
1998.06.22,1998,SOUTH AFRICA,Eastern Cape Province,"Gonubie, 13 km northeast of East London",Body Boarding,M,20,hand,Y,9,white shark
1961.09.24.b,1961,CROATIA,Primorje-Gorski Kotar County ,"Opatija, northwestern coast of Rijeka Bay",Swimming,M,19,hand,Y,12,white shark
1982.09.25,1982,USA,California,"Monastery Beach, Carmel Bay, Monterey County",Diving,M,36,hand,N,9,white shark
1965.04.10,1965,USA,Florida,American Shoals off Key West,Spearfishing,M,28,hand,N,11,white shark
1926.07.08,1926,USA,California,"San Francisco Bay (or San Leandro Bay), near cannery, Alameda County",Swimming with dog near canning factory,M,15,hand,N,Unknown,white shark
1951.11.28.a,1951,SOUTH AFRICA,KwaZulu-Natal,Winkelspruit,Treading water,M,24,hand,N,17,white shark
1922.03.02,1922,AUSTRALIA,New South Wales,Coogee,Bathing in knee-deep water,M,21,hand,Y,11,white shark
2009.02.12,2009,AUSTRALIA,New South Wales,"Bondi Beach, Sydney",Surfing,M,33,hand,N,19,white shark
1898.00.00.f,1898,USA,South Carolina,Ramshorn Creek,Fishing (Seining),M,15,hand,N,Unknown,white shark
1974.09.02.b,1974,USA,California,"Franklin Point, San Mateo County",Scuba diving (but on surface),M,41,hand,N,17,white shark
1961.01.06.c,1961,SOUTH AFRICA,KwaZulu-Natal,Winkelspruit,Standing,M,13,hand,N,19,white shark
1988.00.00.c,1988,AUSTRALIA,New South Wales,Sydney,Surfing,M,12,hand,N,Unknown,wobbegong shark
2003.11.30.a,2003,AUSTRALIA,Western Australia,Perth? (Margaret River District),Swimming,M,Unknown,hand,N,11,wobbegong shark
2013.12.05,2013,AUSTRALIA,New South Wales,"Shelly Beach, near Port Macquarie",Surfing,M,26,hand,N,18,wobbegong shark
2016.12.06,2016,AUSTRALIA,New South Wales,Merimbula,Surf fishing,M,20,hand,N,2,wobbegong shark
2012.03.03,2012,SAUDI ARABIA,Tabuk Province,Off Duba,Attempting to Kite surf from Egypt to Saudi Arabia,M,42,Unknown,N,Unknown,Unknown
1960.06.27.b,1960,NEW ZEALAND,Cook Strait,Tory Channel,Shark fishing,Unknown,Unknown,no injury,N,Unknown,white shark
1935.12.23,1935,AUSTRALIA,Victoria,150 yards from the pier at Lorne,Cruising,Unknown,Unknown,no injury,N,Unknown,Unknown
1887.02.08,1887,SOUTH AFRICA,Western Cape Province,Blaauwberg,Unknown,Unknown,Unknown,buttock,N,Unknown,Unknown
1936.01.00,1936,AUSTRALIA,New South Wales,North Bondi,Paddleskiing,M,Unknown,Unknown,N,Unknown,Unknown
2005.07.17.a,2005,CHINA,Shanghai,"Ocean World, Changfeng Park",Scuba diving in aquarium tank,M,24,head,N,Unknown,Unknown
1987.06.13,1987,USA,Florida,"Nest Key, Monroe County",Fishing,M,Unknown,head,N,15,blacktip shark
1962.11.10,1962,AUSTRALIA,New South Wales,Off Kisma,Fishing,Unknown,Unknown,head,N,Unknown,blue shark
2015.04.03,2015,USA,Florida,"3 miles off Jupiter, Palm Beach County",Spearfishing,M,70,head,N,15,bull shark
1968.06.25,1968,BAHAMAS,Eleuthera,Spanish Wells ,Spearfishing,M,17,head,N,Unknown,caribbean reef shark
2009.07.11.b,2009,BAHAMAS,Unknown,Unknown,Spearfishing,M,Unknown,head,N,Unknown,caribbean reef shark
1960.04.22,1960,AUSTRALIA,Western Australia,Rottnest Island,"Fishing, hauling in a set line",M,Unknown,head,N,Unknown,copper shark
2006.07.29.b,2006,USA,California,"Broad Beach, Malibu, Los Angeles County",Boogie Boarding,M,Unknown,head,N,15,mako shark
1969.07.22,1969,USA,Florida,Florida Keys,Unknown,M,13,head,N,16,nurse shark
1967.06.13,1967,USA,Florida,"Key West, Monroe County",Spearfishing,M,26,head,N,17,nurse shark
ND.0055,1958,BAHAMAS,Andros Islands,Middle Bight,Testing movie camera in full diving dress,M,Unknown,head,N,Unknown,nurse shark
1958.06.26,1958,USA,Florida,"Sanibel Island, Lee County",Wading,M,59,head,N,17,nurse shark
2008.10.22,2008,AUSTRALIA,New South Wales,"Oceanworld, Manley",Scuba diving,M,34,head,N,17,sandtiger shark
2016.03.02,2016,BRAZIL,Santa Catarina State,Escalerio Beach Balneï¿½ï¿½ï¿½ï¿½ï,Swimming,M,41,head,N,Unknown,sandtiger shark
2001.09.13,2001,UNITED KINGDOM,Cheshire,"Blue Planet Aquarium, Ellesmere Port",Diving,M,Unknown,head,N,Unknown,sandtiger shark
1984.00.00.b,1984,USA,California,San Francisco,Steinhart Aquarium,M,Unknown,head,N,Unknown,sevengill shark
1950.03.01,1950,AUSTRALIA,Western Australia,"City Beach, Perth",Suicide,M,Unknown,head,Y,Unknown,tiger shark
1913.01.00,1913,AUSTRALIA,Torres Strait,Thursday Island,Diving,M,Unknown,head,N,Unknown,tiger shark
1958.07.00.b,1958,BAHAMAS,Abaco Islands,North of Walkers Cay,"Spearfishing, had fish on his spear",M,36,head,N,12,tiger shark
1978.01.06,1978,SOUTH AFRICA,KwaZulu-Natal,Cape Vidal,Unknown,M,Unknown,head,Y,Unknown,tiger shark
1937.08.31,1937,AUSTRALIA,Torres Strait,"Mabuiag Island, between New Guinea & Australia","Diving from the lugger San, operated by the Protector of the Aborigines",M,38,head,N,11,tiger shark
1955.08.00.a,1955,AUSTRALIA,South Australia,Port Augusta,Fishing,Unknown,Unknown,head,N,Unknown,Unknown
1935.01.17,1935,AUSTRALIA,Queensland,"Seaforth River, near MacKay",Unknown,M,5,head,N,Unknown,Unknown
1968.08.08,1968,COLUMBIA,Magdalena Department,"Makuaka Caï¿½ï¿½ï¿½ï¿",Dynamite fishing,M,18,head,N,10,Unknown
2011.03.16,2011,AUSTRALIA,New South Wales,"Jimmys Beach, Port Stephens",Wakeboarding,F,24,head,N,13,Unknown
1979.12.01,1979,SOUTH CHINA SEA,Unknown,Unknown,Diving,M,32,head,N,Unknown,Unknown
1976.01.08,1976,USA,Florida,"Off Fort Pierce, St Lucie County",Spearfishing / scuba diving,M,25,head,N,Unknown,Unknown
2012.05.16,2012,FIJI,Unknown,Matacucu Reef ,Spearfishing,M,20,head,N,Unknown,Unknown
2010.10.28.R,2010,AUSTRALIA,Western Australia,Cheynes Beach,Spearfishing,M,Unknown,head,N,Unknown,Unknown
1964.06.02,1964,SOUTH AFRICA,KwaZulu-Natal,Port Edward,Swimming,M,40,head,Y,17,Unknown
2010.11.19,2010,USA,Palmyra Atoll,Unknown,Snorkeling,M,33,head,N,13,Unknown
1967.12.14,1967,USA,Unknown,Unknown,Unknown,M,Unknown,head,N,Unknown,Unknown
1962.11.25,1962,AUSTRALIA,Queensland,Townsville,Unknown,M,Unknown,head,Y,Unknown,Unknown
1964.08.22,1964,USA,Florida,5 miles south of Palm Beach,Spearfishing / free diving,M,18,head,N,11,Unknown
1957.12.26,1957,SOUTH AFRICA,KwaZulu-Natal,"Splash Rock, Port Edward",Skindiving,M,20,head,N,10,Unknown
1956.00.00.a,1956,PAPUA NEW GUINEA,New Ireland Province,Enuk Island ,Unknown,M,Unknown,head,Y,Unknown,Unknown
1953.10.00,1953,AUSTRALIA,New South Wales,"Boat Harbour, north of Cronulla",Unknown,M,Unknown,head,N,Unknown,Unknown
1950.07.19,1950,ITALY,Savona,Albenga,Fishing,Unknown,Unknown,head,N,Unknown,Unknown
1926.00.00.c,1926,NEW ZEALAND,Cook Islands,Rarotonga,Shark hoisted on board liner Tahiti,M,Unknown,head,N,Unknown,Unknown
1904.00.00.a,1904,USA,Hawaii,"Off Diamond Head, Honolulu, O'ahu",Swimming,M,Unknown,head,Y,Unknown,Unknown
1899.10.12.b,1899,LIBYA,Mediterranean Sea,Off Bengasi,Diving,M,Unknown,head,N,Unknown,Unknown
1875.01.20.R,1875,AUSTRALIA,Queensland,Mary River,Bathing,M,Unknown,head,N,Unknown,Unknown
1839.11.17,1839,AUSTRALIA,New South Wales,Unknown,Unknown,M,Unknown,head,Y,Unknown,Unknown
1993.08.12,1993,USA,California,"Abalone Point, Westport Union Landing, Mendocino County",Free diving for abalone (ascending),M,39,head,N,14,white shark
1976.02.03,1976,SOUTH AFRICA,Western Cape Province,False Bay,Shark watching,Unknown,Unknown,head,N,Unknown,white shark
1971.07.19,1971,USA,California,"Point Purisima, Santa Barbara County",Hookah diving (submerged),M,Unknown,head,N,Unknown,white shark
1964.11.13,1964,AUSTRALIA,New South Wales,"North Solitary Island, 8 miles from Wolli","Filming underwater, carrying powerhead",M,25,head,N,Unknown,white shark
2013.10.08,2013,AUSTRALIA,Western Australia,"Off Poison Creek, Cape Arid",Diving for Abalone,M,55,head,N,10,white shark
1995.09.11,1995,AUSTRALIA,Western Australia,"Honeymoon Island, near Hopetown",Abalone diving using Hookah (near calving whales),M,29,head,Y,15,white shark
1990.09.08,1990,USA,California,"Russian Gulch, Jenner, Sonoma County","Free diving / spearfishing, from paddleboard & floating on the surface",M,49,head,N,13,white shark
1979.05.05,1979,SOUTH AFRICA,Western Cape Province,"Hangklip, False Bay",Spearfishing,M,25,head,N,14,white shark
2007.01.23,2007,AUSTRALIA,New South Wales,Cape Howe,Diving,M,41,head,N,10,white shark
2004.03.28,2004,USA,Florida,"Pelican Beach Park, Satellite Beach, Brevard County",Surfing,M,Unknown,heel,N,15,bull shark
2011.04.23,2011,AUSTRALIA,Western Australia,Red Bluffs,Washing sand off a speared fish,M,17,heel,N,15,caribbean reef shark
2002.07.26,2002,USA,South Carolina,"Myrtle Beach, Horry County",Surfing,M,13,heel,N,19,sandbar shark
2013.09.12,2013,USA,Florida,"New Smyrna Beach,  Volusia County",Surfing,F,13,heel,N,13,Unknown
2014.08.27.a,2014,USA,South Carolina,"Surfside Beach, Horry  County",Standing,F,Unknown,heel,N,15,Unknown
2011.08.24.a,2011,USA,North Carolina,Holden Beach. Brunswick County,Unknown,M,10,heel,N,15,Unknown
2004.08.29,2004,USA,Florida,"New Smyrna Beach / Cape Canaveral  National Seashore, Brevard County",Walking,F,38,heel,N,17,Unknown
1992.11.05.b,1992,USA,Florida,"North Jetty Park, Fort Pierce, St Lucie County",Surfing,M,17,heel,N,14,Unknown
1964.01.22,1964,SOUTH AFRICA,Eastern Cape Province,Nahoon,Standing,M,17,heel,N,11,Unknown
1948.06.06.R,1948,NORTHERN MARIANA ISLANDS,Saipan,Unknown,Swimming,M,Unknown,heel,N,Unknown,Unknown
1916.06.30,1916,USA,New Jersey,"Atlantic City, Atlantic County",Swimming,M,11,heel,N,Unknown,Unknown
1895.05.21,1895,BAHAMAS,Bimini Islands,Off Gun Cay,Sea Disaster : Wreck of the Carrie E. Long,M,Unknown,heel,N,Unknown,Unknown
1929.10.20,1929,AUSTRALIA,Torres Strait,Near Badu Island,Pearl diving,M,Unknown,heel,N,Unknown,Unknown
2001.08.27,2001,USA,Florida,"New Smyrna Beach, Volusia County",Wading,M,69,heel,N,16,Unknown
1998.03.31,1998,USA,Florida,"Jensen Beach Park, Martin County",Swimming,M,40,heel,N,15,Unknown
1999.00.00.b,1999,SOUTH AFRICA,Western Cape Province,"Hospital Rock, Dyers Island",Spearfishing,M,30,heel,N,12,white shark
2013.07.29.b,2013,MEXICO,Quintana Roo,Unknown,Wading,F,Unknown,buttock,N,11,Unknown
1993.03.00,1993,NEW CALEDONIA,South Province,ýle de Casey,Swimming,Unknown,Unknown,buttock,N,Unknown,Unknown
1958.12.27,1958,PAPUA NEW GUINEA,Madang Province,Taludig,Unknown,Unknown,Unknown,buttock,N,Unknown,Unknown
1942.11.16,1942,SOLOMON ISLANDS,Unknown,Battle of Guadalcanal,Thrown from destroyer when shell hit,M,19,buttock,N,Unknown,Unknown
1928.03.28.R,1928,AUSTRALIA,Queensland,Unknown,Unknown,M,Unknown,buttock,N,Unknown,Unknown
1973.03.00,1973,SOUTH AFRICA,KwaZulu-Natal,Scottburgh,Spearfishing,M,26,buttock,N,9,dusky shark
1949.08.16,1949,AUSTRALIA,Tasmania,Flinders Island,Swimming near shore,M,18,buttock,N,16,Unknown
2014.06.27.R,2014,ST. MARTIN,Unknown,20 miles from shore,Transatlantic Rowing,M,48,no injury,N,Unknown,white shark
1886.03.00,1886,AUSTRALIA,New South Wales,"Dobroyd Head, Watson Bay, Sydney",He drowned when boat capsized,M,Unknown,Unknown,Y,Unknown,Unknown
1937.03.26,1937,AUSTRALIA,New South Wales,South Cronulla,Bathing,M,16,Unknown,N,Unknown,Unknown
2010.08.29,2010,BAHAMAS,Exuma Islands,"Off Jaws Beach, New Providence Island",Swimming after boat became disabled,M,43,Unknown,Y,Unknown,Unknown
1950.01.16,1950,USA,Hawaii,"Kahakuloa, Maui","Fishing, one of three fishermen swept into the sea by a large wave ",M,Unknown,Unknown,Y,21,Unknown
1914.03.14.R,1914,USA,Florida,"St. Augustine, St Johns County",Swimming,M,Unknown,Unknown,Y,Unknown,Unknown
1988.01.21,1988,AUSTRALIA,Torres Strait,Unknown,Fell overboard  from the Taiwanese fishing trawler Lien Cheng Feu ,M,Unknown,Unknown,Y,Unknown,Unknown
1967.01.27,1967,SOUTH AFRICA,Western Cape Province,Melkbosstrand,Fishing for rock lobster,Unknown,Unknown,no injury,N,Unknown,white shark
1962.04.05,1962,SOUTH AFRICA,Eastern Cape Province,East London,Fishing,Unknown,Unknown,no injury,N,Unknown,Unknown
1964.02.17.R,1964,FIJI,Unknown,Savuli Reef,Fishing,Unknown,Unknown,no injury,N,Unknown,tiger shark
1936.12.15,1936,AUSTRALIA,New South Wales,Newcastle Harbor,Fishing for the shark that killed George Lundberg,Unknown,Unknown,Unknown,N,Unknown,Unknown
1960.04.01,1960,AUSTRALIA,South Australia,Hog Bay,Shark fishing,Unknown,Unknown,Unknown,N,Unknown,white shark
1932.01.06,1932,MEXICO,Baja California,Descano Point,Fishing,M,30,Unknown,Y,Unknown,Unknown
1976.01.11,1976,SOUTH AFRICA,Western Cape Province,Kalk Bay,Fishing for snoek & yellowtail,Unknown,Unknown,no injury,N,7,white shark
1913.08.26.R,1913,ITALY,Trieste,Unknown,Unknown,Unknown,Unknown,Unknown,Y,Unknown,Unknown
1888.07.04,1888,CROATIA,Lukovo,Unknown,Unknown,Unknown,Unknown,Unknown,Y,Unknown,Unknown
1961.01.03.a,1961,SOUTH AFRICA,KwaZulu-Natal,Palm Beach,Unknown,Unknown,Unknown,Unknown,Y,Unknown,sandtiger shark
1889.11.29.R,1889,GREECE,Northern Peloponnese,Patras,Unknown,Unknown,Unknown,Unknown,Y,Unknown,Unknown
1954.07.01.R,1954,CROATIA,Unknown,Pula,Unknown,Unknown,Unknown,Unknown,Y,Unknown,Unknown
1950.07.09,1950,USA,Texas,Galveston Bay,Unknown,M,Unknown,Unknown,Y,Unknown,Unknown
1982.05.00,1982,USA,South Carolina,"Daws Island, Broad River (near Beaufort)",Unknown,F,33,Unknown,Y,Unknown,tiger shark
1908.07.18.R,1908,SPAIN,Canary Islands,"Tazacorte, La Palma",Unknown,Unknown,Unknown,Unknown,Y,Unknown,Unknown
1871.12.11.R,1871,AUSTRALIA,New South Wales,Hawkesbury River,Unknown,M,Unknown,Unknown,N,Unknown,Unknown
1888.07.20.R,1888,JAMAICA,Unknown,Unknown,Probabable drowning,M,Unknown,Unknown,Y,Unknown,Unknown
1880.05.07.R,1880,MEXICO,Guerro,Acapulco,Unknown,M,Unknown,Unknown,Y,Unknown,Unknown
1785.09.26.R,1785,ENGLAND,Sussex,Brighton,Unknown,M,Unknown,Unknown,Y,Unknown,tiger shark
2001.03.00,2001,CARIBBEAN SEA,Unknown,Between St. Maarten & Anguilla,Sinking of the 40' Esperanza off St. Maartin with 36 refugees on board,Unknown,Unknown,Unknown,Y,Unknown,tiger shark
1984.02.12,1984,SOUTH AFRICA,Eastern Cape Province,St. Georgeï¿½ï¿½ï¿½,Unknown,Unknown,Unknown,Unknown,Y,Unknown,Unknown
1935.01.21.R,1935,ISRAEL,Herzliyah,Sidny Ali,Unknown,Unknown,Unknown,Unknown,Y,Unknown,Unknown
1988.04.15.b,1988,USA,Hawaii,"Waihe'e, Maui",Onboard 21' powerboat that capsized in rough seas,M,Unknown,Unknown,Y,Unknown,Unknown
1967.07.00,1967,USA,South Carolina,Unknown,Surfing,M,18,Unknown,N,16,Unknown
1991.09.19,1991,BAHAMAS,Unknown,Bimini,Spearfishing,M,32,Unknown,Y,17,tiger shark
2013.08.08.R,2013,SOUTH AFRICA,Unknown,Unknown,Attempting to free the shark,M,Unknown,Unknown,N,Unknown,blacktip shark
1951.08.17.b,1951,GREECE,Corfu Island,Off Royal Residence,Swimming,M,18,Unknown,N,Unknown,white shark
1938.07.17.R,1938,TURKEY,Unknown,Unknown,Fishing,M,Unknown,Unknown,N,Unknown,Unknown
1957.00.00.j,1957,USA,Florida,"Fort Pierce, St. Lucie County",Bathing,Unknown,Unknown,Unknown,N,Unknown,Unknown
1937.09.26.R,1937,CROATIA, Split-Dalmatia County,Bisk,Fishing,M,Unknown,Unknown,N,Unknown,Unknown
1942.11.13.c,1942,SOLOMON ISLANDS,Unknown,Off Guadalcanal,"Anti-Aircraft cruiser USS Atlanta (CL,-05) travelling in convoy after the Battle of Midway, encountered a Japanese flotilla  (Battle of Guadalcanal) &, heavily damaged by gunfire, she was lost off Lunga Point. Victim was swimming when bitten.",M,Unknown,Unknown,N,Unknown,Unknown
1957.04.07.b,1957,PAPUA NEW GUINEA,Bougainville (North Solomons),Kieta,Diving from canoe,M,17,Unknown,N,Unknown,Unknown
1958.06.15,1958,AUSTRALIA,Queensland,Green Island,Swimming,F,Unknown,Unknown,N,Unknown,Unknown
1958.06.02.R,1958,SOUTH AFRICA,KwaZulu-Natal,King Reef off Park Rynie,Spearfishing,M,Unknown,Unknown,N,Unknown,Unknown
1925.01.08,1925,CANADA,Vancouver,Second Narrows in Burrard Inlet,"Diving, repairing water main at depth of 90'",M,Unknown,Unknown,N,Unknown,Unknown
ND-0129,2012,SPAIN,Canary Islands,Tenerife,Skin diving,Unknown,Unknown,Unknown,N,Unknown,Unknown
1966.09.13,1966,AUSTRALIA,Western Australia,Albany,Spearfishing,M,Unknown,Unknown,Unknown,15,Unknown
2009.02.08,2009,USA,Puerto Rico,Quebradillas,Air Disaster,M,Unknown,Unknown,Y,Unknown,Unknown
1952.12.14,1952,GUATEMALA,Unknown,Unknown,Air Disaster,F,Unknown,no injury,Y,Unknown,Unknown
1976.09.22,1976,NEW CALEDONIA,Unknown,Sarcelle,Shipwreck,Unknown,Unknown,Unknown,N,Unknown,Unknown
1903.03.20.R,1903,AUSTRALIA,New South Wales,Sydney,Suicide,M,Unknown,Unknown,Y,Unknown,Unknown
2011.12.05,2011,AUSTRALIA,Queensland,Bushy Ilet,Spearfishing,Unknown,Unknown,Unknown,Y,Unknown,Unknown
2006.09.04,2006,AUSTRALIA,Queensland,Great Barrier Reef  ,Diving,M,44,Unknown,Y,11,Unknown
1999.06.09,1999,USA,Florida,"Atlantic Dunes Park, Delray Beach, Palm Beach County",Splashing / wading,M,5,knee,N,16,blacktip shark
1999.07.04,1999,USA,Florida,"Pensacola  Beach, Escambia County",Wading in school of baitfish,F,30,knee,N,15,blacktip shark
2005.08.22,2005,USA,South Carolina,"6th Avenue North, Myrtle Beach, Horry County","Boogie boarding, kicked at object in the water",M,17,knee,N,15,blacktip shark
1961.03.30,1961,AUSTRALIA,South Australia,Glenelg Breakwater,Spearfishing,M,24,knee,N,Unknown,copper shark
1974.00.00.b,1974,AUSTRALIA,Western Australia,Emu Channel,Spearfishing,M,Unknown,knee,N,Unknown,copper shark
1929.00.00.d,1929,AUSTRALIA,South Australia,Ardrossan,"Wading, netting fish",M,Unknown,knee,N,Unknown,dogfish shark
1932.06.28,1932,USA,New Jersey,"10 miles offshore from Sea Isle City, Cape May County",Fishing,M,32,knee,N,Unknown,dogfish shark
2006.05.24,2006,USA,Hawaii,Lanai,Spearfishing,M,15,knee,N,16,grey reef shark
2010.10.02.a,2010,BAHAMAS,Abaco Islands,Elbow Cay,Surfing,F,Unknown,knee,N,15,lemon shark
2008.01.27,2008,AUSTRALIA,Queensland,200 km east of Coolangatta  ,Accidentally stood on hooked shark's tail before attempting to gut it ,M,20,knee,N,7,mako shark
2001.07.24,2001,USA,Florida,"Marathon , Monroe County",Unknown,F,Unknown,knee,N,Unknown,nurse shark
1954.08.12.b,1954,CUBA,Guantanamo Province,Boqueron,Spearfishing,M,Unknown,knee,N,Unknown,nurse shark
1985.01.27,1985,SOUTH AFRICA,Western Cape Province,Struisbaai,Swimming,M,15,knee,N,18,sandtiger shark
1974.04.20,1974,SOUTH AFRICA,Western Cape Province,Arniston,Spearfishing,M,22,knee,N,15,sandtiger shark
1970.06.15,1970,SOUTH AFRICA,KwaZulu-Natal,"Shark tank, Oceanographic Research Institute, Durban",Scuba Diving,M,25,knee,N,16,sandtiger shark
1979.10.22,1979,SOUTH AFRICA,Eastern Cape Province,Algoa Bay,Fishing,M,Unknown,knee,N,Unknown,sandtiger shark
2012.12.02,2012,AUSTRALIA,New South Wales,Green Island,Spearfishing,M,31,knee,N,16,sandtiger shark
1890.00.00.e,1890,AUSTRALIA,Tasmania,Derwent River (empties into the sea at Hobart),Wading,M,Unknown,knee,N,Unknown,sevengill shark
2001.03.08,2001,BRAZIL,Bahia,Nova Vicosa,Attempting to catch a crocodile,M,12,knee,N,Unknown,Unknown
1963.05.18,1963,USA,California,San Mateo County,Swimming,M,Unknown,knee,N,Unknown,Unknown
1934.02.24,1934,AUSTRALIA,Torres Strait,Adolphus Channel,Splashing in water ,M,Unknown,knee,N,12,tiger shark
1983.07.25.a,1983,AUSTRALIA,Queensland,"Off Lodestone Reef, Great Barrier Reef, north of Townsville",14 m prawn trawler New Venture capsized  & sank in heavy seas Three people in the water,M,28,knee,N,21,tiger shark
2003.12.26,2003,USA,Florida,"Miami, Dade County",Swimming,M,28,knee,N,Unknown,Unknown
1994.05.15,1994,USA,Florida,"New Smyrna Beach, Volusia County",Surfing,M,22,knee,N,8,Unknown
1999.09.04.b,1999,USA,Florida,"World Typhoon Lagoon, Disney Water Park, Orange County",Wading,M,7,knee,N,Unknown,Unknown
1907.07.00,1907,USA,South Carolina,Small creek near Coles Island,Floating in creek,M,Unknown,knee,N,Unknown,Unknown
1864.09.18.R,1864,FRANCE,Alpes Maritime,Antibes,Dragging a shark,M,Unknown,knee,N,Unknown,Unknown
2000.03.26,2000,USA,Florida,"Juno Beach, Palm Beach County",Boogie boarding,F,14,knee,N,11,Unknown
1993.07.07,1993,USA,Florida,"Daytona Beach, Volusia County",Playing,F,12,knee,N,18,Unknown
1974.01.07.c,1974,SOUTH AFRICA,KwaZulu-Natal,Amanzimtoti,Swimming,M,33,knee,N,14,Unknown
2002.10.05.a,2002,USA,Florida,"New Smyrna Beach, Volusia County",Surfing,M,35,knee,N,13,Unknown
1950.10.04,1950,AUSTRALIA,Queensland,"Peterson's Beach, Sarina",Fishing,M,25,knee,N,21,Unknown
2007.11.06,2007,USA,Florida,"New Smyrna Beach, Volusia County",Surfing,M,21,knee,N,11,Unknown
2007.05.10,2007,USA,Florida,"New Smyrna Beach, Volusia County",Surfing,F,21,knee,N,16,Unknown
2002.09.09,2002,USA,Florida,"Ponce Inlet, New Smyrna Beach, Volusia County",Boogie boarding,M,20,knee,N,15,Unknown
1968.07.16,1968,USA,South Carolina,"Stono Inlet, near Charleston, Charleston County",Spearfishing using Scuba,M,33,knee,N,15,Unknown
1998.07.11,1998,SOUTH AFRICA,Eastern Cape Province,St. Francis Bay,Surfing,M,16,knee,N,9,Unknown
1998.11.02.b,1998,JAPAN,Southern Japan,460 miles off Iwakuni,Fishing for tuna,M,52,knee,N,Unknown,Unknown
1939.12.28,1939,AUSTRALIA,New South Wales,"Cabramatta Creek, Georgeï¿½ï¿½ï¿½",Swimming,M,40,knee,N,Unknown,Unknown
1972.02.20,1972,AUSTRALIA,Victoria,"Wilson's Promontory, Waratah Bay",Surfing,M,18,knee,N,11,Unknown
2014.10.02.b,2014,USA,California,"Walls Beach, Vandenberg AFB, Santa Barbara County",Surfing,M,28,knee,N,17,Unknown
2013.02.01,2013,JAMAICA,Kingston Parish,Pedro Cays,Unknown,M,18,knee,N,Unknown,Unknown
2017.04.27,2017,NEW ZEALAND,South Island,"Porpoise Bay, Catlins",Body boarding,F,20,knee,N,14,Unknown
1950.08.00,1950,SAUDI ARABIA,Eastern Province,East of the Ras Tanura-Jubail area ,Diving,M,Unknown,knee,N,16,Unknown
2014.06.18.a,2014,AUSTRALIA,South Australia,"Middleton Point, Fleurieu Peninsula",Body boarding,M,15,knee,N,17,Unknown
1924.11.24,1924,PANAMA,"2 to 3 miles off Taboguilla Island, Pacific Ocean",Pacific Anchorage off the Panama Canal,"Inebriated, woke from sleep and fell off deck into the water ",M,35,knee,N,1,Unknown
2010.09.24,2010,USA,Virginia,Sandridge Beach,Surfing,M,18,knee,N,16,Unknown
2010.06.06,2010,AUSTRALIA,Western Australia,"Conspicuous Beach, near Walpole",Surfing,M,40,knee,N,12,Unknown
2000.09.12,2000,USA,Florida,"Sebastian Inlet, Indian River or Brevard County",Surfing,F,26,knee,N,12,Unknown
2000.07.09,2000,USA,Florida,"Neptune Avenue, Ormond Beach, Volusia County",Swimming ,M,41,knee,N,18,Unknown
1973.11.03,1973,AUSTRALIA,Queensland,Gin Arm Creek,Unknown,Unknown,Unknown,knee,N,Unknown,Unknown
1970.09.00.a,1970,USA,Florida,Pinellas County,Scuba diving,M,Unknown,knee,N,Unknown,Unknown
2014.07.21,2014,USA,Florida,"Indialantic, Brevard County",Standing,M,8,knee,N,12,Unknown
1924.06.18,1924,USA,Florida,"Bayboro, Pinellas County",Removing shark from a net,M,Unknown,knee,N,18,Unknown
2013.06.16,2013,SOUTH AFRICA,Eastern Cape Province,Queensberry Bay,Surfing,M,Unknown,knee,N,9,Unknown
1959.03.29,1959,USA,Florida,"Vaca Cut Channel & bridge under Marathon, Monroe County",Swimming,M,13,knee,N,14,Unknown
1960.08.22,1960,USA,New Jersey,"Seaside Park, Ocean County",Unknown,M,14,knee,N,Unknown,Unknown
1946.02.10.a,1946,SOUTH AFRICA,KwaZulu-Natal,"Battery Beach, Durban",Swimming ,M,18,knee,N,9,Unknown
1946.01.24.b,1946,SOUTH AFRICA,KwaZulu-Natal,"Battery Beach, Durban",Treading water,M,15,knee,N,17,Unknown
1941.02.01,1941,JAMAICA,Trelawney Province,Bogue (near Falmouth),Seine netting,M,Unknown,knee,N,7,Unknown
1887.01.12,1887,SOUTH AFRICA,Eastern Cape Province,"Mzimvubu River, 9.6 km from the sea",Swimming,M,13,knee,Y,12,Unknown
1947.10.28,1947,AUSTRALIA,Northern Territory,"Mornington Island, Gulf of Carpentaria",Fishing in waist-deep water,M,Unknown,knee,N,Unknown,Unknown
1947.05.13.R,1947,KENYA,Coast Province,"Kilindini Harbor, Mombasa",Swimming,M,Unknown,knee,N,Unknown,Unknown
1928.09.00,1928,USA,Texas,Corpus Christi,Fishing,M,Unknown,knee,N,Unknown,Unknown
1917.09.21,1917,USA,New Jersey,"Sea Bright, Monmouth County","Swimming, towing an empty barrel",M,Unknown,knee,N,Unknown,Unknown
2010.01.09.d,2010,AUSTRALIA,Torres Strait,Thursday Island,Snorkeling,F,9,knee,N,Unknown,white shark
2005.06.13,2005,SOUTH KOREA,South Ch'ungch'ong Province,Dando/Kaeui Island ,Diving,F,38,knee,N,Unknown,white shark
1980.00.00.c,1980,GREECE,Island of Kos,Unknown,Surfing,M,Unknown,knee,N,Unknown,white shark
1957.07.15,1957,USA,North Carolina,"Salter Path, Atlantic Beach, Carteret County",Swimming,M,57,knee,Y,15,white shark
2015.10.25,2015,SOUTH AFRICA,Western Cape Province,Stil Bay,Surfing,M,42,knee,N,15,white shark
1953.00.00.c,1953,AUSTRALIA,Unknown,Unknown,Spearfishing,M,Unknown,knee,N,Unknown,wobbegong shark
2012.06.22.b,2012,AUSTRALIA,Tasmania,South Cape Bay,Surfing,M,Unknown,face,N,Unknown,Unknown
2015.02.08,2015,AUSTRALIA,New South Wales,"Seven Mile Beach, Byron Bay",Surfing,M,35,buttock,N,6,Unknown
1969.05.24,1969,USA,Florida,Sarasota County,Diving,M,23,buttock,N,11,nurse shark
2016.06.02.a,2016,NEW CALEDONIA,Unknown," Cï¿½ï¿½ï¿½ï¿½ï¿½ï¿½ï¿",Kite surfing,M,Unknown,heel,N,15,Unknown
1995.07.28.c,1995,USA,Florida,"New Smyrna Beach, Volusia County",Surfing,M,18,heel,N,14,Unknown
1995.08.10.b,1995,USA,Florida,"Ponce Inlet, Volusia County",Surfing,M,20,heel,N,13,Unknown
2010.07.03,2010,USA,New York,Off Long Island,Fishing,M,20,Unknown,N,12,blue shark
2007.08.28.b,2007,USA,Hawaii,"Ka'a'awa, Oahu",Body boarding,M,15,heel,N,16,tiger shark
2007.09.16.b,2007,USA,Florida,"New Smyrna Beach, Volusia County",Wading?,M,56,heel,N,11,Unknown
1990.05.10.a,1990,AUSTRALIA,Queensland,Outer Barrier Reef near Port Douglas,Snorkeling,F,30,Unknown,N,Unknown,hammerhead shark
1990.05.10.b,1990,AUSTRALIA,Queensland,Outer Barrier Reef near Port Douglas,"Snorkeling, possibly holding a fish",M,30,Unknown,N,Unknown,hammerhead shark
2008.10.08,2008,USA,Florida,"Santa Rosa Beach, Walton County",Fishing,M,11,Unknown,N,12,Unknown
1898.00.00.b,1898,USA,Florida,"a creek near Jacksonville, Duval County",Unknown,M,Unknown,Unknown,N,Unknown,Unknown
1862.05.05,1862,SOUTH AFRICA,KwaZulu-Natal,Durban,Bathing,M,Unknown,Unknown,N,Unknown,Unknown
1861.09.25.R,1861,CUBA,Unknown,60 miles off Trinidad de Cuba,Deserting the bark Nazarene,M,Unknown,Unknown,N,Unknown,Unknown
1990.04.09,1990,AUSTRALIA,Queensland,Greenmount Beach,Surfing,M,31,no injury,N,5,tiger shark
1981.05.07,1981,NAMIBIA,Eronogo Region,Walvis Bay,Finning the shark that bit him,M,Unknown,Unknown,N,Unknown,Unknown
1999.11.00.a,1999,MARSHALL ISLANDS,Alinglaplap Atoll,Island J4H,Swimming,M,12,buttock,N,Unknown,grey reef shark
1919.11.18,1919,AUSTRALIA,Northern Territory,Darwin,Sitting in a boat,M,Unknown,buttock,N,Unknown,Unknown
1874.07.15,1874,USA,New York,Coney Island,Bathing,M,Unknown,groin,N,15,Unknown
2006.09.18.R,2006,USA,Florida,"Off Key Largo, Monroe County",Diving / Kissing the shark,M,Unknown,face,N,Unknown,nurse shark
1929.00.00.e.R,1929,AUSTRALIA,New South Wales,Sydney Harbor,Swimming,M,Unknown,Unknown,N,Unknown,Unknown
1992.01.08,1992,SOUTH AFRICA,KwaZulu-Natal,Sheffield Beach,Spearfishing,M,36,face,N,17,blacktip shark
2011.01.28,2011,MEXICO,Colima,Revillagigedo Islands,Shark fishing on the Don Agustï¿½ï¿½ï,M,25,Unknown,N,Unknown,Unknown
2003.09.19,2003,USA,Florida,"Ponce Inlet, New Smyrna Beach, Volusia County",Surfing,M,19,heel,N,16,Unknown
2002.09.27.b,2002,USA,Florida,"Key Largo, Monroe County",Fishing,M,Unknown,finger,N,15,blacktip shark
1948.12.14.b,1948,IRAN,Shat-Al-Arab River,Abadan,Unknown,M,19,finger,N,Unknown,Unknown
1860.04.00.a,1860,NEW ZEALAND,North Island,"St. George's Bay, Auckland Harbor",Bathing,M,Unknown,leg,Y,Unknown,ground shark
1926.04.07,1926,USA,Hawaii,"Hilo Bay Yacht Club, Hilo, Hawai'i",Swimming,F,Unknown,leg,N,17,Unknown
2016.07.08.R,2016,SPAIN,Canary Islands,"Las Teresitas, Tenerife",Wading,F,10,leg,N,Unknown,angel shark
2005.04.13,2005,USA,Florida,"Crescent Beach, Sarasota County",Wading,F,70,leg,N,Unknown,blacktip shark
1993.08.21,1993,BAHAMAS,Walkers Cay,"Matinella Reef, 15 to 20 miles west of Walkers Cay",Spearfishing,M,51,leg,N,17,blacktip shark
2002.05.22.b,2002,USA,Florida,"a pier at the end of Caxambas Drive, Marco Island ","Fishing, removing the shark from his line",M,55,leg,N,17,blacktip shark
1996.05.07,1996,USA,Florida,"Shark Shallows, Ponce Inlet, Volusia County",Surfing,M,27,leg,N,11,blacktip shark
2009.05.17,2009,USA,Florida,"New Smyrna Beach, Volusia County",Surfing,M,31,leg,N,9,blacktip shark
2014.02.20,2014,FRENCH POLYNESIA,Society Islands,Huahine,Kitesurfing,M,21,leg,N,16,blacktip shark
2013.08.31.b,2013,BAHAMAS,Unknown,Freetown Beach,Spearfishing,M,Unknown,leg,N,Unknown,blacktip shark
2005.05.15,2005,AUSTRALIA,Queensland,50 km east of Townsville,Spearfishing,M ,Unknown,leg,N,Unknown,blacktip shark
1995.07.03,1995,USA,Mississippi,"Cat Island, Harrison County",Fishing,F,32,leg,N,Unknown,blacktip shark
2000.08.12,2000,USA,Florida,"St. Augustine, St. Johns County",Standing,F,44,leg,N,16,blacktip shark
1978.01.17,1978,SOUTH AFRICA,KwaZulu-Natal,Glenashley,Surfing,M,17,leg,N,12,blacktip shark
1970.01.09.R,1970,ENGLAND,Devon,Teignmouth,Attempted to return injured shark to the sea,M,Unknown,leg,N,Unknown,blue shark
1876.00.00.c,1876,ENGLAND,"Between Hastings & Fairlight, Sussex",Unknown,Unknown,M,Unknown,leg,N,Unknown,blue shark
1958.09.13,1958,ANDAMAN / NICOBAR ISLANDAS,Unknown,Unknown,"""Climbing up to ship after repairing the stern in water""",M,32,leg,Y,14,blue shark
1980.06.26,1980,USA,California,"Off San Clemente Island, Los Angeles County",Scuba diving,F,44,leg,N,Unknown,blue shark
1994.04.16,1994,USA,California,"Sunset Cliffs, San Diego, San Diego County",Unknown,F,25,leg,Y,Unknown,blue shark
2012.06.10,2012,ITALY,Sardinia,Muravera,Attempting to rescue an injured & beached shark,M,57,leg,N,9,blue shark
1921.09.00,1921,ENGLAND,Dorset,Weymouth,Fishing,M,Unknown,leg,N,Unknown,blue shark
1952.05.00,1952,INDIA,Unknown,Off Trivandrum (west coast),"Fishing, standing in water next to purse net",M,Unknown,leg,N,Unknown,brown shark
1962.08.30.a,1962,PAPUA NEW GUINEA,Northern District,Kufulu Point,Fishing,M,49,leg,N,15,brown shark
1955.03.00.b,1955,PAPUA NEW GUINEA,"New Ireland, Bismarck Archipelago","Kabiman, West coast",Swimming with speared fish,M,Unknown,leg,N,Unknown,brown shark
2004.02.11,2004,AUSTRALIA,New South Wales,Caves Beach,Snorkeling,M,22,leg,N,Unknown,brown shark
2005.06.25,2005,USA,Florida,"Destin, Walton County",Swimming with boogie board,F,14,leg,Y,11,bull shark
2014.05.27.R,2014,AUSTRALIA,Queensland,Nerang River near Chevron Island,Fell into the water,F,29,leg,N,Unknown,bull shark
2011.03.24,2011,MEXICO,Quintana Roo,"Gaviotas Beach, Cancun",Swimming,F,Unknown,leg,N,Unknown,bull shark
2009.10.14.R,2009,AUSTRALIA,Western Australia,Unknown,Diving,M,23,leg,N,Unknown,bull shark
1983.08.13.a,1983,USA,Florida,"6 miles south of Boca Chica Key, Monroe County ",Diving,F,22,leg,N,9,bull shark
2008.02.24,2008,BAHAMAS,Northern Bahamas,"Dive site known as ""The End of the Map""",Diving,M,49,leg,Y,10,bull shark
2002.09.16.b,2002,BRAZIL,Pernambuco,"Piedade Beach, Jaboatï¿½ï¿½ï¿½ï¿½ï¿½ï¿½ï¿½ï",Swimming,M,19,leg,N,15,bull shark
2014.09.06,2014,USA,Alabama,"Katrina Cut, Dauphin Island, Mobile County",Fishing ,M,43,leg,N,13,bull shark
2014.06.01.c,2014,USA,Florida,Fort Lauderdale,Swimming,F,22,leg,N,13,bull shark
2009.01.25,2009,CUBA,Guantanamo Province,Guantanamo Bay,Spearfishing,M,15,leg,N,10,bull shark
2005.06.27,2005,USA,Florida,"Cape San Blas, Gulf County",Fishing,M,16,leg,N,11,bull shark
2004.12.11,2004,AUSTRALIA,Queensland,Opal Reef,Spearfishing,M,38,leg,Y,13,bull shark
2004.03.29,2004,BRAZIL,Pernambuco,Piedade Beach,Body boarding,M,22,leg,N,7,bull shark
ND.0038,1942,IRAQ,Basrah,Shatt-el Arab River near a small boat stand,Swimming,M,14,leg,Y,15,bull shark
ND.0063,1960,IRAQ,Basrah,Shatt-al-Arab River near Abu al Khasib,Swimming in section of river used for washing clothes & cooking utensils,M,16,leg,N,15,bull shark
1960.01.16,1960,AUSTRALIA,New South Wales,"Just below Roseville Bridge, opposite Killarney picnic reserve, Middle Harbor, Sydney",Free diving,M,13,leg,Y,15,bull shark
1942.12.26,1942,AUSTRALIA,New South Wales,"Bantry Bay, near Ironstone Point, Middle Harbor, Sydney",Dog paddling or standing,F,15,leg,Y,10,bull shark
2004.01.21.a,2004,VENEZUELA,Anzoategui,"Santa Cruz Beach, Mochima National Park, 250 km from Caracas",Spearfishing,M,40,leg,N,11,bull shark
2013.12.25,2013,NEW CALEDONIA,North Province,"Lindï¿½ï¿½ï¿½ï¿½ï¿½ï¿½ï",Snorkeling,M,37,leg,N,11,bull shark
2003.01.03,2003,COSTA RICA,North Pacific coast,Playa Tamarindo ,Surfing,M,Unknown,leg,N,Unknown,bull shark
2004.10.06,2004,REUNION,Conservatï¿½ï¿½ï¿½ï¿½ï,"P' tit Paris, Saint-Pierre",Body boarding,M,15,leg,N,16,bull shark
2013.10.26.b,2013,REUNION,dï¿½ï¿½ï¿½ï¿,Ravine Mula,Body boarding,M,24,leg,N,16,bull shark
1999.12.26,1999,BRAZIL,Pernambuco,"Boa Viagem Beach, Recife",Surfing,M,18,leg,N,Unknown,bull shark
1957.08.00,1957,USA,Florida,"Miami Seaquarium, Virginia Key, Miami, Miami-Dade County",Attempting to net shark in shark channel,M,Unknown,leg,N,Unknown,bull shark
1955.00.00.c,1955,USA,Illinois,Chicago (Lake Michigan),Swimming,M,Unknown,leg,N,Unknown,bull shark
ND.0052,1957,NICARAGUA,Lake Nicaragua (fresh water),A village  north of San Carlos,Lashing logs together when he fell into the water,M,Unknown,leg,Y,Unknown,bull shark
1961.01.05,1961,MOZAMBIQUE,Limpopo River,190 km to 240 km from the sea,Swimming,M,Unknown,leg,N,16,bull shark
1945.03.06,1945,SOUTH AFRICA,KwaZulu-Natal,Scottburgh,Walking,M,37,leg,N,16,bull shark
2000.06.00,2000,TANZANIA,Unknown,"Coco Beach in Oyster Bay, 7 km north of Dar-es-Salaam",Swimming,M,Unknown,leg,Y,Unknown,bull shark
1970.01.23.c,1970,MOZAMBIQUE,Limpopo River,"Gijana, 150 km inland",Swimming,M,16,leg,N,Unknown,bull shark
1970.01.23.a,1970,MOZAMBIQUE,Limpopo River,"Gijana, 150 km inland",Swimming,M,10,leg,N,Unknown,bull shark
1961.12.28.a,1961,SOUTH AFRICA,KwaZulu-Natal,Umhlanga Rocks,Treading water,M,18,leg,N,16,bull shark
1961.03.07,1961,SOUTH AFRICA,KwaZulu-Natal,St. Lucia,Fishing,M,44,leg,N,Unknown,bull shark
2002.01.04,2002,SOUTH AFRICA,KwaZulu-Natal,Durban Harbor,Fishing,M,16,leg,N,2,bull shark
1988.02.13,1988,SOUTH AFRICA,KwaZulu-Natal,Mtunzini,Lying atop surfboard,F,15,leg,N,7,bull shark
1947.08.04,1947,USA,Florida,In a canal 10 miles north of St Augustine,Swimming,M,20,leg,Y,9,bull shark
2008.10.12,2008,AUSTRALIA,Northern Territory,Darwin,Fishing,M,50,leg,N,Unknown,caribbean reef shark
2013.02.21.b,2013,USA,Hawaii,"Ka'anapali, Honokowai, Maui",Surfing,Unknown,Unknown,leg,N,18,caribbean reef shark
1950.02.18.R,1950,AUSTRALIA,Western Australia,"Cottesloe, Perth",Spearfishing,M,Unknown,leg,N,Unknown,carpet shark
1959.11.09,1959,AUSTRALIA,Western Australia, Perth,"Spearfishing, shot shark, hauled it onto boat",M,Unknown,leg,N,Unknown,carpet shark
1996.02.26,1996,AUSTRALIA,New South Wales,"Charles Street Wharf, Parramatta River",Dived naked into the water on a bet,M,24,leg,N,21,copper shark
1992.01.29.a,1992,AUSTRALIA,New South Wales,Tweed Heads,Boogie boarding,M,19,leg,N,20,copper shark
2001.02.04,2001,AUSTRALIA,New South Wales,Broome Head,Surfing,M,40,leg,N,16,copper shark
1963.02.24,1963,AUSTRALIA,New South Wales,Wombarra Beach near Austinmeer,Spearfishing,M,18,leg,N,15,copper shark
1955.01.17,1955,AUSTRALIA,New South Wales,"Wyargine Point, Edwards Beach, Balmoral Beach, Sydney",Hunting lobsters in 2.4 m of water,M,13,leg,Y,14,copper shark
1960.02.27.b,1960,NEW ZEALAND,North Island,"Mangawhai, near Wellsford",Spearfishing,M,22,leg,N,Unknown,copper shark
1966.01.29,1966,SOUTH AFRICA,Western Cape Province,Strandfontein Beach,Helping men land a shark,M,33,leg,N,15,copper shark
1962.03.24,1962,PAPUA NEW GUINEA,Madang,Matukar village ,Swimming,M,10,leg,Y,15,copper shark
1962.06.10.b,1962,PAPUA NEW GUINEA,Madang Province,"Mouth of Suareng River, a mile from Taludig",Washing,M,Unknown,leg,Y,15,copper shark
1929.03.04.a,1929,AUSTRALIA,South Australia,Ardrossan,Launching rowboat through the surf,M,12,leg,N,Unknown,dogfish shark
1998.01.14,1998,MOZAMBIQUE,Maputo Province,Ponta do Ouro,Surfing,M,23,leg,N,13,dusky shark
1868.05.13,1868,INDIA,Hoogly River,Ghat,Standing,M,35,leg,Y,10,ganges shark
1948.03.00,1948,PAPUA NEW GUINEA,"New Ireland Province, Bismarck Archipelago","Punam Passage, Rataman census div, Namatanai",Spearfishing,M,30,leg,N,Unknown,grey reef shark
1999.11.00.b,1999,MARSHALL ISLANDS,Alinglaplap Atoll,Island J4H,Swimming,M,12,leg,N,Unknown,grey reef shark
1980.03.11,1980,SOUTH AFRICA,Western Cape Province,Velddrif,Fishing,M,61,leg,N,Unknown,hammerhead shark
1950.07.10,1950,USA,Texas,Near Port Arthur,Swimming,M,11,leg,N,Unknown,hammerhead shark
1953.09.02,1953,USA,Hawaii,"Waiau, Pearl Harbor, O'ahu",Crabbing,M,Unknown,leg,N,Unknown,hammerhead shark
2008.00.00.a,2008,MEXICO,Baja California,Playas de Tijuana,Surfing,M,26,leg,N,Unknown,hammerhead shark
2008.10.21,2008,NEW CALEDONIA,Unknown,Unknown,Spearfishing,M,24,leg,N,11,lemon shark
1933.06.21,1933,USA,South Carolina,North end of Morris Island at mouth of Charleston Harbor,Sitting in 3' of water,M,15,leg,N,Unknown,lemon shark
2015.06.13,2015,USA,California,Off San Diego,Unknown,F,Unknown,leg,N,Unknown,mako shark
2010.12.01.a,2010,EGYPT,South Sinai Peninsula,"Ras Nasrani, Sharm el-Sheikh",Snorkeling,M,46,leg,N,10,mako shark
2016.06.04,2016,EGYPT,Suez,Ain Sokhna,Swimming,M,23,leg,N,9,mako shark
1924.07.31,1924,USA,South Carolina,"Folly Island, near Charleston",Standing,M,Unknown,leg,N,Unknown,mako shark
2003.04.11,2003,VENEZUELA,Nueva Esparta,"El Yaqu, Isla de Margarita",Surfing,M,28,leg,N,Unknown,mako shark
1812.07.00,1812,ENGLAND,Devon,Mill Bay,Swimming,M,Unknown,leg,N,Unknown,mako shark
2012.06.28.R,2012,CROATIA,Unknown,Buccari Bay,Swimming,Unknown,60,leg,N,Unknown,Unknown
2011.09.30,2011,USA,Puerto Rico,Hatillo Beach,Surfing,M,27,leg,N,9,Unknown
2017.04.26,2017,USA,Florida,Unknown,Photo shoot,F,Unknown,leg,N,Unknown,Unknown
1996.01.23,1996,USA,Florida,"Florida Keys, Monroe County",Wading,M,33,leg,N,Unknown,nurse shark
2000.07.22,2000,USA,Florida,"Big Pine Key, Monroe County ",Snorkeling,F,45,leg,N,Unknown,nurse shark
1958.07.02,1958,USA,Florida,"Siesta Key, Sarasota County",Free diving,M,20,leg,N,14,nurse shark
2004.11.26,2004,SOUTH AFRICA,Eastern Cape Province,Gonubie,Playing,M,16,leg,N,Unknown,sandtiger shark
2005.05.25,2005,SOUTH AFRICA,Eastern Cape Province,Kei River Mouth,Surfing,M,32,leg,N,11,sandtiger shark
1995.02.19,1995,SOUTH AFRICA,Eastern Cape Province,Kiddï¿½ï¿½ï¿,Swimming,M,22,leg,N,17,sandtiger shark
1986.02.07,1986,SOUTH AFRICA,Eastern Cape Province,"King's Beach, Port Elizabeth",Swimming,M,46,leg,N,18,sandtiger shark
1998.07.06.b,1998,SOUTH AFRICA,Western Cape Province,Plettenberg Bay,Wading,M,47,leg,N,Unknown,sandtiger shark
1998.07.06.a,1998,SOUTH AFRICA,Western Cape Province,Plettenberg Bay,Surfing,M,10,leg,N,Unknown,sandtiger shark
2015.01.03,2015,SOUTH AFRICA,Eastern Cape Province,Chintsa East Beach,Surfing,M,15,leg,N,8,sandtiger shark
1986.10.17,1986,SOUTH AFRICA,KwaZulu-Natal,Umhlanga,NSB Meshing,M,Unknown,leg,N,Unknown,sandtiger shark
1986.12.31,1986,SOUTH AFRICA,Western Cape Province,Agulhas Banks,Spearfishing,M,Unknown,leg,N,14,sandtiger shark
2006.04.09.b,2006,SOUTH AFRICA,Eastern Cape Province,St. Francis Bay,Body boarding,M,15,leg,N,17,sandtiger shark
1984.02.18,1984,SOUTH AFRICA,Eastern Cape Province,"Paradise Beach, Jeffreyï¿½ï¿½",Fishing,M,Unknown,leg,N,21,sandtiger shark
2000.08.27.R,2000,USA,Alaska,Prince William Sound,Conducting research,M,Unknown,leg,N,Unknown,salmon shark
1950.06.25,1950,USA,New York,"Beach 103rd Street, Rockaway ",Swimming ,M,16,leg,N,Unknown,sand shark
1955.07.23,1955,USA,Rhode Island,Occupasstuxet  (Patuxent) Cove,Wading,M,13,leg,N,Unknown,sand shark
1953.09.03.R,1953,USA,New York,Rockaway Beach,Surf fishing,M,15,leg,N,Unknown,sand shark
1991.08.26,1991,USA,South Carolina,"Myrtle Beach, Horry County",Swimming,M,23,leg,N,13,sand shark
1988.06.09,1988,USA,South Carolina,"Sea Pines Beach Club, Hilton Head, Beaufort County",Sittting in water with his child,M,37,leg,N,16,sand shark
1966.06.22,1966,USA,New Jersey,"Reeds Bay, Brigantine, Atlantic County",Clamming,M,15,leg,N,16,sandbar shark
1989.08.29,1989,AUSTRALIA,Queensland,SeaWorld Theme Park,Feeding fish,M,30,leg,N,15,sandtiger shark
1947.12.21,1947,AUSTRALIA,New South Wales,"Watson Taylor's Lake, 25 miles south of Port Macquarie",Fishing,M,9,leg,N,21,sandtiger shark
1966.12.27.b,1966,AUSTRALIA,New South Wales,South West Rocks,Spearfishing,M,29,leg,N,Unknown,sandtiger shark
1964.10.04,1964,AUSTRALIA,Western Australia,"Avalon Beach, near Mandurah, 50 miles south of Perth","Surfing, but swimming to his board",M,19,leg,N,9,sandtiger shark
1971.08.21,1971,AUSTRALIA,New South Wales,"Manly Marineland, Sydney",Scuba diving & feeding fish,M,26,leg,N,13,sandtiger shark
2013.04.21,2013,AUSTRALIA,New South Wales,Crowdy Head,Fishing,M,51,leg,N,14,sandtiger shark
1926.10.23.b,1926,AUSTRALIA,New South Wales,Clarence River,Bathing,M,17,leg,N,15,sandtiger shark
1989.06.17,1989,USA,Louisiana,40 miles off Cocodrie,Spearfishing,M,45,leg,N,Unknown,sandtiger shark
2003.02.11,2003,AUSTRALIA,New South Wales,"Coogee Bay, near Sydney",Swimming,M,24,leg,N,Unknown,sandtiger shark
2014.01.25,2014,NEW ZEALAND,South Island,Garden Bay near Cosy Nook,Spearfishing,M,24,leg,N,Unknown,sevengill shark
2014.02.07,2014,NEW ZEALAND,South Island,Porpoise Bay,Surfing,M,28,leg,N,20,sevengill shark
1999.12.31.c,1999,NEW ZEALAND,South Island,Oreti Beach,Surfing,M,15,leg,N,Unknown,sevengill shark
1966.00.00,1966,USA,California,"Huntington Beach, Orange County",Walking,F,15,leg,N,12,Unknown
2015.12.23,2015,USA,Florida,"Paradise Beach, Melbourne, Brevard County",Surfing,F,9,leg,N,11,Unknown
2015.08.22.b,2015,USA,Florida,"Cocoa Beach, Brevard  County",Unknown,M,Unknown,leg,N,19,Unknown
2015.06.26.c,2015,USA,Florida,"Jacksonville Beach, Duval County",Swimming,F,Unknown,leg,N,19,Unknown
2011.01.20,2011,AUSTRALIA,New South Wales,Cudgen Creek ,Swimming,F,7,leg,N,17,Unknown
2010.08.05,2010,USA,Florida,"Bethune Beach, Volusia County",Swimming,F,Unknown,leg,N,19,Unknown
2007.06.17,2007,USA,Florida,"Vilano Beach, St.  Johns County",Surfing,F,9,leg,N,16,Unknown
1988.01.27,1988,SOUTH AFRICA,KwaZulu-Natal,Durban,Surfing,M,22,leg,N,6,Unknown
1977.08.05,1977,USA,Florida,"St. Petersburg, Pinellas County",Wading,M,17,leg,N,12,Unknown
1995.09.03.a,1995,USA,North Carolina,"Bald Head Island, Brunswick County",Swimming,M,9,leg,N,Unknown,Unknown
1985.05.26,1985,USA,California,"Long Beach, Los Angeles County","Surfing, but lying prone on his board",M,Unknown,leg,N,Unknown,Unknown
1905.12.29,1905,AUSTRALIA,Western Australia,Geraldton,Bathing,M,Unknown,leg,N,Unknown,Unknown
1984.10.17,1984,USA,Florida,"Boynton Beach, Palm Beach County",Wading,F,77,leg,N,12,Unknown
2008.04.17,2008,AUSTRALIA,Queensland,"Duranbah, Greenmount Beach",Surfing,M,19,leg,N,11,Unknown
1981.08.24.a,1981,USA,Hawaii,"Keaukaha, Hilo, Hawai'i",Fishing,M,Unknown,leg,Y,Unknown,Unknown
1975.10.21,1975,USA,New Jersey,"Sandy Hook, Monmouth County",Surf fishing,M,Unknown,leg,N,11,Unknown
2002.03.15.a,2002,USA,Florida,"New Smyrna Beach, Volusia County",Surfing,M,31,leg,N,10,spinner shark
2010.02.06.a,2010,USA,Florida,Riviera Beach,Surf fishing / wading,M,Unknown,leg,N,15,spinner shark
1959.11.15,1959,SOUTH AFRICA,Western Cape Province,"Swartklip, False Bay",Fishing for tunny,Unknown,Unknown,leg,N,Unknown,thresher shark
1936.08.24,1936,AUSTRALIA,Torres Strait,Near Mabuiag Island,"Trochus diving, but floating on surface",M,Unknown,leg,N,Unknown,tiger shark
2015.09.00,2015,FIJI,Unknown,Unknown,Spearfishing,M,Unknown,leg,N,Unknown,tiger shark
2007.03.05.R,2007,NEW ZEALAND,Cook islans,Penhryn Island,Spearfishing,M,16,leg,N,Unknown,tiger shark
2013.04.24,2013,MEXICO,Quintana Roo,"Seagull Beach, Cancun",Swimming,F,34,leg,N,13,tiger shark
2006.04.09.a,2006,BRAZIL,Pernambuco,Piedade,Swimming,M,35,leg,N,15,tiger shark
2007.10.29,2007,USA,Hawaii,"Wailea, Maui",Floating,M,32,leg,N,15,tiger shark
2007.01.25.b,2007,NEW CALEDONIA,North Province,Kaala-Gomen ,Spearfishing (free diving),M,30,leg,N,14,tiger shark
2006.02.01.b,2006,TONGA,Vava'u,Tuï¿½ï¿½,Swimming,F,24,leg,Y,18,tiger shark
2002.03.25.b,2002,USA,Hawaii,"Brenecke Beach, Po'ipu, Kaua'i",Body-boarding,M,17,leg,N,12,tiger shark
1993.10.00,1993,USA,Hawaii,"Mouth of Wallua River, Kaua'i",Surfing,Unknown,Unknown,leg,N,Unknown,tiger shark
1986.12.00,1986,NEW CALEDONIA,Unknown,I'le Ouen,Spearfishing,Unknown,Unknown,leg,N,Unknown,tiger shark
1985.01.00.b,1985,NEW CALEDONIA,South Province,Amedee Island,Spearfishing,Unknown,Unknown,leg,N,Unknown,tiger shark
1963.12.04.R,1963,NEW BRITAIN,"South Coast, East New Britain",Pomio,Spearfishing,M,22,leg,Y,Unknown,tiger shark
1939.09.27.R,1939,AUSTRALIA,Torres Strait ,Near Mabuiag Island,Pearl diving,M,Unknown,leg,N,Unknown,tiger shark
1994.00.00.b,1994,HONG KONG,Unknown,Unknown,Playing volleyball with friends,F,Unknown,leg,N,Unknown,tiger shark
1991.06.07.a,1991,HONG KONG,Port Shelter,"Silverstrand Beach, near Hung Hau ",Swimming ,F,65,leg,Y,7,tiger shark
1952.07.05,1952,USA,Puerto Rico,"Mona Island, 40 miles west of the mainland ","Spearfishing, carrying fish on spear",M,Unknown,leg,N,11,tiger shark
1958.07.27.b,1958,USA,Florida,"9 miles north of Turtle Beach, Siesta Key, Sarasota County","Swimming, ducking for shells in water 0.9 m deep",M,12,leg,N,16,tiger shark
2012.11.30,2012,USA,Hawaii,"Kihei, Maui",Snorkeling,M,61,leg,N,9,tiger shark
2006.05.19,2006,USA,Guam,Gun Beach,Scuba diving,F,30,leg,N,15,tiger shark
2017.04.14,2017,USA,Hawaii,"Kekaha Beach, Kauai",Surfing,M,28,leg,N,9,tiger shark
2015.09.20.c,2015,USA,Hawaii,"Upolu Point, North Kohala, Big Island",Spearfishing,M,27,leg,N,15,tiger shark
2012.11.04.b,2012,USA,Hawaii,"Makena Landing, Maui",Diving,M,30,leg,N,8,tiger shark
1981.05.05,1981,SOUTH AFRICA,Eastern Cape Province,Ntlonyane Bay,Surfing,M,24,leg,N,9,tiger shark
1992.12.28,1992,USA,Hawaii,"Honomuni, Moloka'i","Standing in waist-deep water, helping his father tend a gill net containing dead fish",M,10,leg,N,9,tiger shark
1942.09.12.a,1942,AUSTRALIA,Queensland,"Trinity Beach, 17 km northwast of Cairns",Treading water,M,24,leg,N,16,tiger shark
1997.06.15,1997,FIJI,Taveuni,Off a small island 5 km from Garden Island Resort,Snorkeling,F,47,leg,N,14,tiger shark
2011.09.11.a,2011,PAPUA NEW GUINEA,Central Province,"Hula, near Port Moresby",Kite Surfing,M,30,leg,N,15,tiger shark
1977.12.19.a,1977,SOUTH AFRICA,Eastern Cape Province,Qolera River,Surfing,M,18,leg,N,10,tiger shark
1992.11.05.a,1992,USA,Hawaii,"Kea'au Beach Park, O'ahu",Body boarding,M,18,leg,Y,9,tiger shark
1960.02.19,1960,PAPUA NEW GUINEA,Central Province,"Tupuselei Village, about 40 miles east of Port Moresby",Spearfishing,M,26,leg,Y,Unknown,tiger shark
1981.12.13.a,1981,USA,Hawaii,"Nimitz Beach, Barbers Point, O'ahu","Spearfishing, but swimming on surface",M,Unknown,leg,N,Unknown,tiger shark
1993.03.14,1993,USA,Hawaii,"Paradise Bay (next to Wailua Bay), Maui",Paddling on surfboard,M,35,leg,N,15,tiger shark
1958.12.13,1958,USA,Hawaii,"Near Twin Islands off Lanikai, O'ahu (east coast)",Surfing on air mattress,M,15,leg,Y,13,tiger shark
1983.07.25.b,1983,AUSTRALIA,Queensland,"Off Lodestone Reef, Great Barrier Reef, north of Townsville",Swimming from the New Venture ,M,24,leg,Y,21,tiger shark
1976.09.06,1976,USA,Florida,"Sebastian, Indian River County",Surfing,M,15,leg,N,14,tiger shark
2015.10.17.a,2015,USA,Hawaii,"Lanikai Beach, Kailua, Oahu",Swimming,M,44,leg,N,11,tiger shark
2013.07.29.a,2013,USA,Hawaii,"White Plains Beach, Oahu",Surfing,M,18,leg,N,14,tiger shark
1965.04.04.b,1965,PALAU,Western Caroline Islands,Koror,Walking on reef,M,8,leg,N,15,tiger shark
1958.06.24,1958,USA,Florida,"Turtle Beach, Siesta Key, Sarasota County",Walking,M,17,leg,N,17,tiger shark
1929.06.23,1929,USA,Florida,"Fort Pierce, St Lucie County",Fishing,M,Unknown,leg,N,Unknown,Unknown
1932.08.10,1932,USA,New Jersey,"Offshore, between Mantoloking & Point Pleasant, Ocean County",Fishing,M,Unknown,leg,N,Unknown,Unknown
1972.07.05,1972,USA,California,"Laguna Beach, Orange County",Diving,Unknown,Unknown,leg,N,Unknown,Unknown
2004.07.10,2004,AUSTRALIA,Western Australia,"Lefthanders Beach, Margaret River",Surfing,M,30,leg,Y,14,Unknown
2010.05.18.c,2010,VIETNAM,Binh Dinh Province,Quy Nhon ,Rescuing,F,58,leg,N,18,Unknown
1854.04.08.R,1854,GREECE,Corfu ,Unknown,Swimming,M,Unknown,leg,N,Unknown,Unknown
1985.10.05,1985,USA,Alabama,"Gulf Shores, Baldwin County",Fishing,M,Unknown,leg,N,Unknown,Unknown
2009.05.31,2009,TAIWAN,Off Green Island,Onboard the fishing vessel Chin Sheng Fa 13  ,Fishing,M,46,leg,N,20,Unknown
1965.09.21,1965,PAPUA NEW GUINEA,Madang Province,Sek Harbor,Spearing fish,M,Unknown,leg,N,Unknown,Unknown
2013.03.10.a,2013,PHILIPPINES,Palawan,Off Likas Island,Swimming to shore with floatioon devices after boat engine conked out,M,27,leg,N,Unknown,Unknown
1947.01.05,1947,SOUTH AFRICA,KwaZulu-Natal,"Country Club Beach, Durban",Treading water,M,18,leg,N,15,Unknown
1992.04.09,1992,SOUTH AFRICA,Eastern Cape Province,Nahoon,Surfing,M,35,leg,N,13,Unknown
1969.11.11,1969,USA,Hawaii,Barberï¿½ï¿½ï¿½ï¿½ï¿½,Scuba diving for lobsters,M,Unknown,leg,N,Unknown,Unknown
1976.06.10,1976,USA,Hawaii,"Kama'ole Beach, Park No. 1, Kihei, Maui",Swimming,M,Unknown,leg,N,Unknown,Unknown
2006.10.07,2006,USA,Texas,"Isla Blanca Park, South Padre Island",Surfing,M,Unknown,leg,N,Unknown,Unknown
1984.07.24.a,1984,USA,Texas,South Padre Island,Swimming,F,18,leg,N,12,Unknown
1988.10.00,1988,USA,Florida,"Sanibel Island, Lee County",Wading,F,23,leg,N,Unknown,Unknown
1951.02.01,1951,AUSTRALIA,New South Wales,Bondi Beach,Swimming,M,14,leg,N,Unknown,Unknown
2002.08.05,2002,USA,North Carolina,"Topsail Beach, Pender County",Standing,M,14,leg,N,11,Unknown
1995.08.07,1995,USA,Florida,"Ponce de Leon Inlet, Volusia County ",Body boarding,M,12,leg,N,14,Unknown
1987.08.20,1987,USA,Florida,"Satellite  Beach, Brevard County",Wading,M,12,leg,N,11,Unknown
1988.10.11,1988,USA,Florida,"Fort Pierce, St. Lucie County ",Surfing,M,30,leg,N,Unknown,Unknown
1973.01.09,1973,USA,Hawaii,"Ho'okipa Beach, Pa'ia, Maui",Surfing,M,Unknown,leg,N,Unknown,Unknown
1982.09.27,1982,USA,Florida,"Patrick Air Force Base, Brevard County",Surfing,M,20,leg,N,13,Unknown
1975.08.12,1975,USA,Florida,"Daytona Beach, Volusia County",Floating on a small orange raft ,M,20,leg,N,12,Unknown
2001.06.12,2001,USA,Texas,Padre Island National Seashore,Swimming,M,14,leg,N,Unknown,Unknown
1988.07.04.a,1988,BAHAMAS,Unknown,Unknown,Snorkeling,M,Unknown,leg,N,Unknown,Unknown
1983.10.17.a,1983,USA,Florida,"Stuart Beach, Martin County",Surfing,M,16,leg,N,Unknown,Unknown
1975.03.09,1975,SOUTH AFRICA,Western Cape Province,"Boggomsbaai, Mossel Bay",Attempting to drag hooked shark ashore by its tail,M,Unknown,leg,N,Unknown,Unknown
1954.09.21,1954,USA,California,"La Jolla, San Diego County",Swimming,M,35,leg,N,Unknown,Unknown
1899.00.00.a,1899,USA,Florida,Near a small wreck in a channel at Indian Key,Hunting crayfish,M,Unknown,leg,N,Unknown,Unknown
2014.11.13,2014,USA,Hawaii,"Airplane Beach, Lahina, West Maui",Snorkeling,M,53,leg,N,13,Unknown
1966.12.26.b,1966,AUSTRALIA,New South Wales,Coogee,Spearfishing,M,29,leg,N,Unknown,Unknown
1963.12.26.b,1963,SOUTH AFRICA,KwaZulu-Natal,Umhlanga Rocks,Swimming ,M,24,leg,N,15,Unknown
1995.06.17.a,1995,USA,Florida,"Jensen Beach Park, Martin County",Swimming,M,45,leg,N,18,Unknown
1961.12.13,1961,AUSTRALIA,Torres Strait,"Horn Island, near Thursday Island",Swimming with other crew near wharf,M,17,leg,N,14,Unknown
1956.02.26,1956,AUSTRALIA,Queensland,Pioneer River near Mackay,Diving into water,M,15,leg,Y,11,Unknown
1962.02.18,1962,NEW ZEALAND,Southland,Long Beach,Swimming,M,15,leg,N,Unknown,Unknown
1961.01.01,1961,COLUMBIA,Roncador Bank,"Roncador Bank, 135 nm north of San Andres ",Taking boat from California to Florida when it ran aground & he was swimming back to boat,M,Unknown,leg,N,Unknown,Unknown
1981.08.24.b,1981,USA,Florida,Gulf Island National Seashore Park,Spearfishing,M,19,leg,N,Unknown,Unknown
2005.11.25.b,2005,AUSTRALIA,Victoria,Flinders,Surfing,M,18,leg,N,18,Unknown
2015.02.05,2015,AUSTRALIA,New South Wales,Mereweather Beach,Bodysurfing,M,Unknown,leg,N,Unknown,Unknown
1966.01.09,1966,SOUTH AFRICA,KwaZulu-Natal,Umkomaas,Body surfing,M,15,leg,N,14,Unknown
1997.01.25,1997,AUSTRALIA,Queensland,"Whitehaven Beach, Whitsundays Island",Snorkeling,M,27,leg,N,11,Unknown
1959.02.01,1959,SOUTH AFRICA,KwaZulu-Natal,Port Shepstone,Treading water,M,14,leg,N,14,Unknown
2007.05.12,2007,AUSTRALIA,Victoria,Warrnambool,Surfing,M,19,leg,N,17,Unknown
1884.12.08.R,1884,FRANCE,Cï¿½ï¿½ï¿½ï¿½,Between Nice & Villefranche,Unknown,F,Unknown,leg,Y,2,Unknown
1975.03.16,1975,USA,Florida,"Clearwater Beach, Pinellas County",Floating in inner tube,M,14,leg,N,Unknown,Unknown
1933.02.26,1933,AUSTRALIA,New South Wales,Sydney,Standing on his hands,M,Unknown,leg,N,Unknown,Unknown
1924.10.18,1924,AUSTRALIA,Victoria,Port Melbourne,Bathing,M,Unknown,leg,N,Unknown,Unknown
1975.07.26.a,1975,AUSTRALIA,Queensland,Maroochydore,Surfing,M,21,leg,N,Unknown,Unknown
1894.12.11,1894,USA,Florida,"North Beach, St. Augustine",Fishing,M,Unknown,leg,N,Unknown,Unknown
1892.04.21.R,1892,BAHAMAS,Out Islands,Unknown,Fell overboard from sponge vessel,M,Unknown,leg,Y,Unknown,Unknown
1939.07.14,1939,USA,Texas,"West Bay, 19 miles from Galveston",Seine netting,M,Unknown,leg,N,9,Unknown
1889.07.19,1889,USA,Texas,West Bay near Galveston ,Fishing,M,Unknown,leg,N,7,Unknown
1985.11.11,1985,AUSTRALIA,Queensland,Gladstone,Fishing,M,Unknown,leg,N,15,Unknown
1987.10.26,1987,USA,California,"Davenport Light, San Mateo County",Surfing,M,20,leg,N,17,Unknown
1978.08.05,1978,USA,California,"Pajaro Dunes, Santa Cruz County",Wading,M,Unknown,leg,N,12,Unknown
2010.02.13,2010,AUSTRALIA,Queensland,"Dent Island, Whitsundays",Snorkeling,F,60,leg,N,13,Unknown
1980.03.28,1980,BRAZIL,Rio de Janeiro,"Copacabana Beach, Rio de Janiero",Swimming,M,Unknown,leg,N,15,Unknown
1994.03.01,1994,BRAZIL,Pernambuco,"Boa Viagem, Recife",Surfing,M,25,leg,N,Unknown,Unknown
2005.10.25,2005,ST. MAARTIN,Simpson Bay,Sunterra Beach,Standing,M,55,leg,N,8,Unknown
1994.04.06,1994,BAHAMAS,Unknown,Rum Cay,Wading,M,20,leg,N,10,Unknown
1956.08.00.a,1956,PAPUA NEW GUINEA,Central Province,"Fisherman's Island, near Port Moresby",Fishing,M,Unknown,leg,N,Unknown,Unknown
1956.06.28,1956,AUSTRALIA,Torres Strait,"Fishman's Island (near Port Moresby, PNG) ","Line fishing from Lakotoi, saw shoal of fish, dived overboard, had speared second fish & surfaced for air",M,Unknown,leg,N,Unknown,Unknown
2004.09.04,2004,USA,South Carolina ,"North of Apache Pier, Myrtle Beach, Horry County",Jumping,F,17,leg,N,15,Unknown
1997.06.24,1997,USA,Hawaii,"Sunset Beach, Oahu",Spearfishing / night diving,M,Unknown,leg,N,23,Unknown
1940.01.07,1940,SOUTH AFRICA,KwaZulu-Natal,"Warner Beach, South Coast",Swimming ,M,18,leg,Y,16,Unknown
2006.12.18,2006,AUSTRALIA,Victoria,"Winki Pop, Bells Beach",Surfing,M,25,leg,N,20,Unknown
1939.12.14,1939,AUSTRALIA,Queensland,"Rubbish Dump Creek, Mackay",Swimming ,M,20,leg,Y,12,Unknown
2009.03.01.a,2009,AUSTRALIA,New South Wales,Avalon,Surfing,M,15,leg,N,6,Unknown
1962.10.25,1962,MEXICO,Veracruz,"Villa del Mar Beach, Veracruz",Wading,M,32,leg,Y,8,Unknown
1976.09.19,1976,AUSTRALIA,South Australia,"Point Lowly, north of Whyalla","Skindiving,",M,27,leg,N,Unknown,Unknown
1922.03.13,1922,JAMAICA,Kingston Parish,Kingston Harbor,Standing,F,14,leg,Y,Unknown,Unknown
2010.09.13,2010,AUSTRALIA,New South Wales,Fraser's Reef,Surfing,M,15,leg,N,17,Unknown
1940.01.23,1940,AUSTRALIA,New South Wales,"North Brighton, Botany Bay",Swimming,M,13,leg,Y,10,Unknown
2001.08.12,2001,THAILAND,Rayong Province,Laem Mae Pim Beach,Fell off banana boat,M,21,leg,N,Unknown,Unknown
2010.02.16,2010,SOUTH AFRICA,Eastern Cape Province,Yellow Sands Point,Surfing,M,Unknown,leg,N,11,Unknown
1958.08.01,1958,CROATIA,Primorje-Gorski Kotar County,Moï¿½ï¿½ï¿½ï¿½ï¿,Swimming,F,Unknown,leg,N,18,Unknown
2015.08.19,2015,USA,Florida,"Jacksonville Beach, Duval County",Walking,F,10,leg,N,15,Unknown
1864.09.00,1864,SCOTLAND,Edinburgh,Granton,Unknown,M,Unknown,leg,N,Unknown,Unknown
2016.06.14,2016,USA,Texas,"Pirates Beach, Galveston",Floating in tube,F,6,leg,N,17,Unknown
2014.09.02,2014,USA,Florida,"Fletcher Beach, Hutchinson Island, Martin County",Fishing,M,52,leg,N,20,Unknown
1949.04.17,1949,AUSTRALIA,Queensland,"Ellis Beach, 20 miles from Cairns",Bathing in water 0.9 m deep,M,13,leg,Y,13,Unknown
1960.01.30,1960,PAPUA NEW GUINEA,Madang (WO),"Off Taludig Village, at mouth of the Murnass River",Unknown,M,Unknown,leg,N,Unknown,Unknown
1927.01.03,1927,AUSTRALIA,New South Wales,"Greyï¿½ï¿½ï¿½ï¿½ï¿½ï¿½ï¿½ï",Swimming,M,15,leg,Y,11,Unknown
1967.03.01,1967,PAPUA NEW GUINEA,New Britain,"Barawon Beach, near Rabaul",Unknown,M,14,leg,N,Unknown,Unknown
1948.02.12,1948,AUSTRALIA,New South Wales,"Stockton Beach, Newcastle",Swimming,M,16,leg,Y,Unknown,Unknown
1919.01.17,1919,AUSTRALIA,New South Wales,Newcastle Beach,Swimming,M,Unknown,leg,N,17,Unknown
1963.04.12,1963,USA,Hawaii,"Awili, South Kona, Hawai'i",Surfing ,M,15,leg,N,14,Unknown
1934.03.12,1934,AUSTRALIA,New South Wales,"Dee Why, north of Queenscliff ",Swimming in hip-deep water,M,17,leg,Y,15,Unknown
1995.05.12,1995,SOUTH KOREA,Unknown,Jangkodo Island,Diving for abalone,F,44,leg,Y,Unknown,Unknown
2015.09.20.b,2015,USA,Florida,"Fernandina Beach, Amelia Island, Nassau County",Wading,M,12,leg,N,12,Unknown
2008.07.19,2008,USA,Florida,"New Smyrna Beach, Volusia County",Wading,M,16,leg,N,13,Unknown
1989.10.11,1989,USA,Texas,Surfside Beach,Surfing,M,12,leg,N,18,Unknown
1928.04.06,1928,AUSTRALIA,Queensland,Graceville,Bathing,M,15,leg,N,9,Unknown
2010.07.25,2010,USA,South Carolina,"Isle of Palms, Charleston County",Standing,M,16,leg,N,Unknown,Unknown
1989.07.07,1989,USA,Texas,"Sargent Beach, Matagorda County",Playing ,F,9,leg,N,Unknown,Unknown
1937.05.30,1937,USA,Texas,Galveston,Fishing,M,Unknown,leg,N,Unknown,Unknown
2015.06.30.a,2015,USA,South Carolina,"Isle of Palms County Park, Isle of Palms, Charleston County",Playing in the water,M,12,leg,N,18,Unknown
2013.06.25.a,2013,USA,South Carolina,"Kiawah Island, Charleston County",Swimming,M,14,leg,N,12,Unknown
2014.08.06,2014,USA,South Carolina,"Folly Beach, Charleston County",Boogie boarding,M,10,leg,N,14,Unknown
1934.01.07,1934,AUSTRALIA,New South Wales,Queenscliff,Swimming on sandbar adjacent to channel,M,22,leg,N,15,Unknown
1934.04.01.a,1934,AUSTRALIA,New South Wales,North Steyne,Swimming in waist-deep water ,M,15,leg,Y,12,Unknown
2017.04.02.a,2017,USA,Florida,"Destin, Okaloosa County",Swimming,F,17,leg,N,15,Unknown
2016.05.29.a,2016,USA,Florida,"Neptune, Duval County",Swimming,M,13,leg,N,15,Unknown
2007.11.04,2007,USA,Florida,"Round Island Park, Indian River County",Surfing,M,42,leg,N,9,Unknown
1911.05.01.R,1911,USA,Texas,"Rockport, Aransas County",Fishing,M,Unknown,leg,N,Unknown,Unknown
1909.09.04.R,1909,USA,Delaware,"Lewes, Sussex County",Seine netting,M,Unknown,leg,N,Unknown,Unknown
2000.12.12,2000,FIJI,Taveuni,Garden Island Resort,Swimming back from anchored sailboat,M,47,leg,Y,14,Unknown
2015.07.04.b,2015,BAHAMAS,Grand Bahama Island,"Port Lucaya, Freeport",Spearfishing,F,23,leg,N,Unknown,Unknown
2013.07.29.c,2013,BAHAMAS,Abaco Islands,Scotland Cay,Spearfishing,M,40,leg,N,16,Unknown
2011.08.31,2011,USA,Florida,Crescent Beach St. Johns County,Surfing,M,19,leg,N,11,Unknown
2010.12.26,2010,USA,Hawaii," Kahului, Maui",Body boarding,M,16,leg,N,15,Unknown
2008.08.27,2008,USA,Florida,"New Smyrna Beach, Volusia County",Surfing,M,26,leg,N,11,Unknown
1995.06.16,1995,USA,Florida,"Tiger Shores Beach, Martin County",Swimming,F,10,leg,N,14,Unknown
1996.07.21,1996,USA,Massachusetts,"Truro (Cape Cod), Barnstable County",Swimming,M,46,leg,N,Unknown,Unknown
1981.10.01,1981,USA,Florida,"Playalinda Beach, Brevard County",Surfing,M,24,leg,N,Unknown,Unknown
1999.08.23,1999,MARSHALL ISLANDS,Ralik Chain,Kwajalein Atoll,Fishing,M,23,leg,N,9,Unknown
1988.10.22,1988,AUSTRALIA,Victoria,Phillip Island,Surfing,M,38,leg,N,Unknown,Unknown
1883.07.05,1883,GEORGIA,Unknown,"Savannah River, Chatham County",Fishing for sharks,M,Unknown,leg,N,Unknown,Unknown
1933.05.23,1933,AUSTRALIA,Queensland,Off Stradbroke Island,Fishing,M,Unknown,leg,N,Unknown,Unknown
2011.10.28.R,2011,SCOTLAND,Moray,Spey Bay,Surfing,M,26,leg,N,Unknown,Unknown
1997.02.28.b,1997,AUSTRALIA,Queensland,"Carrara, Nerang River",Swimming,F,21,leg,N,Unknown,Unknown
1878.11.17,1878,AUSTRALIA,New South Wales,"Lane Cove River, Sydney Harbor ",Bathing,M,Unknown,leg,N,Unknown,Unknown
1959.01.27,1959,ECUADOR,Galapagos Islands,Crewing on  the tuna clipper Mary Barbara,Washed overboard into school of fish,M,57,leg,N,Unknown,Unknown
1916.07.12.c,1916,USA,New Jersey,"In Matawan Creek, off NJ Clay Company brickyards at Cliffwood, Monmouth County, 9.5 miles from the sea, Monmouth County",Swimming,M,12,leg,N,Unknown,Unknown
2014.08.27.c,2014,SPAIN,Alicante,Benidorm,Swimming,F,30,leg,N,Unknown,Unknown
2004.04.13.b,2004, TONGA,Nuku'alofa,30 nautical miles offshore,Five men on makeshift raft after their 10 m fishing boat  capsized and sank in rough seas. Survivors rescued after  7.5 hours in the water,M,Unknown,leg,Y,Unknown,Unknown
2009.12.18.b,2009,SOUTH AFRICA,KwaZulu-Natal,"North Beach, Durban",Surfing,M,Unknown,leg,N,Unknown,Unknown
1980.07.00.b,1980,USA,Florida,"New Smyrna Beach, Volusia County",Surfing,M,Unknown,leg,N,Unknown,Unknown
1923.00.00.a,1923,USA,New Jersey,Ocean City (offshore),Hoisting shark aboard fishing boat,M,Unknown,leg,N,Unknown,Unknown
1923.00.00.d,1922,USA,New Jersey,Ocean City (offshore),Hoisting shark aboard fishing boat,M,Unknown,leg,N,Unknown,Unknown
1913.08.27.a,1913,USA,New Jersey,"Lavalette, Ocean County",Unknown,M,Unknown,leg,Unknown,Unknown,Unknown
1996.09.06.a,1996,USA,Florida,"New Smyrna Beach, Volusia County",Surfing / Swimming,M,19,leg,N,12,Unknown
2016.09.17.a,2016,AUSTRALIA,Victoria,Thirteenth Beach,Surfing,M,Unknown,leg,N,Unknown,Unknown
2016.08.07,2016,BAHAMAS,New Providence Island,Nassau,Snorkeling,M,15,leg,N,Unknown,Unknown
2016.07.28.R,2016,CHINA,Hong Kong,Unknown,Swimming,M,72,leg,N,Unknown,Unknown
2015.05.24,2015,USA,Florida,"Cocoa Beach, Brevard  County",Swimming,F,13,leg,N,Unknown,Unknown
2013.09.01.b,2013,BAHAMAS,Unknown,Unknown,Unknown,M,Unknown,leg,N,Unknown,Unknown
2012.10.11.R,2012,NIGERIA,Delta,Oboro,Bathing,F,38,leg,N,Unknown,Unknown
2012.08.15,2012,USA,Alabama,"Gulf Shores, Baldwin County",Wading or swimming,M,31,leg,N,Unknown,Unknown
2012.07.07.c,2012,BAHAMAS,Eleuthera,Unknown,Spearfishing,M,Unknown,leg,N,Unknown,Unknown
2011.11.12,2011,BRAZIL,Pernambuco,"Punta Del Chifre Beach, Olinda",Surfing,M,35,leg,N,Unknown,Unknown
2011.02.02,2011,SOUTH AFRICA,Eastern Cape Province,"Sundays River Mouth, Port Elizabeth",Surf fishing,M,37,leg,N,Unknown,Unknown
2011.01.12.R,2011,MEXICO,Quintana Roo,Xcalak ,Attempting to fix motor,M,37,leg,N,Unknown,Unknown
2010.10.23.a,2010,AUSTRALIA,Western Australia,Wedge Island,Kite Surfing,M,14,leg,N,Unknown,Unknown
2010.07.16.a,2010,USA,Texas,Galveston,Fishing,M,Unknown,leg,N,Unknown,Unknown
2010.07.04,2010,SOUTH AFRICA,KwaZulu-Natal,"Two Mile Reef, Sodwana Bay",Snorkeling,F,21,leg,N,Unknown,Unknown
2010.06.25.b,2010,USA,South Carolina,Fripp Island,Boogie Boarding,F,6,leg,N,Unknown,Unknown
2009.09.18,2009,VIETNAM,Unknown,Unknown,Unknown,M,Unknown,leg,N,Unknown,Unknown
2009.07.18,2009,VIETNAM,Binh Dinh Province,Quy Nhon ,Swimming,M,57,leg,N,Unknown,Unknown
2008.11.24,2008,ECUADOR,Galapagos Islands,Santa Cruz,Unknown,F,Unknown,leg,N,Unknown,Unknown
2008.06.11,2008,BRAZIL,Pernambuco,"Punta Del Chifre, Olinda",Surfing,M,14,leg,N,Unknown,Unknown
2008.05.01,2008,SOUTH AFRICA,Unknown,Unknown,Fishing,M,24,leg,N,Unknown,Unknown
2008.03.28.c,2008,SOUTH AFRICA,KwaZulu-Natal,Scottburgh,Fishing from surfski,M,39,leg,N,Unknown,Unknown
2006.10.16,2006,USA,Florida,Sebastian Inlet,Fishing,M,15,leg,N,Unknown,Unknown
2003.07.00.b,2003,FRENCH POLYNESIA,Society Islands,Moorea,Spearfishing,M,Unknown,leg,N,Unknown,Unknown
2000.07.25,2000,USA,Florida,"New Smyrna Beach, Volusia County",Unknown,M,5,leg,N,Unknown,Unknown
2000.05.07.b,2000,PAPUA NEW GUINEA,Madang Province,"Long Island near Madang, about 500 km (310 miles) north of the South Pacific nation's capital of Port Moresby",Standing,M,9,leg,N,Unknown,Unknown
1999.03.08,1999,USA,Hawaii,"Kealia Beach, Kaua'i",Body surfing or body boarding,M,18,leg,N,Unknown,Unknown
2015.01.01,2015,USA,Florida,"Windsor Beach, Indian River County",Unknown,M,12,leg,N,15,Unknown
2007.04.26,2007,AUSTRALIA,Queensland,"Mornington Island, Gulf of Carpentaria",Swimming / jumping off a jetty,F,13,leg,N,18,Unknown
1998.12.18,1998,SOUTH AFRICA,Eastern Cape Province,Kei River Mouth,Splashing,M,14,leg,N,Unknown,Unknown
1998.10.04,1998,BRAZIL,Pernambuco,"Boa Viagem Beach, Recife",Surfing,M,17,leg,N,Unknown,Unknown
1998.09.27,1998,USA,Florida,"The Rocks, Hutchinson Island, Martin County",Surfing,M,6,leg,N,Unknown,Unknown
2008.05.07.b,2008,NEW CALEDONIA,North Province,Hienghï¿½,Fishing,M,40,leg,N,14,Unknown
1925.03.27,1925,AUSTRALIA,New South Wales,Coogee,Bathing in waist-deep water,M,16,leg,N,17,Unknown
1998.05.29.a,1998,SOUTH AFRICA,Eastern Cape Province,Jeffreys Bay,Body boarding,M,16,leg,N,12,Unknown
2003.06.22,2003,USA,Johnston Atoll,Unknown,Swimming,M,51,leg,N,15,Unknown
1997.12.25.a,1997,USA,Florida,"Hollywood Beach, Broward County",Swimming,M,8,leg,N,Unknown,Unknown
2003.04.21.b,2003,USA,Florida,"Melbourne Beach, Brevard County ",Surfing,M,36,leg,N,14,Unknown
2009.04.20,2009,PHILIPPINES,Batangas province,Mabini,Swimming,M,23,leg,N,17,Unknown
2016.07.16.b,2016,USA,Florida,"New Smyrna Beach, Volusia County",Surfing,F,9,leg,N,13,Unknown
2017.02.17,2017,AUSTRALIA,Queensland,Eva Rock,Spearfishing,M,26,leg,N,10,Unknown
1996.10.28.b,1996,BRAZIL,Pernambuco,Barra de Jangada,Surfing,Unknown,Unknown,leg,N,Unknown,Unknown
1990.04.01,1990,USA,Hawaii,"Silver (Silva) Channels, Waialua, O'ahu",Sitting on surfboard,M,Unknown,leg,N,7,Unknown
2016.10.12,2016,AUSTRALIA,New South Wales,"Sharpes Beach, Ballina",Surfing,M,25,leg,N,10,Unknown
2016.10.10,2016,USA,Oregon,"Indian Beach, Ecola State Park, Clatsop County",Surfing,M,29,leg,N,16,Unknown
2016.09.18.a,2016,USA,Florida,"New Smyrna Beach, Volusia County",Surfing,M,43,leg,N,10,Unknown
1996.07.04.a,1996,BAHAMAS,Cat Cay,Unknown,Diving,M,24,leg,N,Unknown,Unknown
2016.07.26,2016,AUSTRALIA,New South Wales,"Sharpes Beach, Ballina",Surfing,M,18,leg,N,12,Unknown
2016.07.24,2016,JAPAN,Kochi Prefecture,Irino Beach,Surfing,M,29,leg,N,19,Unknown
1996.02.10.a,1996,PAPUA NEW GUINEA,Madang Province,Madang,Diving ,Unknown,14,leg,Y,Unknown,Unknown
2016.06.05.b,2016,USA,Florida,"Flagler Beach, Flagler County",Swimming,M,64,leg,N,8,Unknown
1995.09.30.a,1995,USA,Florida,"North Beach, Hutchinson Island, St. Lucie County",Surfing,M,17,leg,N,Unknown,Unknown
1995.08.31.a,1995,USA,South Carolina,"Myrtle Beach, Horry County",On a float,M,44,leg,N,Unknown,Unknown
2016.02.12,2016,DOMINICAN REPUBLIC,Altagracia Province,"Bavaro Beach, Punta Cana",Wading,F,Unknown,leg,N,15,Unknown
2015.11.15.b,2015,USA,Florida,"Palm Beach, Palm Beach County",Swimming,F,Unknown,leg,N,11,Unknown
1995.05.31,1995,HONG KONG,New Territories,Sai Kung Beach,Diving,Unknown,44,leg,Y,Unknown,Unknown
2015.05.07,2015,USA,Florida,"Cocoa Beach, Brevard  County",Swimming,M,Unknown,leg,N,15,Unknown
1995.00.00.e,1995,SOUTH AFRICA,Unknown,Unknown,Diving,M,33,leg,N,Unknown,Unknown
2014.11.10,2014,AUSTRALIA,New South Wales,Moonee Beach,Surfing,M,Unknown,leg,N,6,Unknown
2010.10.20,2010,EGYPT,South Sinai Peninsula,Sharm el-Sheikh ,Snorkeling,F,Unknown,leg,N,9,Unknown
1994.01.31.b,1994,BRAZIL,Pernambuco,Piedade,Swimming,M,Unknown,leg,N,Unknown,Unknown
2014.04.04.b,2014,USA,Florida,"New Smyrna Beach, Volusia County",Surfing,M,15,leg,N,13,Unknown
1993.11.28,1993,USA,Florida,"North Beach Jetty, St Lucie County",Swimming,M,30,leg,N,Unknown,Unknown
1959.07.00.a,1959,MEXICO,Quintana Roo,Chinchorro Banks,Wading,M,Unknown,leg,Y,9,Unknown
2013.08.25.b,2013,USA,Florida,"Winterhaven Park,           Ponce Inlet, Volusia County",Boogie boarding,F,11,leg,N,17,Unknown
1993.01.23,1993,BRAZIL,Pernambuco,Piedade,Body boarding,M,15,leg,N,Unknown,Unknown
2012.12.31,2012,USA,Florida,"Jensen Beach, Martin County ",Swimming,M,Unknown,leg,N,14,Unknown
1992.06.19,1992,VANUATU,Malampa Province,"Port Sandwich, Malakula",Swimming,F,21,leg,N,Unknown,Unknown
2012.06.18,2012,USA,North Carolina,"Ocean Isle, Brunswick County",Wading,F,6,leg,N,11,Unknown
2015.09.26,2015,AUSTRALIA,Queensland,"Russel Island, Frankland Group",Snorkeling,F,7,leg,N,15,Unknown
2011.08.28.a,2011,USA,Texas,"Grass Island, Aransas County",Wade Fishing,F,39,leg,N,19,Unknown
2011.08.11,2011,USA,North Carolina,Beaufort Inlet,Swimming,M,54,leg,N,14,Unknown
2011.07.19,2011,USA,North Carolina,"Ocracoke Island, Hyde County",Boogie Boarding,F,6,leg,N,17,Unknown
2011.02.19,2011,REUNION,Saint Gilles ,Trois-Roches,Surfing,M,32,leg,N,18,Unknown
1990.03.24,1990,FIJI,Laucala Island,Unknown,Swimming,M,30,leg,N,Unknown,Unknown
1989.12.19,1989,USA,Hawaii,"90 miles east of Hilo, Hawai'i",On board 51' fishing vessel One Ki,M,Unknown,leg,N,Unknown,Unknown
2010.08.10.b,2010,AUSTRALIA,Queensland,"Three Mile Creek, Townsville",Fishing,F,Unknown,leg,N,19,Unknown
2010.05.18.a,2010,AUSTRALIA,New South Wales,Point Plomer,Surfing,M,Unknown,leg,N,16,Unknown
2009.12.26,2009,AUSTRALIA,New South Wales,Avoca Beach,Swimming,M,55,leg,N,11,Unknown
2009.10.09,2009,USA,California,"San Onofre State Beach, San Diego County",Surfing,M,Unknown,leg,N,11,Unknown
2009.07.24.b,2009,USA,Texas,South Padre Island,Wading,F,14,leg,N,15,Unknown
2009.07.22.a,2009,USA,Florida,"Intracoastal Waterway,      St. Petersburg",Swimming,F,19,leg,N,15,Unknown
2009.07.07,2009,SOUTH AFRICA,Western Cape Province,"Jogensfontein, Stilbaai",Surfing,M,37,leg,N,11,Unknown
1987.11.21,1987,USA,Florida,"North of Jupiter Inlet, Palm Beach County",Surfing,M,15,leg,N,Unknown,Unknown
2007.09.30.b,2007,PHILIPPINES,Palawan,Off Cagayancillo,"The 426-ton cargo ship Mia, laden with cement, capsized in heavy seas ",M,Unknown,leg,Y,14,Unknown
2007.08.09.a,2007,USA,South Carolina,"Isle of Palms, Charleston County",Boogie Boarding,M,9,leg,N,14,Unknown
1998.12.15,1998,AUSTRALIA,South Australia,Middleton Beach,Surfing,F,21,leg,N,15,Unknown
2007.05.26,2007,USA,South Carolina,Garden City,Wading,F,Unknown,leg,N,17,Unknown
2007.02.03,2007,AUSTRALIA,New South Wales,Shelly Beach,Boogie Boarding,M,26,leg,N,8,Unknown
1992.10.11,1992,BRAZIL,Maranhï¿,"Praia de Sï¿½ï¿½ï¿½ï¿½ï¿½ï¿½ï",Boogie boarding,Unknown,Unknown,leg,N,15,Unknown
1992.09.18,1992,BRAZIL,Pernambuco,"Boa Viagem, Recife",Body boarding,M,Unknown,leg,N,15,Unknown
2006.07.09.a,2006,USA,Florida,"Ponte Vedra Beach, St Johns County",Walking,M,11,leg,N,13,Unknown
2006.05.04,2006,USA,Florida,"Hutchinson Island, St. Lucie County",Swimming,F,20,leg,N,16,Unknown
1983.09.04,1983,USA,Florida,"Off Lake Worth, Palm Beach County",Standing,M,15,leg,N,Unknown,Unknown
1989.07.14,1989,USA,Florida,"Cocoa Beach, Brevard County",Surfing,M,16,leg,N,15,Unknown
1988.10.06,1988,AUSTRALIA,South Australia,Moama Beach,Surfing,M,15,leg,N,15,Unknown
1988.07.04.b,1988,USA,Florida,"New Smyrna Beach, Volusia County",Boogie boarding,M,37,leg,N,15,Unknown
1983.01.24,1983,USA,South Carolina,60 miles southeast of Beaufort,Fishing,M,43,leg,N,Unknown,Unknown
2005.03.25,2005,VENEZUELA,Unknown,Punta Caracas,Surfing,M,Unknown,leg,N,17,Unknown
2004.08.03,2004,AUSTRALIA,New South Wales,Byron Bay,Spearfishing,M,30,leg,N,14,Unknown
1982.02.17,1982,SOUTH AFRICA,Western Cape Province,Mossel Bay,Fishing,M,Unknown,leg,N,Unknown,Unknown
1982.02.14.b,1982,USA,Hawaii,"White Plains Beach, Barbers Point, O'ahu",Wading,F,Unknown,leg,N,Unknown,Unknown
1969.08.29,1969,USA,Florida,"North Beach, St. Lucie County",Floating on his back,M,Unknown,leg,N,15,Unknown
1967.03.20,1967,NEW ZEALAND,North Island,Leigh,Freediving,M,21,leg,N,15,Unknown
1961.06.18,1961,USA,Florida,"Jensen Beach, Martin County",Standing,M,25,leg,N,15,Unknown
2003.05.03,2003,USA,Florida,"Daytona Beach Shores, Volusia County",Walking,F,9,leg,N,12,Unknown
1980.08.10,1980,USA,North Carolina,"Ocean Isle, Brunswick County",Wading,F,10,leg,N,Unknown,Unknown
1955.01.15,1955,SOUTH AFRICA,KwaZulu-Natal,A ford known as Brodies Coffin in St. Lucia Bay,Crossing the bay at the ford,M,Unknown,leg,Y,15,Unknown
2002.08.07,2002,USA,Florida,"Ponce De Leon Inlet, Volusia County",Standing,M,15,leg,N,12,Unknown
2002.07.10,2002,USA,Florida,"Ponce Inlet, New Smyrna Beach, Volusia County",Surfing,M,19,leg,N,18,Unknown
2002.06.20.a,2002,USA,Florida,"New Smyrna Beach, Volusia County",Swimming,F,11,leg,N,14,Unknown
1979.09.14,1979,AUSTRALIA,New South Wales,Byron Bay,Scuba diving,M,18,leg,N,Unknown,Unknown
1979.08.28,1979,HONG KONG,Unknown,Mirs Bay,Freedom swimming,M,21,leg,Y,Unknown,Unknown
2002.05.10,2002,BRAZIL,Pernambuco,"Pina, Recife",Surfing,M,40,leg,N,17,Unknown
1978.07.19,1978,USA,California,"Newport Beach, Orange County",Fishing,M,27,leg,N,Unknown,Unknown
2001.09.07.b,2001,USA,Florida,"Key Biscayne, Dade County",Walking in shallows,M,13,leg,N,18,Unknown
2001.08.19.b,2001,USA,Florida,"New Smyrna Beach, Volusia County",Surfing,F,17,leg,N,13,Unknown
2001.08.04,2001,BAHAMAS,Grand Bahama Island,Freeport,Swimming,M,36,leg,N,10,Unknown
1976.09.17,1976,HONG KONG,South China Sea 200 miles from Hong Kong,Unknown,"3,909-ton Panamanian freighter Chieh Lee sank in a typhoon",M,Unknown,leg,Y,Unknown,Unknown
2001.04.28,2001,USA,Florida,"New Smyrna Beach, Volusia County",Boogie boarding,M,14,leg,N,15,Unknown
2001.04.12.e,2001,USA,Florida,"Waveland Beach, Hutchinson Island, St Lucie County",Unknown,M,35,leg,N,16,Unknown
1976.07.21,1976,USA,Louisiana,Scofield - Sandy Point,Playing,M,10,leg,N,Unknown,Unknown
2000.10.20,2000,USA,Florida,"Fort Pierce Inlet State Park, St Lucie County",Surfing,M,23,leg,N,18,Unknown
1919.01.15,1919,NEW ZEALAND,South Island,"Tahuna Beach, Nelson",Swimming,F,Unknown,leg,N,15,Unknown
2000.09.15,2000,USA,Florida,"Fort Pierce Inlet, St Lucie County",Standing / surfing,M,49,leg,N,18,Unknown
1975.08.04,1975,HONG KONG,Mirs Bay ,Unknown,Freedom swimming,M,24,leg,N,Unknown,Unknown
1975.06.15,1975,USA,Alabama,5 miles off the coast,Swimming near his boat,M,27,leg,N,Unknown,Unknown
1975.05.20,1975,USA,Florida,"Daytona Beach, Volusia County",Bathing,F,10,leg,N,Unknown,Unknown
1909.07.24,1909,USA,New York,Rockaway,Fell overboard while fishing for sharks,M,Unknown,leg,N,15,Unknown
1899.12.18,1899,AUSTRALIA,Queensland,Tingalpa Creek,Fell into the water,M,Unknown,leg,N,15,Unknown
1998.12.22,1998,AUSTRALIA,South Australia,Middleton Beach,Standing,F,21,leg,N,15,Unknown
1973.12.18,1973,USA,Hawaii,"Kalama Beach, Kihei, Maui",Swimming,M,Unknown,leg,N,Unknown,Unknown
1886.00.00,1886,AUSTRALIA,New South Wales,Sydney Harbor,Sailing,M,Unknown,leg,N,15,Unknown
1972.10.10.R,1972,NEW ZEALAND,North Island,Wanganui,Swimming,M,17,leg,N,Unknown,Unknown
1972.04.01.b,1972,AUSTRALIA,Queensland,Wellington Point,Unknown,F,Unknown,leg,N,Unknown,Unknown
1997.09.06,1997,USA,Florida,"New Smyrna Beach, Volusia County",Surfing,M,20,leg,N,15,Unknown
1972.03.16,1972,USA,Hawaii,"Waihe'e, Wailuku, Maui",Spearfishing,M,Unknown,leg,N,Unknown,Unknown
1997.08.11.c,1997,USA,Florida,"New Smyrna Beach, Volusia County",Floating on raft,F,12,leg,N,14,Unknown
1997.07.27,1997,AUSTRALIA,Queensland,"Pincushion, north of Maroochydore Beach",Surfing,M,19,leg,N,14,Unknown
1970.10.00,1970,USA,Florida,"Matanzas Inlet, St Johns County",Surfing,M,Unknown,leg,N,Unknown,Unknown
1995.07.28.d,1995,USA,Florida,"New Smyrna Beach, Volusia County",Surfing,M,Unknown,leg,N,14,Unknown
1970.01.10,1970,MEXICO,Guerrero,Acapulco,Swimming,M,22,leg,N,Unknown,Unknown
1995.07.28.b,1995,USA,Florida,"New Smyrna Beach, Volusia County",Standing,M,18,leg,N,13,Unknown
1969.08.22,1969,USA,Massachusetts,40 miles south of Nantucket,Fishing,M,28,leg,N,Unknown,Unknown
1993.11.12,1993,USA,Hawaii,"Horners, Wailua, Kaua'i","Surfing, paddling shorewards",M,Unknown,leg,N,10,Unknown
2003.11.01,2003,AUSTRALIA,New South Wales,"Seal Rocks, north of Newcastle",Standing,M,Unknown,leg,N,18,Unknown
1992.02.09,1992,AUSTRALIA,Tasmania,"Clifton Beach, southwest of Hobart",Surfing,M,19,leg,N,19,Unknown
1968.05.00,1968,PAPUA NEW GUINEA,New Ireland Province,Unknown,Standing,M,17,leg,N,Unknown,Unknown
1988.05.04,1988,USA,Florida,"Melbourne Beach, Brevard County",Surfing / treading water,M,29,leg,N,11,Unknown
1987.07.09,1987,BAHAMAS,Exuma Islands,Sampson Cay,Snorkeling,M,35,leg,N,13,Unknown
1987.01.06,1987,AUSTRALIA,Queensland,Lizard Island,Swimming,M,37,leg,N,7,Unknown
1986.11.30,1986,USA,Florida,"Daytona Beach, Volusia County",Surfing,M,17,leg,N,10,Unknown
1984.07.01,1984,USA,Florida,Unknown,"During a shark fishing tournament, the 18' Boatem was capsized by waves, throwing 3 men into the water ",M,30,leg,N,18,Unknown
1900.00.00.a,1900,SOUTH AFRICA,Eastern Cape Province,Port Elizabeth,Swimming,M,Unknown,leg,N,7,Unknown
1967.01.21,1967,MOZAMBIQUE,Bay of Maputo,Xefina Island,Swimming in the channel,M,31,leg,N,Unknown,Unknown
1982.08.29.a,1982,SOUTH AFRICA,Western Cape Province,Langebaan,Swimming,F,18,leg,N,12,Unknown
1966.07.17.a,1966,TAIWAN,Northern Taiwan,Tamsui Beach,Swimming,M,20,leg,Y,Unknown,Unknown
1982.07.01,1982,USA,Florida,"Daytona Beach, Volusia County",Swimming,F,19,leg,N,14,Unknown
1982.03.07,1982,AUSTRALIA,New South Wales,"Tallow Beach, Byron Bay",Surfing,M,20,leg,Y,12,Unknown
1976.03.12.b,1976,USA,Florida,"New Smyrna Beach, Volusia County",Standing,M,24,leg,N,14,Unknown
1863.12.14,1863,GUINEA,Conakry Region,Ile de Loss,"Bathing near whaling ship (bark A. R. Tucker of New Bedford, Massachusetts)",M,18,leg,Y,18,Unknown
1965.05.00.c,1965,EGYPT,Unknown,Unknown,Standing,M,Unknown,leg,N,Unknown,Unknown
1974.06.20,1974,USA,Florida,"New Smyrna Beach, Volusia County",Swimming,F,61,leg,N,8,Unknown
1974.04.14,1974,SOUTH AFRICA,Eastern Cape Province,Glengariff,Standing,M,19,leg,N,15,Unknown
1974.02.13.b,1974,SOUTH AFRICA,KwaZulu-Natal,"Inyoni Rocks, Amanzimtoti",Swimming,M,14,leg,N,19,Unknown
1965.00.00.b,1965,VANUATU,Malampa Province,Island of Paam'a,Unknown,M,Unknown,leg,Y,Unknown,Unknown
1973.12.25,1973,MOZAMBIQUE,Gaza,Xai Xai,Spearfishing,M,41,leg,N,11,Unknown
1971.11.27,1971,HONG KONG,Mirs Bay ,Unknown,Freedom Swimming,M,20,leg,N,7,Unknown
1964.10.31,1964,SOUTH AFRICA,KwaZulu-Natal,Umkomaas,Surf fishing,M,Unknown,leg,N,Unknown,Unknown
1972.12.31,1972,SOUTH AFRICA,Western Cape Province,Millers Point,Treading water,M,29,leg,N,14,Unknown
2016.09.05.b,2016,USA,South Carolina,"Kingston Plantation, Myrtle Beach, Horry County",Boogie boarding,F,12,leg,N,15,Unknown
1964.08.03,1964,JAPAN,Okayama Prefecture,Saidaiji,Swimming,M,12,leg,N,Unknown,Unknown
1964.07.00.b,1964,PAPUA NEW GUINEA,New Ireland Province,A reef off New Hanover (Northern end),Standing / fishing,M,Unknown,leg,Y,Unknown,Unknown
1970.06.13.b,1970,GRENADA,St. Andrew Parish,Grenville,Wading,M,16,leg,Y,14,Unknown
1964.02.14.b,1964,NEW CALEDONIA,Unknown,Unknown,Diving for trochus shell,M,15,leg,Y,Unknown,Unknown
1970.00.00.b,1970,IRAQ,Basrah,Shatt-al-Arab River,Swimming,M,35,leg,Y,12,Unknown
2010.08.10,2010,SOUTH KOREA,Jeju Province,Jeju Island,Swimming,F,16,leg,N,15,Unknown
1969.01.27,1969,AUSTRALIA,New South Wales,Beecroft Head,Freediving,M,21,leg,N,7,Unknown
1968.07.23,1968,USA,Florida,Florida Keys,Wading,M,33,leg,N,13,Unknown
1968.06.09,1968,USA,Florida,"Mullet Key, Pinellas County",Clamming,M,17,leg,N,9,Unknown
1966.01.08,1966,NEW ZEALAND,North Island,"Oakura Beach, Taranaki",Body surfing ,F,15,leg,Y,15,Unknown
1965.07.26,1965,MEXICO,Veracruz,Mocambo,Bathing,M,25,leg,Y,17,Unknown
1872.00.00,1872,SOUTH ATLANTIC OCEAN,Off the coast of South America,Unknown,Adrift on a raft ,M,Unknown,leg,N,0,Unknown
2017.05.12,2017,UNITED ARAB EMIRATES,"Sharjah, ",Khor Fakkan,Spearfishing,M,41,leg,N,9,Unknown
1962.08.19,1962,USA,Texas,"Off Andy Bowie Park, Padre Island, near Port Isabel",Surf fishing in waist-deep water,M,40,leg,Y,15,Unknown
1962.05.29,1962,USA,Florida,"Jupiter, Palm Beach County",Unknown,M,17,leg,N,Unknown,Unknown
1962.04.09,1962,MOZAMBIQUE,Gaza,Xai Xai,Swimming,M,16,leg,N,10,Unknown
1961.12.18.b,1961,MOZAMBIQUE,Gaza,Praia Sepulveda,Bathing,M,20,leg,N,16,Unknown
1961.09.26,1961,USA,Florida,"Florida Keys, Monroe County",Unknown,M,16,leg,N,16,Unknown
1961.01.03.b,1961,SOUTH AFRICA,Western Cape Province,Strandfontein,Standing,M,27,leg,N,15,Unknown
1962.00.00.a,1962,AUSTRALIA,South Australia,Dangerous Reef,Diving,M,Unknown,leg,N,Unknown,Unknown
1960.08.30,1960,USA,New Jersey,"Ocean City, Cape May County",Swimming 3 miles offshore,M,25,leg,N,17,Unknown
1960.08.21,1960,USA,New Jersey,"Sea Girt, Monmouth County",Standing in knee-deep water,M,24,leg,N,16,Unknown
1960.06.04,1960,USA,Georgia,"North picnic area, Jekyll Island, Glynn County",Swimming,M,24,leg,N,15,Unknown
1961.10.27,1961,PHILIPPINES,Western Luzon Island,Manila Bay,Gathering shells,M,Unknown,leg,N,Unknown,Unknown
1960.02.03,1960,USA,Hawaii,Maui,S2F-1 airplane crashed immediately after carrier take-off,Unknown,Unknown,leg,Y,2,Unknown
1959.12.19.a,1959,PHILIPPINES,Masbate,Balud,ship M.V. Rizal sank during typhoon,M,Unknown,leg,Y,12,Unknown
1961.07.16,1971,TURKEY,Anatolia,"?nciralti Beach, ?zmir ",Swimming,M,16,leg,N,Unknown,Unknown
1957.12.18,1957,SOUTH AFRICA,KwaZulu-Natal,Karridene,Body surfing,M,16,leg,N,17,Unknown
1956.07.28,1956,USA,Puerto Rico,Aquadilla,Floating in inner tube,M,13,leg,Y,10,Unknown
1956.07.17,1956,USA,Florida,"Miami Beach, Miami-Dade County",Wading,F,38,leg,N,18,Unknown
1955.03.00.a,1955,AUSTRALIA,Western Australia,Woodmanï¿½ï¿½ï¿,"Competing in U/W endurance record, standing beside drum in 10' of water",M,25,leg,N,11,Unknown
1960.10.00.e,1960,PAPUA NEW GUINEA,New Britain,"East Nakanai, Talasea",Collecting shells,M,26,leg, N,Unknown,Unknown
1951.10.22,1951,AUSTRALIA,Queensland,"Ocean baths, Kissing Point Beach ",Swimming,M,42,leg,Y,19,Unknown
1951.05.22,1951,MEXICO,Unknown,Unknown,Free diving,M,16,leg,N,15,Unknown
1960.07.05,1960,USA,Mississippi,Mississippi City,Pulling raft out to ride to shore,M,17,leg,N,Unknown,Unknown
1951.01.21,1951,SOUTH AFRICA,KwaZulu-Natal,"Native Beach, Durban",Swimming,M,19,leg,Y,16,Unknown
1950.12.16,1950,AUSTRALIA,Queensland,"Palm Beach North, 5 miles north of Burleigh Heads, Brisbane",Treading water,M,20,leg,Y,16,Unknown
1960.04.00.c,1960,FIJI,Vanua Levu,Off the Bua coast,Fishing in shoulder-deep water,F,Unknown,leg,Y,Unknown,Unknown
1947.11.08.b,1947,AUSTRALIA,New South Wales,"Maria River, Port Macquarie, 12 miles from river mouth",Swimming,M,12,leg,Y,16,Unknown
1960.01.01,1960,SOUTH AFRICA,Western Cape Province,Muizenberg,"Standing, watching seine netters",F,Unknown,leg,N,Unknown,Unknown
1960.00.00.c,1960,PAPUA NEW GUINEA,West New Britain Province,"West Nakanai,  Talasea",Fishing,M,20,leg,N,Unknown,Unknown
1997.05.17,1997,BAHAMAS,Abaco Islands,Walkers Cay,Spearfishing,M,Unknown,leg,N,9,Unknown
1959.12.26,1959,PAPUA NEW GUINEA,Rigo subdistrict,Kaparoka,Swimming underneath house on pilings,Unknown,13,leg,Y,Unknown,Unknown
1992.07.08.a,1992,BRAZIL,Maranhï¿,"Praia da Marcela, Sï¿½ï¿½ï¿½ï¿½ï",Surfing,M,Unknown,leg,N,9,Unknown
1944.01.14,1944,AUSTRALIA,New South Wales,"First Beach, Forster",Surfing,M,14,leg,N,17,Unknown
1944.01.04,1944,SOUTH AFRICA,KwaZulu-Natal,"North Beach, Durban",Swimming,M,26,leg,Y,17,Unknown
1959.09.00,1959,MEXICO,Guerrrero,Acapulco,Unknown,F,Unknown,leg,Y,Unknown,Unknown
1979.06.19,1979,USA,Florida,10 miles off Cape Canaveral,Floating with life preserver after his boat foundered,M,56,leg,N,9,Unknown
1969.08.02,1969,USA,Florida,"New Smyrna Beach, Volusia County",Surfing,M,15,leg,N,9,Unknown
1959.06.26.R,1959,TURKEY,Mersin Province,Off Mezitli,Unknown,M,Unknown,leg,N,Unknown,Unknown
1940.12.20,1940,SOUTH AFRICA,KwaZulu-Natal,"Inyoni Rocks, South Coast",Swimming,M,17,leg,Y,10,Unknown
1959.05.00,1959,MID ATLANTIC OCEAN,Between England & South Africa,Unknown,Jumped overboard to rescue a man,M,Unknown,leg,N,Unknown,Unknown
1936.12.12,1936,AUSTRALIA,New South Wales,"Throsby Creek, Newcastle",Swimming,M,15,leg,Y,11,Unknown
1959.00.00.b,1959,PAPUA NEW GUINEA,"New Ireland Province, Bismarck Archipelago","Enuk Island, Kavieng",Unknown,M,Unknown,leg,Y,Unknown,Unknown
1934.12.31.a,1934,AUSTRALIA,New South Wales," St. Georgeï¿½ï¿½ï¿½ï¿½ï¿½ï¿½ï¿½ï¿½ï¿½s River at Moore",Swimming (lead swimmer in race),M,19,leg,Y,16,Unknown
1934.12.23.a,1934,AUSTRALIA,New South Wales,Woy Woy on the Brisbane Waters,Swimming & splashing,M,12,leg,N,13,Unknown
1958.10.00.b,1958,MEXICO,Guerrrero,Acapulco,Slapped shark on tail as it swam by,M,Unknown,leg,N,Unknown,Unknown
1958.10.00.a,1958,PAPUA NEW GUINEA,West New Britain Province,"East Nakanai, Talasea",Collecting shells,M,26,leg,N,Unknown,Unknown
1934.04.15,1934,AUSTRALIA,Queensland,"Elephant Rock, Currumbin near Southport",Body surfing,M,34,leg,N,9,Unknown
1930.12.25,1930,AUSTRALIA,New South Wales,"Homebush Bay, Parramatta River, Sydney",Swimming,M,49,leg,N,14,Unknown
1928.04.14,1928,AUSTRALIA,New South Wales,Bondi,Treading water,M,19,leg,N,16,Unknown
1958.01.27,1958,AUSTRALIA,New South Wales,5 miles south of Sussex Inlet at mouth of Berara Lake,Spearfishing / swimming on surface,M,17,leg,N,Unknown,Unknown
1958.00.00.a,1958,SOUTH AFRICA,KwaZulu-Natal,MaKakatana River,"Fishing, walking in river to cast",M,Unknown,leg,Y,Unknown,Unknown
1957.05.07,1957,SOLOMON ISLANDS,Unknown,Unknown,Fishing,M,Unknown,leg,N,Unknown,Unknown
1957.05.00,1957,USA,Florida,"8 miles off St. Marks, Wakulla County",3 men & 2 boys picked up wearing life jackets and with inner tube,M,Unknown,leg,N,Unknown,Unknown
1924.02.13,1924,AUSTRALIA,New South Wales,Bronte,Bathing in 5' of water,F,30,leg,N,19,Unknown
1957.04.07.a,1957,SOLOMON ISLANDS,Bougainville (North Solomons),Kieta,Diving from canoe,M,15,leg,N,Unknown,Unknown
1923.08.08,1923,GUYANA,Demerara County,Off the Demerara River ,Fishing,M,Unknown,leg,N,1,Unknown
1956.08.20,1956,PAPUA NEW GUINEA,Central Province,"Paga Point, Port Moresby ",Fishing,M,Unknown,leg,N,Unknown,Unknown
1956.08.00.b,1956,PAPUA NEW GUINEA,Central Province,Yule Island,Fishing,M,Unknown,leg,N,Unknown,Unknown
1920.01.15,1920,AUSTRALIA,New South Wales,"Throsby Creek, Newcastle",Swimming ,M,12,leg,Y,10,Unknown
1956.01.16,1956,COSTA RICA,Unknown,San Juan River,Swimming,M,33,leg,Y,Unknown,Unknown
1956.00.00.h,1956,PAPUA NEW GUINEA,Madang Province,"Singour, 60 miles south of Madang",Diving,M,Unknown,leg,N,Unknown,Unknown
1919.12.07,1919,AUSTRALIA,New South Wales,"Pelican Island, Macleay River",Swimming,M,47,leg,Y,5,Unknown
2011.08.16.b,2011,USA,Puerto Rico, Vieques,Floating ,M,27,leg,N,21,Unknown
1919.01.05,1919,AUSTRALIA,Queensland,"Ross River, Townsville",Wading (shrimping),M,38,leg,Y,10,Unknown
1917.12.15,1917,AUSTRALIA,Western Australia,Port Hedland,Swimming,M,Unknown,leg,N,5,Unknown
1955.02.04,1955,INDIA,Tamil Nadu,"Vanagiri, Madras (Chennai), Bay of Bengal",Fishing,M,25,leg,N,Unknown,Unknown
1916.12.08.a,1916,AUSTRALIA,New South Wales,"Seven Shillings Beach, Middle Harbor, Sydney (Estuary)",Swimming 10 m from shore,F,Unknown,leg,N,8,Unknown
1954.10.07,1954,USA,Virginia,150 miles off Cape Henry,"American freighter Mormackite, bound from Buenos Aires for Baltimore, capsized & sank in heavy seas",M,Unknown,leg,Y,Unknown,Unknown
1954.09.15,1954,HONG KONG,Unknown,Junk Bay,Swimming,M,20,leg,Y,Unknown,Unknown
1954.00.00.a,1954,PAPUA NEW GUINEA,West New Britain Province,"Volupai, Talasea",Swimming,M,12,leg,N,Unknown,Unknown
1953.07.15,1953,USA,Florida,"Juno Beach, Palm Beach County",Standing,F,26,leg,N,Unknown,Unknown
1953.00.00.a,1953,USA,Florida,"Juno Beach, Palm Beach County",Standing,F,Unknown,leg,N,Unknown,Unknown
1902.01.19,1902,AUSTRALIA,Queensland,Brisbane,Swimming,M,16,leg,N,12,Unknown
1899.08.08.a,1899,EGYPT,Mediterranean Sea,Port Said,Bathing,M,13,leg,N,8,Unknown
1951.09.02-R,1951,AUSTRALIA,Queensland,Fitzroy River near Rockhampton,"Body found on deserted luxury yacht, 38ï¿½ï¿½ï¿½ï¿",M,56,leg,Y,Unknown,Unknown
1941.09.25,1941,CARIBBEAN SEA,Unknown,125 nm north of Aruba,SS Ethel Skakel foundered in Central America Hurricane of 1941,M,Unknown,leg,Y,21,Unknown
1890.00.00.a,1890,SOUTH AFRICA,KwaZulu-Natal,Cape Vidal,Bathing,M,Unknown,leg,Y,15,Unknown
1886.01.28,1886,SOUTH AFRICA,Eastern Cape Province,"South Jetty, Port Elizabeth",Diving off jetty,M,Unknown,leg,N,7,Unknown
1926.04.22,1926,SOUTH ATLANTIC OCEAN,South of the Equator ,Steamship bound from Cape Town to Philadelphia,Fell overboard from SS Ripley Castle,M,26,leg,N,21,Unknown
1880.08.08,1880,MOZAMBIQUE,Unknown,Unknown,Swimming to retrieve a flannel,M,Unknown,leg,Y,11,Unknown
1880.05.02.a,1880,INDIA,West Bengal,"Panihati, 4 miles south of Barrackpore on the Hoogly River",Bathing,M,11,leg,Y,10,Unknown
1949.07.29,1949,IRAN,Shatt-el-Arab River,Unknown,Swimming,M,18,leg,N,Unknown,Unknown
1949.00.00.e,1949,PAPUA NEW GUINEA,New Ireland Province,"Kulengei, southeast of Kalili, Kavieng",Unknown,M,Unknown,leg,N,Unknown,Unknown
1958.07.08,1958,KENYA,Coast Province,Port Kilindeni / Mombasa Harbor,Swimming,M,21,leg,Y,21,Unknown
1948.11.18,1948,AUSTRALIA,Torres Strait,"Saibai Island, 80 miles north of Cape York",Pearl diving,M,41,leg,N,Unknown,Unknown
1948.09.19.b,1948,USA,Hawaii,"Off Makapauu Point, O'ahu",Swimming,M,Unknown,leg,N,Unknown,Unknown
2014.11.29,2014,AUSTRALIA,Western Australia,"Pyramids Beach, Port Bouvard",Surfing,M,13,leg,N,7,Unknown
2007.06.05,2007,AUSTRALIA,New South Wales,"Shelly Beach, Crescent Head",Surfing,M,Unknown,leg,N,18,Unknown
1946.10.14,1946,AUSTRALIA,New South Wales,"Markï¿½ï¿½ï¿½ï¿½ï¿½ï¿½ï¿½ï¿½ï¿½s Point",Swimming,M,15,leg,N,Unknown,Unknown
1946.05.09,1946,TANZANIA,Dar-es-Salaam ,Dar-es-Salaam harbor,Swimming ,M,Unknown,leg,N,Unknown,Unknown
1946.01.05,1946,AUSTRALIA,New South Wales,"Oatley Bay near Como, Georgeï¿½ï¿½ï¿",Swimming,F,14,leg,Y,Unknown,Unknown
1945.08.19,1945,IRAN / IRAQ,Shatt-al-Arab River,Vicinity of Abadan,Unknown,M,Unknown,leg,N,Unknown,Unknown
1944.10.25.a,1944,PHILIPPINES,Unknown,Off Cape Engano,Parachuted into Pacific,M,Unknown,leg,N,Unknown,Unknown
1944.09.03,1944,USA,Maryland,North Beach,Swimming,M,13,leg,N,Unknown,Unknown
1943.05.17.b,1943,CENTRAL PACIFIC,Unknown,68 miles east of Wallis Island,"S2N Navy scout plane went down, E.H. Almond & Lieut A.G. Reading in water",M,26,leg,N,Unknown,Unknown
1943.05.17.a,1943,CENTRAL PACIFIC,Unknown,68 miles east of Wallis Island,"S2N Navy scout plane went down, E.H. Almond & Lieut A.G. Reading in water",M,Unknown,leg,Y,Unknown,Unknown
1942.11.25,1942,SOUTH AFRICA,KwaZulu-Natal,Umkomaas,Swimming,M,38,leg,N,Unknown,Unknown
1941.11.19,1941,AUSTRALIA,Western Australia,Shark Bay,German raider Kormoran was sunk in an engagement with HMAS Sydney,M,Unknown,leg,N,Unknown,Unknown
1941.03.24,1941,SOUTH ATLANTIC OCEAN,Unknown,750 miles off the African coast,The troopship Britannia was sunk by the German raider Thor,M,Unknown,leg,N,Unknown,Unknown
1940.12.19.R,1940,AUSTRALIA,Queensland,Double Island Beach,Fishing,M,Unknown,leg,N,Unknown,Unknown
1940.12.10,1940,AUSTRALIA,Northern Territory,Darwin,Collecting fish in military trap when bitten by captured shark that had been shot by soldiers with Garten,M,Unknown,leg,N,Unknown,Unknown
1940.00.00.a,1940,SOUTH AFRICA,Eastern Cape Province,"Kowie River Mouth, Port Alfred",Standing in water with child in her arms,F,Unknown,leg,N,Unknown,Unknown
1939.03.24,1939,PAPUA NEW GUINEA,Central Province,Port Moresby,Dived for a coin,M,Unknown,leg,Y,Unknown,Unknown
1939.00.00.e,1939,SRI LANKA,Unknown,Unknown,She was on a ship that was torpedoes & was in the water awaiting rescue,F,Unknown,leg,N,Unknown,Unknown
1938.08.29,1938,CHINA,North China,"Outer harbor, Hong Kong",Swimming alongside warship   Tsingt-ao,M,Unknown,leg,Y,Unknown,Unknown
1938.07.17,1938,USA,California,"Dana Point, Orange County","Fishing, removing gaff from shark's mouth",M,27,leg,N,Unknown,Unknown
1938.03.08,1938,AUSTRALIA,Northern Territory,Liverpool River,Canoe capsized by shark,M,Unknown,leg,N,Unknown,Unknown
1938.01.18,1938,SOUTH AFRICA,KwaZulu-Natal,Vetchï¿½ï¿½ï¿½ï¿½ï¿½,"Watching seine netters with friends, one of whom picked up a netted shark",M,13,leg,N,Unknown,Unknown
1938.00.00.b,1938,AUSTRALIA,Torres Strait,Unknown,Diving,M,17,leg,N,Unknown,Unknown
1936.09.04,1936,USA,Hawaii,"Lahaina, Maui",Swimming,M,Unknown,leg,N,Unknown,Unknown
1935.07.05,1935,PANAMA,Unknown,off Culebra,"Fishing with dynamite, afterwards in water retrieving catch",M,14,leg,Y,Unknown,Unknown
1934.08.05,1934,USA,Georgia,"Thunderbolt, Chatham County",Swimming,M,11,leg,N,Unknown,Unknown
1933.06.08.R,1933,AUSTRALIA,Queensland,Currumbin,Treading water,M,Unknown,leg,N,Unknown,Unknown
1932.12.11.R,1932,AUSTRALIA,Northern Territory,Arnhem Land,Unknown,M,Unknown,leg,N,Unknown,Unknown
1932.08.09,1932,AUSTRALIA,Torres Strait,Unknown,Pearl diving,M,Unknown,leg,N,Unknown,Unknown
1931.08.25,1931,CUBA,Havana Province,"Miramar subdivision, Havana",Swimming a quarter mile offshore,M,23,leg,Y,Unknown,Unknown
1931.08.23,1931,CUBA,Havana Province,"Miramar, Havana",Swimming ,M,Unknown,leg,Y,Unknown,Unknown
1931.07.15,1931,USA,New Jersey,"Sea Girt, Monmouth County",Swimming,M,Unknown,leg,N,Unknown,Unknown
1931.01.14,1931,AUSTRALIA,Torres Strait,Unknown,Pearl diving,M,Unknown,leg,N,Unknown,Unknown
1930.11.30,1930,AUSTRALIA,Queensland,"St. Helena Island, Moreton Bay",Thrown into water from fishing dinghy,M,Unknown,leg,N,Unknown,Unknown
1930.08.16,1930,SPAIN,Canary Islands,"El Escabonal, Tenerife ",Swimming,M,38,leg,N,Unknown,Unknown
1929.12.16,1929,AUSTRALIA,New South Wales,Collaroy,Bathing or body surfing ,F,17,leg,N,Unknown,Unknown
1929.09.01,1929,AUSTRALIA,Queensland,"Ross River, Townsville",Fell from wharf into water & attacked immediately,M,42,leg,Y,Unknown,Unknown
1929.07.29,1929,MEXICO,Tamaulipas,Tampico,Swimming,M,Unknown,leg,N,Unknown,Unknown
1929.05.31,1929,AUSTRALIA,Torres Strait,Unknown,Pearl diving,M,Unknown,leg,N,Unknown,Unknown
1928.06.24.R,1928,USA,Florida,"Daytona Beach, Volusia County",Swimming,M,Unknown,leg,N,Unknown,Unknown
1928.02.00.b,1928,COSTA RICA,Near Puntarenas,Unknown,Swimming,F,Unknown,leg,N,Unknown,Unknown
1928.01.02,1928,SOUTH AFRICA,Eastern Cape Province,"Salt Vlei, Port Alfred",Unknown,F,Unknown,leg,N,Unknown,Unknown
1927.10.00,1927,FIJI,Unknown,a river,"Standing, collecting bananas",M,Unknown,leg,N,Unknown,Unknown
1927.04.10,1927,AUSTRALIA,Torres Strait,Near Thursday Island,Diving,M,Unknown,leg,N,Unknown,Unknown
1927.04.08,1927,AUSTRALIA,Queensland,Near Thursday Island,Pearl diving,M,Unknown,leg,N,Unknown,Unknown
1927.02.09,1927,AUSTRALIA,Queensland,Brisbane River,Attempting to rescue drowning man,M,Unknown,leg,N,Unknown,Unknown
1926.01.00,1926,AUSTRALIA,Victoria,Unknown,Unknown,M,Unknown,leg,N,Unknown,Unknown
1923.12.12,1923,AUSTRALIA,New South Wales,"Murwillumbah, Tweed River",Swimming,M,Unknown,leg,N,Unknown,Unknown
1922.07.19,1922,USA,Florida,"Pablo Beach, Jacksonville, Duval County",Unknown,M,Unknown,leg,N,Unknown,Unknown
1919.12.30.R,1919,AUSTRALIA,Queensland,Brible Island,Swimming,M,29,leg,N,Unknown,Unknown
1919.00.00,1919,USA,Florida,"Near Panama City, Bay County",Swimming,F,Unknown,leg,N,Unknown,Unknown
1916.10.11,1916,USA,Florida,"Sewellï¿½ï¿½ï¿½ï¿½ï¿½ï¿½ï¿½ï¿½ï","Fishing, attempted to take a netted shark",M,Unknown,leg,Y,Unknown,Unknown
1916.08.24,1916,USA,Louisiana,Grand Lake,Netting shrimp,M,Unknown,leg,N,Unknown,Unknown
1916.06.23,1916,USA,Florida,Unknown,Unknown,M,26,leg,N,Unknown,Unknown
1915.08.03,1915,USA,Florida,"St. Augustine, St Johns County",Unknown,M,Unknown,leg,N,Unknown,Unknown
1914.07.09.R,1914,USA,Louisiana,New Orleans,Fishing,M,Unknown,leg,N,Unknown,Unknown
1914.01.17.R,1914,AUSTRALIA,Queensland,Brisbane,Wading,F,Unknown,leg,N,Unknown,Unknown
1913.11.21,1913,AUSTRALIA,Queensland,"Sandgate Jetty, Brisbane",Swimming,M,12,leg,N,Unknown,Unknown
1913.03.27,1913,SAMOA,Upolu Island,Apia Harbor,Unknown,M,Unknown,leg,N,Unknown,Unknown
1912.03.18,1912,NEW ZEALAND,North Island,Takapuna,Swimming,M,Unknown,leg,N,Unknown,Unknown
1911.07.16.R,1911,USA,Delaware,Delaware Lightship,Fishing,M,Unknown,leg,N,Unknown,Unknown
1910.06.25.R,1910,MEXICO,Unknown,LaBarra,Swimming,M,Unknown,leg,N,Unknown,Unknown
1909.06.18,1909,AUSTRALIA,Queensland,"Middleton Reef, 300 nm from Brisbane","1446-ton Norwegian barque Errol, bound from Peru to Newcastle with 22 on board wrecked. Survivors shelterd on the wreck of the Annasona. Subsequently the Master, his wife & 4 children perished along with several crew. Survivors (5) were rescued 7/12/1909",M,Unknown,leg,Y,Unknown,Unknown
1907.02.05,1907,NEW ZEALAND,South Island,Port Moeraki,Standing,M,55,leg,Y,Unknown,Unknown
1907.00.00.b,1907,VIETNAM,Khï¿½ï¿½ï¿½ï¿½ï¿½ï,Nha Trang,Fishing,M,20,leg,N,Unknown,Unknown
1906.11.16,1906,JAMAICA,Westmoreland Parish,Cabaritta River mouth,Fishing,M,Unknown,leg,N,Unknown,Unknown
1906.08.20,1906,YEMEN ,Aden,Unknown,Diving around anchored liner,M,Unknown,leg,N,Unknown,Unknown
1905.08.00.a,1905,PHILIPPINES,Luzon Island,Manila Bay,Bathing,M,21,leg,N,Unknown,Unknown
1905.05.22,1905,USA,Florida,"Pablo Beach, Jacksonville, Duval County",Swimming,M,Unknown,leg,N,Unknown,Unknown
1904.09.00,1904,CUBA,Havana Province,Havana Harbor,Lost his footing & fell overboard,M,Unknown,leg,Y,Unknown,Unknown
1904.00.00.c,1904,USA,Unknown,Unknown,Diving on a wreck,M,Unknown,leg,N,Unknown,Unknown
1903.07.00,1903,FALKLAND ISLANDS,Unknown,Unknown,"Swimming, after falling overboard",M,28,leg,N,Unknown,Unknown
1900.11.14,1900,SOUTH AFRICA,Western Cape Province,Three Anchor Bay,Swimming,M,30,leg,Y,Unknown,Unknown
1900.09.15,1900,AUSTRALIA,Queensland,Townsville,Swimming,M,Unknown,leg,N,Unknown,Unknown
1900.00.00.b,1900,USA,Hawaii,"Inter-Island Dry Dock at Kakaako Street, Honolulu, O'ahu",Unknown,M,Unknown,leg,N,Unknown,Unknown
1897.12.04.R,1897,USA,East coast,Unknown,Angling,M,Unknown,leg,N,Unknown,Unknown
1897.09.06,1897,USA,South Carolina,"Elliott Cut, Charleston County",Standing,M,Unknown,leg,N,Unknown,Unknown
1896.09.11.R,1896,SRI LANKA,Unknown,Unknown,Diving,M,Unknown,leg,N,Unknown,Unknown
1896.00.00.a,1896,HAITI,Off Cape Haitien,Unknown,Wading,M,15,leg,N,Unknown,Unknown
1895.11.21.R,1895,BARBADOS,St Michael Parish,Bridgetown,Diving for coins,M,Unknown,leg,N,Unknown,Unknown
1895.03.15,1895,AUSTRALIA,Queensland,Burnett River,Swimming,M,13,leg,N,Unknown,Unknown
1894.09.12.R,1894,USA,Virginia,Norfolk,Bathing,M,Unknown,leg,N,Unknown,Unknown
1894.06.15.b.R,1894,USA,North Carolina,"New Bern, Craven County",bathing ,M,Unknown,leg,N,Unknown,Unknown
1893.04.15,1893,SOUTH ATLANTIC OCEAN,Unknown,Unknown,Swimming after falling overboard from the sealing ship Vesper,M,Unknown,leg,N,Unknown,Unknown
1893.04.14,1893,AUSTRALIA,Queensland,Torres Strait,"Boat capsized, swimming ashore",M,Unknown,leg,N,Unknown,Unknown
1892.11.06,1892,AUSTRALIA,Queensland,"Wellington Point, Brisbane",Swimming,F,Unknown,leg,N,Unknown,Unknown
1892.05.19.R,1892,NEW ZEALAND,North Island,Rockhampton,Bathing,M,Unknown,leg,N,Unknown,Unknown
1891.09.14.R,1891,KIRIBATI,Line Islands,Flint Island,"Sea Disaster, canoes capsized in storm",Unknown,Unknown,leg,Y,Unknown,Unknown
1890.08.08,1890,SAMOA,Upolu Island,Apia Harbour,Bathing,M,Unknown,leg,N,Unknown,Unknown
1890.06.26,1890,CROATIA,Unknown,Fiume,Swimming,M,Unknown,leg,N,Unknown,Unknown
1887.09.22,1887,ITALY,Unknown,Trieste,Swimming,M,Unknown,leg,N,Unknown,Unknown
1886.03.06.R,1886,NEW ZEALAND,South Island,Dunedin ,Bathing ,M,Unknown,leg,N,Unknown,Unknown
1885.04.09,1885,NEW ZEALAND,North Island,Auckland,Bathing,M,Unknown,leg,N,Unknown,Unknown
1880.01.03,1880,AUSTRALIA,New South Wales,Cooranbong,Bathing,F,13,leg,N,Unknown,Unknown
1878.09.14.R,1878,USA,Connecticut,"Branford, New Haven County",Fishing,M,Unknown,leg,N,Unknown,Unknown
1878.09.02.b,1878,SOUTH ATLANTIC OCEAN,Off the coast of West Africa,Unknown,Boat with 5 men capsized while returning to the Amerique,M,Unknown,leg,N,Unknown,Unknown
1878.00.00,1878,AUSTRALIA,New South Wales,"Balmain, Sydney (Estuary)",Bathing in 2 feet of water,M,11,leg,Y,Unknown,Unknown
1877.12.15,1877,AUSTRALIA,New South Wales,"Peacock Point, Balmain, Sydney",Bathing,M,11,leg,N,Unknown,Unknown
1876.06.04.R,1876,USA,Georgia,Cumberland Island,Bathing,M,Unknown,leg,N,Unknown,Unknown
1873.07.28,1873,USA,Maryland,Chester River,Fishing (Seining),M,Unknown,leg,N,Unknown,Unknown
1873.00.00,1873,CUBA,Havana Province,Havana Harbor,Swimming / escaping imprisonment ,M,27,leg,N,Unknown,Unknown
1871.00.00.c,1871,AUSTRALIA,New South Wales,Manning River,Unknown,M,Unknown,leg,Y,Unknown,Unknown
1870.06.01,1870,INDIA,West Bengal,"Hoogly River, Calcutta",Bathing / standing,M,40,leg,N,Unknown,Unknown
1870.05.26.R,1870,AUSTRALIA,Queensland,Moreton Island,Fishing,M,13,leg,N,Unknown,Unknown
1860.12.26,1860,AUSTRALIA,New South Wales,"The Domain, Sydney",Bathing,M,Unknown,leg,N,Unknown,Unknown
1860.04.00.b,1860,NEW ZEALAND,North Island,"Princes Wharf, Auckland Harbor",Swimming,M,Unknown,leg,N,Unknown,Unknown
1853.11.08,1853,AUSTRALIA,New South Wales,Unknown,Swimming,M,Unknown,leg,N,Unknown,Unknown
1848.08.31,1848,USA,Maryland,Patapsco River,Swimming,M,15,leg,N,Unknown,Unknown
1845.09.16.R,1845,ENGLAND,Unknown,Unknown,Unknown,M,Unknown,leg,N,Unknown,Unknown
1842.07.06,1842,USA,New Jersey,"Absecon, Atlantic County",Harassing a shark,Unknown,Unknown,leg,n,Unknown,Unknown
1832.06.04,1832,AUSTRALIA,New South Wales,"South Head, Sydney",Fishing,F,Unknown,leg,N,Unknown,Unknown
1832.01.23.R,1832,AUSTRALIA,New South Wales,Sydney,Bathing,M,Unknown,leg,N,Unknown,Unknown
1827.06.00.a,1827,SIERRA LEONE,Western Area ,Tombo Island in the Sierra Leone River,Swimming,M,Unknown,leg,N,Unknown,Unknown
1826.12.00,1826,BRAZIL,Paraiba,Paraiba,Unknown,M,Unknown,leg,N,Unknown,Unknown
1749.00.00,1749,CUBA,Havana Province,Havana Harbor,Swimming,M,14,leg,N,Unknown,Unknown
ND.0012,1913,SOUTH AFRICA,KwaZulu-Natal,Durban,Wading,M,Unknown,leg,Y,Unknown,Unknown
ND.0014,1916,USA,North Carolina ,Somewhere between Hatteras and Beaufort,Swimming,M,Unknown,leg,N,Unknown,Unknown
ND.0054,1958,INDONESIA,Riau Province,"Natuna Islands, between Sumatra & Kalimantan in the South China Sea",Swimming near anchored ship,M,Unknown,leg,Y,Unknown,Unknown
ND.0074,1931,AUSTRALIA,Western Australia,Cossack Creek,Pearl diving,M,Unknown,leg,N,Unknown,Unknown
ND.0084,1967,SOUTH AFRICA,Eastern Cape Province,Keiskamma River mouth,Crossing river on a raft,M,Unknown,leg,Y,Unknown,Unknown
ND-0122,1994,USA,Florida,"Lost Tree Village, Palm Beach County",Surfing,M,Unknown,leg,N,Unknown,Unknown
ND-0127,2011,SUDAN,Red Sea State,Unknown,Snorkeling,F,Unknown,leg,N,Unknown,Unknown
ND-0153,1991,KENYA,Mombasa,Kilindini,Diving,M,Unknown,leg,N,Unknown,Unknown
2004.10.10,2004,USA,California,"Limantour Beach, Point Reyes National Seashore",Surfing,M,Unknown,leg,N,9,white shark
2005.09.24,2005,AUSTRALIA,South Australia,Kangaroo Island,Surfing,M,26,leg,N,12,white shark
2005.10.19,2005,USA,California,"Salmon Beach, Sonoma County",Surfing,F,20,leg,N,10,white shark
1990.04.14,1990,SOUTH AFRICA,Eastern Cape Province,Cape Recife,Lying on surfboard & paddling,M,23,leg,N,14,white shark
1985.10.24,1985,SOUTH AFRICA,Eastern Cape Province,East London,Body boarding,M,22,leg,N,8,white shark
1996.05.28,1996,SOUTH AFRICA,Western Cape Province,"The Steps, Wilderness",Surfing,M,17,leg,N,14,white shark
1998.03.15,1998,SOUTH AFRICA,Western Cape Province,Saldanha Bay,Snorkeling ï¿½ï¿½ï¿½ï¿½ï¿½ï¿½ï¿½ï¿½ï¿½ hu,M,33,leg,N,17,white shark
1994.02.12,1994,SOUTH AFRICA,Eastern Cape Province,Beachview Holiday Resort,Surfing,M,15,leg,N,16,white shark
1986.12.22,1986,SOUTH AFRICA,Western Cape Province,SAOU Strand,Body boarding,M,21,leg,Y,17,white shark
1984.09.30.a,1984,USA,California,"Tomales Point, Marin County","Free diving , but surfacing",M,Unknown,leg,N,10,white shark
1995.09.03.b,1995,USA,California,"Shelter Cove, Humboldt County",Abalone diving using Hookah (resting on the surface),M,32,leg,N,16,white shark
2002.11.28.a,2002,USA,California,"Salmon Creek, Sonoma County",Body boarding,M,48,leg,N,9,white shark
1955.02.05,1955,AUSTRALIA,New South Wales,"Sugarloaf Bay, Middle Harbor, Sydney",Swimming,M,25,leg,Y,14,white shark
1994.03.23.b,1994,CHILE,Unknown,300 miles east of Easter Island,Swimming alongside NOAA research vessel Discoverer,F,19,leg,N,11,white shark
2002.05.31.b,2002,USA,California,"Stinson Beach, Marin County",Surfing,M,24,leg,N,14,white shark
1998.05.16.a,1998,SOUTH AFRICA,Western Cape Province,Keurbooms,Body boarding,M,22,leg,N,14,white shark
1994.07.09.b,1994,SOUTH AFRICA,Eastern Cape Province,"Nahoon Beach, East London",Surfing,M,22,leg,Y,13,white shark
1994.07.09.a,1994,SOUTH AFRICA,Eastern Cape Province,"Nahoon Beach, East London",Surfing,M,31,leg,N,13,white shark
1989.09.09.b,1989,USA,California,"Southeast Farallon Island, Farallon Islands",Hookah diving for abalone (descending),M,38,leg,N,12,white shark
2004.01.25,2004,AUSTRALIA,Western Australia,Binningup,Scuba diving,M,46,leg,N,11,white shark
1993.10.30,1993,USA,California,"""Bunkers"" Eureka, Humboldt County",Surfing,M,26,leg,N,16,white shark
1990.11.03,1990,USA,California,"Monastery Beach, Carmel Bay, Monterey County",Scuba diving (but on surface),F,Unknown,leg,N,15,white shark
2004.04.05,2004,SOUTH AFRICA,Western Cape Province,"Surfers' Corner, Muizenberg, False Bay",Surfing,M,16,leg,N,14,white shark
1994.12.09.a,1994,USA,California,"San Miguel Island, Santa Barbara County",Commercial diver (submerged or treading water),M,42,leg,Y,8,white shark
1990.08.28,1990,USA,California,"Trinidad Head, Humboldt County",Surfing,M,22,leg,N,16,white shark
1988.10.23,1988,USA,Oregon,"Indian Beach, Ecola State Park, just north of Cannon Beach, Clatsop County ",Surfing (sitting on his board),M,21,leg,N,17,white shark
1996.10.05.,1996,USA,California,"Dillon Beach, Marin County",Surfing,M,22,leg,N,13,white shark
2008.07.18,2008,EGYPT,Unknown,Daedalus Reef,Diving,M,Unknown,leg,N,Unknown,white shark
2005.08.24.a,2005,USA,California,"Scripps, LaJolla, San Diego County",Surfing,M,37,leg,N,11,white shark
2007.09.27.a,2007,EGYPT,Red Sea,Daedalus Reefï,Swimming,F,19,leg,N,7,white shark
1998.12.20.R,1998,SOUTH AFRICA,Eastern Cape Province,"King's Beach, Port Elizabeth",Surfing,M,18,leg,N,17,white shark
1916.07.01,1916,USA,New Jersey,"Beach Haven, Ocean County",Swimming,M,24,leg,Y,17,white shark
1998.06.28.a,1998,AUSTRALIA,South Australia,South Neptune Island,Free diving for abalone,M,26,leg,Y,14,white shark
2012.07.30.a,2012,USA,Massachusetts,"Ballston Beach, Truro, Cape Cod",Body surfing,M,50,leg,N,15,white shark
2001.05.08,2001,SOUTH AFRICA,Eastern Cape Province,East London,Surfing,M,26,leg,N,Unknown,white shark
1999.11.13,1999,SOUTH AFRICA,KwaZulu-Natal,Umtentweni,Surfing,M,35,leg,N,Unknown,white shark
1998.08.01.b,1998,SOUTH AFRICA,Western Cape Province,"Buffalo Bay, near Knysna",Surfing (or body boarding),M,19,leg,N,Unknown,white shark
1997.07.12,1997,OKINAWA,Miyako,Hirara,Fishing for octopus,M,55,leg,Y,Unknown,white shark
1997.04.20,1997,BRAZIL,Rio de Janeiro,"Manguinhos, Ilha Feia, Bï¿½ï¿",Windsurfing,M,22,leg,N,Unknown,white shark
1995.11.29,1995,NEW ZEALAND,"Chatham Islands, east of New  Zealand",Unknown,"Diving, gathering shellfish",M,22,leg,N,Unknown,white shark
1993.09.16.b,1993,EL SALVADOR,La Libertad,near El Cocal Beach,Surfing,Unknown,15,leg,N,Unknown,white shark
1993.00.00.d,1993,ANGOLA,West Africa,Unknown,Surfing,M,Unknown,leg,N,Unknown,white shark
1974.01.09,1974,AUSTRALIA,South Australia,Streaky Bay,Diving for abalone,M,26,leg,Y,Unknown,white shark
1965.00.00.d,1965,RED SEA,East of the Gulf of Aqaba,Unknown,Standing in waist-deep water,M,Unknown,leg,N,Unknown,white shark
2015.07.02,2015,AUSTRALIA,New South Wales,East Ballina,Body boarding ,M,32,leg,N,9,white shark
2015.06.27.a,2015,SOUTH AFRICA,Western Cape Province,Buffels Bay near Knysna,Body Boarding,M,19,leg,N,14,white shark
2011.09.28.a,2011,SOUTH AFRICA,Western Cape Province,Clovely Beach,Swimming,M,43,leg,N,12,white shark
2004.09.20,2004,USA,Oregon,Gold  Beach,Surfing,M,26,leg,N,9,white shark
2004.06.02,2004,SOUTH AFRICA,Western Cape Province,Dyer Island,"Swimming, poaching perlemoen",M,21,leg,Y,15,white shark
1975.12.06,1975,USA,California,Farallon Islands,Scuba diving & spearfishing,M,27,leg,N,12,white shark
1973.09.09,1973,MEXICO,Baja California,Guadalupe Island,"Free diving, Spearfishing",M,37,leg,Y,16,white shark
1962.09.02,1962,ITALY,Tyrrhenian Sea,"Circeo, Secca del Quadro",Spearfishing with Scuba gear,M,28,leg,Y,10,white shark
1962.01.11.b,1962,PAPUA NEW GUINEA,10ï¿½ï¿½ï¿½,Jukuataia Village,Spearfishing,M,24,leg,N,12,white shark
1950.10.08,1950,USA,California,"Imperial Beach, San Diego County",Body surfing / treading water,M,31,leg,N,12,white shark
1964.01.11,1964,USA,California,Southeast Farallon Island,Spearfishing / Scuba diving (at surface),M,21,leg,N,12,white shark
2015.08.29.a,2015,USA,California,"Morro Bay, San Luis Obispo County",Surfing,M,21,leg,N,10,white shark
1978.12.12,1978,SOUTH AFRICA,KwaZulu-Natal,Sodwana,Spearfishing,M,23,leg,Y,16,white shark
1975.08.17,1975,SOUTH AFRICA,Eastern Cape Province,Cape St. Francis,Surfing,M,19,leg,N,13,white shark
1964.11.29,1964,AUSTRALIA,Victoria ,Lady Julia Percy Island,Free diving with seals,M,25,leg,N,14,white shark
2015.09.04,2015,AUSTRALIA,New South Wales,Hallidays Point,Surf-skiing,M,62,leg,N,11,white shark
1966.02.27,1966,AUSTRALIA,New South Wales,Coledale Beach,Treading water,M,13,leg,N,14,white shark
1975.02.10,1975,AUSTRALIA,South Australia,(Point Sinclair) Penong,Swimming underwater from crayfish cage to a fishing bait,M,12,leg,Y,18,white shark
1971.06.30,1971,SOUTH AFRICA,Western Cape Province,Mossel Bay,Surfing,M,21,leg,N,15,white shark
1960.12.24,1960,SOUTH AFRICA,KwaZulu-Natal,Margate,Swimming,M,25,leg,Y,16,white shark
1964.02.05.a,1964,NEW ZEALAND,South Island,"St. Clair Beach, Dunedin",Swimming,M,19,leg,Y,6,white shark
1976.10.18,1976,USA,California,"Moonstone Beach, Humboldt County",Surfing,M,25,leg,N,14,white shark
1961.08.20,1961,USA,California,"Portuguese Beach at mouth of Salmon Creek, Sonoma County",Swimming,M,16,leg,N,15,white shark
1962.01.14.c,1962,USA,California,Farallon Islands,Spearfishing / Scuba diving (at surface),M,29,leg,N,10,white shark
1908.07.08.R,1908,CROATIA,Adriatic Sea,Medola,Boating,F,Unknown,leg,Y,Unknown,white shark
1999.07.03,1999,SOUTH AFRICA,Eastern Cape Province,"Cintsa East, East London",Surfing,M,29,leg,N,9,white shark
1960.05.19,1960,USA,California,"Aptos, Santa Cruz County",Swimming ,F,16,leg,N,13,white shark
1946.02.10.b,1946,AUSTRALIA,Western Australia,"City Beach, Perth",Standing,M,18,leg,N,12,white shark
1962.12.09,1962,AUSTRALIA,South Australia,Carrickalinga Head,Spearfishing,M,16,leg,Y,14,white shark
1968.09.15,1968,NEW ZEALAND,South Island,Otago Harbor,Spearfishing,M,24,leg,Y,10,white shark
1969.09.06,1969,USA,California,"Bird Rock, Tomales Point, near Marin County / Sonoma County border",Free diving for abalone,M,53,leg,N,11,white shark
1927.12.28,1927,SOUTH AFRICA,Western Cape Province,Little Brak River,Swimming,M,17,leg,Y,11,white shark
1972.05.28,1972,USA,California,"Bird Rock, near Tomales Point, Marin County",Free diving for abalone,M,32,leg,N,13,white shark
1971.03.30,1971,NEW ZEALAND,South Island,Dunedin,Surfing,M,16,leg,N,10,white shark
1998.08.01.a,1998,SOUTH AFRICA,Western Cape Province,Pringle Bay,Spearfishing,M,24,leg,N,13,white shark
2000.11.06.b,2000,AUSTRALIA,Western Australia,"Cottesloe Beach, Perth",Swimming,M,52,leg,N,6,white shark
2008.05.10,2008,AUSTRALIA,Western Australia,Albany,Swimming,M,37,leg,N,7,white shark
1974.05.26,1974,USA,California,"Tomales Point, Marin County",Free diving (but on surface),M,45,leg,N,11,white shark
1971.10.02,1971,USA,California,"Sea Ranch, Sonoma County",Scuba diving,M,30,leg,N,14,white shark
1977.08.14,1977,USA,California,"McClure Beach, near Tomales Point, Marin County",Free diving for abalone (surfacing),M,20,leg,N,11,white shark
1975.07.23,1975,USA,California,"Perch Rock, Point Conception, Santa Barbara County",Scuba diving for abalone (at surface),M,23,leg,N,14,white shark
2009.01.11.b,2009,AUSTRALIA,Tasmania,Binalong Bay,Surfing,F,13,leg,N,15,white shark
2006.12.02,2006,AUSTRALIA,Western Australia,Wharton Beach,Body boarding,M,15,leg,N,7,white shark
2015.04.25,2015,AUSTRALIA,South Australia,Fishery Bay,Surfing,M,26,leg,N,9,white shark
1972.09.09,1972,USA,California,"Point Sur, Monterey County",Surfing,M,Unknown,leg,N,10,white shark
2014.12.28.b,2014,USA,California,"Montaï¿½ï¿½ï¿½ï¿½ï¿½ï¿½ï¿½ï¿½ï¿½a de Oro State Par",Surfing,M,50,leg,N,11,white shark
1969.03.09,1969,USA,Hawaii,"Makaha, O'ahu",Surfing,M,16,leg,N,17,white shark
1952.12.07,1952,USA,California,"Pacific Grove, Monterey Bay, Monterey County",Body surfing & treading water,M,17,leg,Y,14,white shark
1700.00.00.b,1700,FRANCE,Cï¿½ï¿½ï¿½ï¿,Antibes,Bathing,M,Unknown,leg,N,Unknown,white shark
ND.0060,1959,USA,California,"Capistrano, Orange County",Unknown,F,Unknown,leg,N,Unknown,white shark
2011.12.07.a,2011,AUSTRALIA,New South Wales,Maroubra,Surfing,M,14,leg,N,Unknown,wobbegong shark
1996.04.25.a,1996,AUSTRALIA,New South Wales,Mona Vale,Swimming,F,16,leg,N,Unknown,wobbegong shark
1960.01.13,1960,AUSTRALIA,Western Australia,Geraldton,"Fishing, lifting shark out of craypot",M,Unknown,leg,N,21,wobbegong shark
1961.04.25,1961,AUSTRALIA,New South Wales,"Trial Bay, north of Kempsey",Spearfishing,M,Unknown,leg,N,12,wobbegong shark
2010.02.11,2010,AUSTRALIA,New South Wales,"Mona Vale Beach, Sydney",Surfing,M,46,leg,N,8,wobbegong shark
1951.12.16,1951,AUSTRALIA,New South Wales,North Bondi,Spearfishing,M,18,leg,N,Unknown,wobbegong shark
1950.12.19.R,1950,AUSTRALIA,New South Wales,Jervis Bay,Swimming,Unknown,Unknown,leg,N,Unknown,wobbegong shark
1871.08.29.R,1871,USA,Hawaii,Unknown,Fishing,M,Unknown,arm,N,Unknown,Unknown
1989.01.08,1989,USA,Hawaii,"Wailua, Kaua'i",Swimming in strong current with 3 others when he disappeared,M,Unknown,leg,Y,Unknown,Unknown
1989.11.12,1989,USA,Hawaii,"Ehukai Beach Park, Sunset Beach, O'ahu","Wading, knocked down & swept away by large waves",M,Unknown,Unknown,Y,18,Unknown
1974.09.14,1974,USA,California,"North Farallon Island, Farallon Islands",Hookah diving for abalone,M,29,Unknown,N,13,white shark
1913.09.21,1913,USA,Florida,"West Palm Beach, Palm Beach County",Unknown,M,Unknown,Unknown,N,Unknown,hammerhead shark
1957.02.02,1957,AUSTRALIA,Western Australia,Cape Levï¿½ï,Unknown,M,Unknown,Unknown,Unknown,Unknown,Unknown
1963.04.08,1963,USA,Hawaii,"Hapuna Beach, Hawai'i",Washed into sea while picking opihi,M,Unknown,Unknown,Y,Unknown,Unknown
2017.03.19,2017,AUSTRALIA,New South Wales,The Farm,Body boarding,M,30,Unknown,N,18,Unknown
1974.07.26,1974,USA,California,"Albion Cove, Albion, Mendocino County",Free diving for abalone (submerged),M,36,heel,N,Unknown,white shark
1992.09.13,1992,USA,Oregon,"Gold Beach, Curry County",Surfing,M,20,Unknown,N,17,white shark
2005.04.16.b,2005,AUSTRALIA,Northern Territory,Bremer Island,Spearfishing,M,20,face,N,Unknown,copper shark
1992.08.25,1992,AUSTRALIA,South Australia,"Lipson Cove, Tumby Bay",Surfing,M,17,no injury,N,17,white shark
2006.06.30.a,2006,USA,Florida,"Florida Keys, Monroe County",Spearfishing,M,35,Unknown,N,Unknown,blacktip shark
1957.02.00,1957,USA,Florida,Florida Keys,Skindiving for specimens,M,Unknown,Unknown,N,Unknown,mako shark
2008.08.18,2008,USA,South Carolina,"North Myrtle Beach, Horry County",Unknown,M,7,Unknown,N,Unknown,Unknown
1897.10.15,1897,MEXICO,Vera Cruz,Vera Cruz Harbor,Diving,M,Unknown,Unknown,N,Unknown,Unknown
1959.05.16,1959,USA,Florida,"Indian Rocks Beach, Clearwater, Pinellas County",Unknown,F,37,Unknown,N,Unknown,Unknown
2010.01.09.c,2010,VIETNAM,Binh Dinh Province,Quy Nhon ,Unknown,F,Unknown,Unknown,N,Unknown,Unknown
2016.10.01,2016,USA,Florida,"New Smyrna Beach, Volusia County",Surfng,M,32,Unknown,N,17,Unknown
1959.00.00.d,1959,PAPUA NEW GUINEA,West New Britain Province,"Poi, Kombe Talasea",Spear fishing,M,Unknown,Unknown,N,Unknown,Unknown
1959.00.00.c,1959,PAPUA NEW GUINEA,West New Britain Province,"Kalapiai, Kombe",Fishing,M,Unknown,Unknown,N,Unknown,Unknown
1911.01.04,1911,AUSTRALIA,Western Australia,Off Legendre Island,3-masted steel barque Glenbank foundered during a cyclone,M,22,Unknown,N,Unknown,Unknown
1995.06.24,1995,USA,California,"LaJolla Shores, San Diego County",Kayaking,F,Unknown,Unknown,N,Unknown,white shark
1957.04.23,1957,AUSTRALIA,New South Wales,"Merewether Beach, Newcastle",Surfing,M,15,Unknown,N,Unknown,wobbegong shark
1981.06.15.R,1981,ENGLAND,Unknown,Isle of Wight,Fishing,M,Unknown,no injury,N,Unknown,thresher shark
2006.07.31.R,2006,USA,Kentucky,"Newport Aquarium, Newport",Touching sharks,Unknown,Unknown,Unknown,N,Unknown,cat shark
2006.12.10,2006,USA,California,"Dillon Beach, Marin County",Surfing,M,43,no injury,N,11,white shark
2014.07.20,2014,SPAIN,Canary Islands,"Teresita, Santa Cruz, Tenerife",Wading,Unknown,Unknown,Unknown,N,Unknown,angel shark
2009.03.17.R,2009,MALAYSIA,Strait of Malacca,Pulau Payar Island,Feeding fish,F,Unknown,Unknown,N,Unknown,blacktip shark
1970.00.00.g,1970,SPAIN,Canary Islands,"Icod de los Vinos, Tenerife",Spearfishing,M,Unknown,Unknown,N,Unknown,blue shark
2008.07.26.a,2008,USA,Hawaii,"Honokowai, Maui",Swimming,M,Unknown,Unknown,N,15,caribbean reef shark
2014.04.24,2014,AUSTRALIA,Western Australia,"South Passage, south of Coral Bay",Spearfishing,M,Unknown,Unknown,N,Unknown,caribbean reef shark
2012.06.14.c,2012,USA,South Carolina,"Myrtle Beach, Horry County",Swimming,M,Unknown,Unknown,N,15,Unknown
2008.03.15,2008,USA,Florida,"Lovers Key State Park, Bonita Springs, Lee County",Jet skiing,M,8,Unknown,N,15,Unknown
1995.11.25.b,1995,USA,Hawaii,"Ha'ena, Kaua'i",Unknown,M,Unknown,Unknown,N,Unknown,Unknown
2016.06.27,2016,USA,South Carolina,Sullivan's Island,Unknown,M,35,Unknown,N,16,Unknown
2015.10.30,2015,AUSTRALIA,Western Australia,Bald Island,Spearfishing,M,50,Unknown,N,Unknown,Unknown
2012.06.22.a,2012,USA,Florida,"Bathtub Reef  Beach, Stuart, Martin County",Swimming,M,12,Unknown,N,16,Unknown
1981.00.00.a,1981,GREECE,Pagasitikos Gulf,Unknown,"Free diving / spearfishing, ",M,Unknown,Unknown,N,Unknown,Unknown
2001.07.25,2001,USA,Florida,"Taverniier, Monroe County",Unknown,M,Unknown,Unknown,N,16,Unknown
1990.08.19.a,1990,USA,Texas,"Near Port Aransas, Nueces County",Wade fishing,M,18,Unknown,N,13,Unknown
1965.06.00.b,1965,PAPUA NEW GUINEA,Near Bougainville (North Solomons),Huhunoti Island,Spearfishing,M,Unknown,Unknown,N,Unknown,Unknown
1965.05.00.b,1965,JAMAICA,Unknown,Unknown,Diving,M,Unknown,Unknown,N,Unknown,Unknown
1930.08.31,1930,AUSTRALIA,Western Australia,Geraldton,Fishing,M,17,Unknown,N,15,Unknown
1955.09.03,1955,USA,California,"Venice Beach, Los Angeles County",Unknown,M,Unknown,Unknown,N,Unknown,Unknown
1931.09.21.b,1931,USA,Florida,"Municipal Beach, West Palm Beach, Palm Beach County",Swimming,M,Unknown,Unknown,N,Unknown,Unknown
1931.08.18,1931,USA,Texas,Off Brownsville,Swimming,M,Unknown,Unknown,N,Unknown,Unknown
ND-0148,2009,USA,South Carolina,Charleston,Swimming,M,Unknown,Unknown,N,Unknown,Unknown
2006.07.31.a,2006,USA,Oregon,Oswald State Park,Surfing,M,41,Unknown,N,16,white shark
1969.01.00,1969,AUSTRALIA,Victoria,Port MacDonnel,Unknown,M,Unknown,Unknown,N,Unknown,carpet shark
1991.04.16.b,1991,USA,Maryland,Baltimore Aquarium,Diving,Unknown,Unknown,Unknown,N,9,Unknown
2007.08.22,2007,USA,North Carolina,North Carolina Aquarium at Fort Fisher,Diving,M,Unknown,Unknown,N,Unknown,sand shark
1864.01.02,1864,NEW ZEALAND,North Island,"Brickfield Bay, Auckland Harbour",Standing / Bathing,M,Unknown,buttock,N,Unknown,Unknown
2015.08.18.a,2015,SPAIN,Alicante,"Poniente Beach, Benidorm",Swimming,M,10,Unknown,N,11,Unknown
1944.05.24.R,1944,SAMOA,Unknown,Unknown,Unknown,Unknown,Unknown,Unknown,N,Unknown,Unknown
1992.10.15,1992,AUSTRALIA,New South Wales,Avalon Beach,Scuba diving,M,Unknown,Unknown,N,Unknown,sandtiger shark
1916.03.19,1916,AUSTRALIA,New South Wales,Curl Curl,Bathing,M,Unknown,heel,N,15,Unknown
2011.04.22,2011,USA,Florida,"New Smyrna Beach, Volusia County",Surfing ,M,49,Unknown,N,15,Unknown
2009.04.11,2009,USA,Hawaii,Kona,Spearfishing,M,49,Unknown,N,Unknown,Unknown
2014.07.13,2014,BAHAMAS,West End,Tiger Beach,Shark diving,M,63,Unknown,Y,21,Unknown
1993.05.00.b,1993,HONG KONG,"On the Kowloon penisula, south of Sai Kung",Silverstrand,Unknown,F,Unknown,Unknown,Y,Unknown,Unknown
1977.05.16,1977,AUSTRALIA,Queensland,Southport,Unknown,M,Unknown,Unknown,N,Unknown,Unknown
1974.09.01,1974,AUSTRALIA,Queensland,"Junpinpin, off Stradbroke Island",3.3 m fishing boat sank. Treveluwe & Peter Hodgson (wearing lifejackets) were drifting in the current,M,30,Unknown,N,Unknown,Unknown
1976.11.26,1976,AUSTRALIA,Queensland,Southport Bar,Unknown,Unknown,Unknown,Unknown,Y,Unknown,Unknown
1998.01.28.R ,1998,AUSTRALIA,New South Wales,Whale Beach,Spearfishing,M,31,Unknown,Y,20,Unknown
2000.11.20,2000,AUSTRALIA,South Australia,Ceduna,Shipwrecked,M,47,Unknown,Y,Unknown,Unknown
1944.10.24,1944,HONG KONG,Unknown,225 miles east of Hong Kong,Japanese POW ship Arisan Maru with 1800 American prisoners of war on board bound for slave labor camps was torpedoed by an American submarine,M,Unknown,Unknown,Y,17,Unknown
1999.03.14.b,1999,NEW CALEDONIA,Loyalty Islands,Ouvea,Spearfishing,M,Unknown,Unknown,N,9,Unknown
1989.08.22.a,1989,SOUTH AFRICA,Western Cape Province,Mossel Bay,Surfing,M,21,Unknown,N,10,white shark
1931.07.28.R,1931,FIJI,Viti Levu Island,Tamavua River,Swimming,M,Unknown,Unknown,N,Unknown,Unknown
1899.06.07,1899,ITALY,Calabria,Bagnara Calabra,Fishing,M,Unknown,no injury,N,Unknown,Unknown
1952.08.05,1952,ITALY,Teramo,Giulianova,Fishing,Unknown,19,Unknown,Y,2,Unknown
1969.06.12,1969,JAMAICA,Clarendon,Off Rocky Point,Diving,M,27,Unknown,N,9,Unknown
1865.09.02,1865,USA,New York,"Greenport Sound, Long Island",Swimming alongside the schooner Catherine Wilcox,M,17,Unknown,N,9,Unknown
1960.04.30,1960,SOUTH AFRICA,KwaZulu-Natal,Amanzimtoti,Treading water,M,16,Unknown,N,15,white shark
1979.11.27,1979,USA,Oregon,"Haystack Rock, Cannon Beach, Clatsop County",Surfing,M,20,Unknown,N,10,white shark
1959.09.27,1959,BERMUDA,Hamilton,Astwood's Cove,Unknown,F,29,Unknown,Y,Unknown,Unknown
1957.11.08,1957,PACIFIC OCEAN,"1,000 miles east of Hawaii",Unknown,Air/Sea Disaster Pan-American Airlines Stratocruiser with 44 people onboard crashed into the sea,Unknown,Unknown,Unknown,N,Unknown,Unknown
1959.08.20,1959,PHILIPPINES,North Palawan,Cabuli Island,The 240-ton motor vessel Pilar II with 100 people on board capsized in high winds & rough seas,M,10,Unknown,Y,4,Unknown
1961.04.14,1961,AUSTRALIA,New South Wales,10 miles off Nambucca Heads  onboard trawler,"Checking fish traps, fell into the water",M,40,neck,N,21,gummy shark
2013.01.25,2013,AUSTRALIA,Queensland,Noosa,Surfing,M,Unknown,neck,N,Unknown,Unknown
1977.01.00,1977,MEXICO,Guerrero,La Playa Hornos (near Acapulco),Swimming,M,Unknown,neck,Y,14,Unknown
2011.10.29.,2011,USA,California,"Marina State Beach, Monterey County",Surfing,M,27,neck,N,Unknown,white shark
2013.03.31,2013,AUSTRALIA,New South Wales,Terrigal Beach,Surfing,M,47,Unknown,N,Unknown,Unknown
1981.03.08,1981,BERMUDA,Unknown,Unknown,Foundering of the Israeli freighter Mezada,Unknown,Unknown,Unknown,N,Unknown,Unknown
2017.01.08.R,2017,AUSTRALIA,Queensland,Unknown,Spearfishing,M,35,Unknown,N,Unknown,bull shark
1989.12.03,1989,AUSTRALIA,Northern Territory,Gove Peninsula near Darwin,Unknown,M,17,Unknown,Unknown,Unknown,tiger shark
1836.00.00.a,1836,AUSTRALIA,South Australia,Unknown,Unknown,Unknown,Unknown,Unknown,Unknown,Unknown,Unknown
1967.09.07.b,1967,PAPUA NEW GUINEA,New Ireland Province,Unknown,Diving,Unknown,Unknown,Unknown,Unknown,Unknown,Unknown
1959.09.30,1959,PHILIPPINES,Leyte Island,Luang Dulag,Swimming ,M,28,Unknown,N,Unknown,Unknown
2012.10.07,2012,USA,California,"Davenport Landing, Santa Cruz County",Windsurfing,M,42,no injury,N,18,Unknown
1879.09.22,1879,SPAIN,Valencia,Castellon de la Plana,Fishing,Unknown,Unknown,no injury,N,Unknown,Unknown
1907.09.18.R,1907,ENGLAND,English Channel,Unknown,Swimming,M,Unknown,no injury,N,Unknown,Unknown
2005.09.23,2005,AUSTRALIA,Western Australia,"Scarborough Beach, Perth",Surfing,M,44,no injury,N,9,copper shark
2008.06.21,2008,USA,California,"West Cove, Catalina Island",Kayaking,F,40,no injury,N,9,white shark
1966.09.18,1966,AUSTRALIA,Western Australia,"Little Beach Reef, Bremer Bay",Spearfishing,M,Unknown,no injury,N,Unknown,Unknown
1966.09.00,1966,BAHAMAS,Bimini Islands,Tongue of the Ocean,Diving / UW photography,M,Unknown,no injury,N,Unknown,Unknown
ND.0081,1963,USA,Hawaii,"Portlock, Oahu",Diving,M,Unknown,no injury,N,Unknown,Unknown
2007.01.25.a,2007,USA,Florida,100 miles off Ft. Myers Beach,Shrimping,Unknown,Unknown,no injury,N,3,Unknown
1942.01.00,1942,AUSTRALIA,New South Wales,"Fairy Bower, near North Steyne",Surf-skiing,M,Unknown,no injury,N,Unknown,Unknown
2016.03.13,2016,USA,California,"Bolsa Chica State Park, Orange County",Surfing,Unknown,Unknown,no injury,N,9,Unknown
2014.03.13,2014,CAYMAN ISLANDS,Unknown,Unknown,Scuba diving / culling lionfish,M,Unknown,no injury,N,Unknown,Unknown
1957.07.24,1957,USA,California,"La Jolla, San Diego County",Spearfishing on Scuba,M,Unknown,no injury,N,Unknown,white shark
2016.04.07.a,2016,USA,Florida,"Corners Beach, Jupiter, Palm Beach County",SUP,M,Unknown,no injury,N,Unknown,Unknown
1985.09.28,1985,USA,California,"Elephant Rock near Tomales Point, Marin County",Free diving & spearfishing (descending),M,Unknown,no injury,N,Unknown,white shark
2014.10.11,2014,AUSTRALIA,Western Australia,"Castle Rock, north of Dunsborough",Kayaking,M,Unknown,no injury,N,17,Unknown
1983.05.24,1983,USA,Florida," Riviera Beach, Palm Beach County",Surfing,M,15,no injury,N,Unknown,Unknown
1916.07.13.b,1916,USA,New York,"Sheepshead Bay, Brooklyn",Swimming,F,Unknown,no injury,N,10,Unknown
1907.10.12,1907,HAITI,Tiburon Peninsula,Aux Cayes (now Les Cayes),Reached out to disentangle rope & fell overboard,M,Unknown,no injury,N,Unknown,Unknown
1966.08.27.b,1966,SOUTH AFRICA,KwaZulu-Natal,Durban,Netting sharks,M,Unknown,no injury,N,Unknown,Unknown
1966.08.00.b,1966,USA,Delaware,Fenwick Island,Spearfishing on Scuba,M,26,no injury,N,17,Unknown
1960.00.00.g,1960,SRI LANKA,Eastern  Province,Pigeon Island,Spearfishing,M,Unknown,no injury,N,Unknown,blacktip shark
1939.11.23,1939,AUSTRALIA,New South Wales,Wollongong,Unknown,Unknown,Unknown,no injury,N,Unknown,blue pointer shark
2000.11.10,2000,USA,Florida,"Vaughn Beach, Flagler County",Walking,F,27,no injury,N,Unknown,bull shark
2004.03.22,2004,NEW ZEALAND,North Island,Te Arai Point,Spearfishing,M,Unknown,no injury,N,12,copper shark
1965.12.19,1965,JOHNSTON ISLAND,Unknown,Unknown,Freediving,M,Unknown,no injury,N,14,grey reef shark
1964.02.00.b,1964,USA,Florida,Palm Beach County,Floating,M,12,no injury,N,Unknown,hammerhead shark
1964.05.30,1964,PANAMA,Caribbean Coast,Unknown,Standing,M,47,no injury,N,Unknown,lemon shark
1967.12.21.R,1967,PAPUA NEW GUINEA,Central Province,Port Moresby,Spearfishing,M,32,no injury,N,Unknown,mako shark
1966.09.10,1966,AUSTRALIA,Western Australia,Roe Reef off Rottnest Island,Spearfishing,M,43,no injury,N,12,mako shark
2001.10.07,2001,SOUTH AFRICA,KwaZulu-Natal,Salt Rock ,Kite-Boarding,M,Unknown,no injury,N,Unknown,mako shark
2004.12.26,2004,SRI LANKA,Eastern Province,Pasikudha,"Swept out to sea by the tsunami, she clung  to a log for 24 hours",F,11,no injury,N,Unknown,Unknown
2000.12.05,2000,CANADA,New Brunswick,Bay of Fundy,Diving for sea urchins,M,30,no injury,N,Unknown,porbeagle
1994.11.25.a,1994,SOUTH AFRICA,Western Cape Province,Mossel Bay,Spearfishing,M,Unknown,no injury,N,Unknown,sandtiger shark
1959.09.02,1959,USA,New York,"Oak Beach, Fire Inlet",On inflatable raft,M,Unknown,no injury,N,Unknown,sand shark
1961.02.01.a,1961,AUSTRALIA,Western Australia,Carnac Island,Collecting crayfish,M,Unknown,no injury,N,Unknown,sandtiger shark
1959.08.30,1959,AUSTRALIA,Tasmania,Unknown,Swimming,M,Unknown,no injury,N,Unknown,sandtiger shark
1999.03.18.R,1999,NEW ZEALAND,South Island,Codfish Island (Whenua Hau) west of Stewart Island,Spearfishing & diving for paua,M,Unknown,no injury,N,Unknown,sevengill shark
1894.08.21,1894,USA,New York,"Woolsey's Point, East River",Swimming,F,Unknown,no injury,Unknown,Unknown,shovelnose guitarfish
2016.01.23,2016,USA,Hawaii,"Wailea Beach, Maui",Paddle boarding,M,48,no injury,N,9,tiger shark
2000.03.14,2000,AUSTRALIA,New South Wales,"McMasters Beach, Central Coast",Surfing,M,Unknown,no injury,N,19,tiger shark
2012.12.19,2012,AUSTRALIA,Western Australia,Trigg Beach,Surfing,M,32,no injury,N,20,tiger shark
1969.04.22,1969,AUSTRALIA,New South Wales,"Kingscliffe Beach, south of Tweed Heads",Netting pilchards,M,Unknown,no injury,N,Unknown,Unknown
1959.08.15.b,1959,USA,Florida,"Panama City, Bay County",Diving,M,21,no injury,N,Unknown,Unknown
2007.01.07,2007,USA,New York,"Smith Point, Long Island",Surfing,M,54,no injury,N,14,Unknown
1953.08.00,1953,MEXICO,Guerrero,Acapulco,Free diving,M,19,no injury,N,17,Unknown
1894.07.15.R,1894,FRANCE,Provence,"la Badine, Hyï¿½ï¿",Fishing,M,Unknown,no injury,Y,Unknown,Unknown
2011.10.10,2011,USA,Oregon,Seaside,Surfing,M,Unknown,no injury,N,Unknown,Unknown
1900.00.00.R,1919,ITALY,Unknown,Savona,Fishing,M,Unknown,no injury,N,Unknown,Unknown
1949.08.17,1949,ITALY,Tuscany,Elba Island,Swimming,M,17,no injury,N,Unknown,Unknown
2004.05.28,2004,USA,California,"Salmon Creek, Sonoma County",Surfing,M,44,no injury,N,11,Unknown
1926.07.03,1926,SPAIN,Sants-Montjic,"Casa Antunez Beach, Barcelona",Bathing,M,Unknown,no injury,N,Unknown,Unknown
2002.09.21.a,2002,USA,California,"Moonstone Beach, Humboldt County",Surfing,M,35,no injury,N,7,Unknown
2009.08.30,2009,USA,California,"Huntington Beach, Orange County",Surfing,M,Unknown,no injury,N,18,Unknown
1962.07.03.R,1962,GREECE,Cyclades,Near Mykonos Island,Unknown,Unknown,Unknown,no injury,N,Unknown,Unknown
1939.01.12,1939,AUSTRALIA,New South Wales,Clarence River,Scooping prawns,M,11,no injury,N,Unknown,Unknown
1942.00.00.g,1942,SOUTH AFRICA,Western Cape Province,Simon's Bay,Unknown,Unknown,Unknown,no injury,N,Unknown,Unknown
1995.08.21,1995,USA,North Carolina,Cape Lookout Bight,Diving,Unknown,Unknown,no injury,N,Unknown,Unknown
2005.05.02.R,2005,USA,South Carolina,Off Sullivans Island,Sea Disaster,M,15,no injury,N,Unknown,Unknown
1968.07.00,1968,MEXICO,Baja California,Unknown,Unknown,M,43,no injury,N,15,Unknown
2016.01.25,2016,USA,Hawaii,"Hanalei Bay, Kauai, ",Surfing,F,15,no injury,N,11,Unknown
2000.07.15.a,2000,SOUTH AFRICA,KwaZulu-Natal,South of Durban,Surfing,M,Unknown,no injury,N,18,Unknown
2011.07.15,2011,REUNION,Saint-Gilles,Brisants. ,Kayaking or Wave skiing,M,Unknown,no injury,N,17,Unknown
2009.04.25.R,2009,USA,California,"San Onofre State Beach, San Diego County",Surfing,M,Unknown,no injury,N,10,Unknown
1979.03.01,1979,SOUTH AFRICA,Western Cape Province,Seal Island,Unknown,Unknown,Unknown,no injury,N,Unknown,Unknown
1968.12.29,1968,SOUTH AFRICA,KwaZulu-Natal,Port St. John's,Freediving,M,Unknown,no injury,N,Unknown,Unknown
1968.12.00,1968,SOUTH AFRICA,KwaZulu-Natal,Unknown,Unknown,M,30,no injury,N,Unknown,Unknown
1955.08.00.c,1955,NORTH ATLANTIC OCEAN ,Open sea,Unknown,Treading water,M,15,no injury,N,12,Unknown
1968.02.00,1968,MOZAMBIQUE,Unknown,Unknown,Diving,Unknown,24,no injury,N,Unknown,Unknown
1969.06.00,1969,USA,Florida,Sarasota County,Wading,M,8,no injury,N,20,Unknown
1963.11.16.R,1963,ITALY,Sicily,Off Mondello Lighthouse,Spearfishing,M,28,no injury,N,Unknown,Unknown
1958.10.05,1958,USA,Florida,"Baker's Haulover, Miami Beach",Unknown,M,60,no injury,N,Unknown,Unknown
1968.03.00,1968,USA,Florida,Florida Keys,Treading water,M,28,no injury,N,21,Unknown
1953.09.20.R,1953,USA,California,"Santa Catalina Island, Los Angeles County",Scuba diving,M,Unknown,no injury,N,Unknown,Unknown
1851.12.15.R,1951,MOZAMBIQUE,Sofala Province,Beira,Swimming,M,Unknown,no injury,N,Unknown,Unknown
1951.08.16.R,1951,ITALY,Taranto,Torre Colimena,Diving (Hookah),M,Unknown,no injury,N,Unknown,Unknown
1937.07.06,1937,ITALY,Liguria,Borgeo Verezzi,Unknown,Unknown,Unknown,no injury,N,Unknown,Unknown
1934.01.08.R,1934,TURKEY,Istanbul,"Haydarpasa jetty, Istanbul",Fishing,M,Unknown,no injury,N,Unknown,Unknown
1910.03.00,1910,USA,Hawaii,"Pearl Harbor, O'ahu","Hard hat diving, laying some charge of powder",M,Unknown,no injury,N,Unknown,Unknown
1904.07.28,1904,USA,New Jersey,"Shrewsbury River,  Monmouth County",Sailing,M,Unknown,no injury,N,Unknown,Unknown
1900.09.13,1900,USA,Rhode Island,Coddington Cove,Diving,M,Unknown,no injury,Unknown,Unknown,Unknown
1872.08.07.R,1872,CROATIA,Unknown,Fiume,Fishing,M,Unknown,no injury,N,Unknown,Unknown
1803.05.17,1803,USA,South Carolina,Off Charleston,Sea Disaster,M,Unknown,no injury,N,Unknown,Unknown
ND.0048,1956,KIRIBATI,Phoenix Islands,Canton Island,Diving,M,Unknown,no injury,N,Unknown,Unknown
2015.07.19,2015,SOUTH AFRICA,Eastern Cape Province,Jeffrey's Bay,Surfing,M,34,no injury,N,Unknown,white shark
1980.10.17,1980,USA,California,"Moonstone Beach, Humboldt County",Surfing,M,19,no injury,N,9,white shark
2008.06.26.R,2008,SOUTH AFRICA,Western Cape Province,Struis Bay,Spearfishing (free diving),M,Unknown,no injury,N,Unknown,white shark
2007.05.09.R,2007,SEYCHELLES,Bird Island,Unknown,Snorkeling,M,Unknown,no injury,N,Unknown,white shark
1969.10.14,1969,USA,Hawaii,Hawaii,Diving,M,Unknown,no injury,N,9,white shark
2004.10.30.x,2004,NEW ZEALAND,North Island,Whangarei,Unknown,Unknown,Unknown,no injury,N,Unknown,white shark
1998.11.05,1998,USA,Oregon,Winchester Bay,Surfing,M,32,no injury,N,Unknown,white shark
1988.04.24,1988,USA,California,"North of Morro Rock, San Luis Obispo County",Surfing,M,Unknown,no injury,N,Unknown,white shark
1987.00.00.a,1987,ITALY,Tyrrhenian Sea,"Marciana Marina, Isola d'Elba",Boat,M,Unknown,no injury,N,Unknown,white shark
1984.12.03,1984,ITALY,Tyrrhenian Sea,"Marciana Marina, Isola d'Elba",Boat,Unknown,Unknown,no injury,N,Unknown,white shark
1982.00.00.b,1982,ITALY,Tyrrhenian Sea,"Biodola, Isola d'Elba",Fishing on a boat,M,Unknown,no injury,N,Unknown,white shark
1970.00.00.f,1970,ITALY,Sardinia,Golfo di Oristano,Fishing on a boat,M,Unknown,no injury,N,Unknown,white shark
1962.08.00.b,1962,ITALY,Tyrrhenian Sea,"Circeo, Secca del Faro",Diving,M,Unknown,no injury,N,Unknown,white shark
1950.05.01,1950,ITALY,Tyrrhenian Sea,"Sprizze, Isola d'Elba",Fishing on a boat,M,Unknown,no injury,N,Unknown,white shark
2005.10.21,2005,USA,California,"Klamath River mouth, Del Norte County",Surfing,M,36,no injury,N,11,white shark
2002.09.13,2002,SOUTH AFRICA,Western Cape Province,"Glencairn, False Bay",Surf skiing,M,47,no injury,N,16,white shark
1964.01.00,1964,NEW ZEALAND,North Island,White Island,Snorkeling,M,Unknown,no injury,N,7,white shark
2000.09.29,2000,USA,California,"Mavericks, Half Moon Bay, San Mateo County",Sitting on surfboard,M,Unknown,no injury,N,9,white shark
1974.09.00,1974,USA,Oregon,Myers Creek,Surfing,M,24,no injury,N,9,white shark
1978.09.16,1978,ITALY,Tyrrhenian Sea,Capo d'Anzio,Diving,M,Unknown,no injury,N,11,white shark
2005.10.11,2005,GRAND CAYMAN,East Wall,Jack McKenney's Canyon,Scuba diving,F,57,no injury,N,15,caribbean reef shark
"1962,08.30.b",1962,TURKEY,Antalya Province,Ucagiz,Unknown,M,Unknown,no injury,N,Unknown,Unknown
1996.09.01.a,1996,SOUTH AFRICA,KwaZulu-Natal,Hibberdene,Spearfishing,M,29,no injury,N,7,white shark
1855.00.00,1855,AUSTRALIA,New South Wales,Sydney Harbor,Swimming ,M,Unknown,no injury,N,Unknown,Unknown
2013.08.13,2013,USA,Hawaii,"Ka'a Point, Maui",Kiteboarding,F,19,no injury,N,13,Unknown
1819.07.08.R,1819,SPAIN,Unknown,Cadiz,Unknown,M,Unknown,no injury,N,Unknown,Unknown
2015.03.26,2015,SOUTH AFRICA,Eastern Cape Province,Yellow Sands Point,Kayak Fishing,M,36,no injury,N,Unknown,white shark
2011.12.21.a,2011,SOUTH AFRICA,Eastern Cape Province,"Noordhoek, Port Elizabeth",Kayak Fishing,M,35,no injury,N,7,Unknown
2015.01.19.b,2015,USA,Florida,Off Panama City,Fishing,M,Unknown,no injury,N,Unknown,white shark
1930.05.11.R,1930,TURKEY,Unknown,Ye?ilkï¿,Fishing,M,Unknown,no injury,N,Unknown,Unknown
1925.09.03,1925,ENGLAND,Isle of Wight,Off Shanklin,Fishing,M,Unknown,no injury,N,8,Unknown
2016.06.15.a,2016,AUSTRALIA,Western Australia,Coral Bay,Spearfishing,M,19,no injury,N,Unknown,Unknown
2014.06.25,2014,BAHAMAS,Abaco Islands,Unknown,Spearfishing,M,42,no injury,N,13,caribbean reef shark
2001.09.30.a,2001,AUSTRALIA,Queensland,"Moreton Bay, NE of Brisbane ",Unknown,M,31,no injury,N,21,white shark
1950.00.00.g,1950,USA,Hawaii,"Waikiki, O'ahu",Spearfishing,M,Unknown,no injury,N,Unknown,white shark
1963.11.12,1963,USA,Florida,"8 miles south of Elliot Key, Miami-Dade County",Testing anti-shark cage,M,Unknown,no injury,N,11,silky shark
1992.03.08.b,1992,JAPAN,Ehime Prefecture,"Nagahama-cho, 40 km southwest of Matsuyama ","Fishing for yellowtail, Seriola quinqueradiata",Unknown,Unknown,no injury,N,10,Unknown
1930.03.07.R,1930,USA,Florida,70 miles off Tarpon Springs,Sponge diving,M,Unknown,no injury,N,Unknown,Unknown
1961.06.06.R,1961,USA,Florida,"Ponte Vedra Beach, St. Johns County",Spearfishing on Scuba,M,Unknown,no injury,N,Unknown,hammerhead shark
1956.03.00.b,1956,AUSTRALIA,Western Australia,Fremantle,Attempting to set underwater endurance record,M,21,no injury,N,Unknown,Unknown
2010.10.23.b,2010,USA,Maine,"Burnt Cove near Eastport, Washington County",Scuba diving,M,30,no injury,N,15,porbeagle
1964.02.10,1964,NEW ZEALAND,North Island,"West of Pukerua Bay, Wellington",Spearfishing,M,26,no injury,N,18,white shark
2000.03.00,2000,USA,Louisiana,Midnight Lump (38 miles offshore),Spearfishing,M,39,no injury,N,16,mako shark
2016.09.00,2016,MEXICO,Unknown,Guadalupe Island,Cage Diving,Unknown,Unknown,no injury,N,Unknown,white shark
1952.04.06,1952,AUSTRALIA,South Australia,Streaky Bay,Fishing for white sharks,Unknown,Unknown,no injury,N,9,white shark
1962.01.10,1962,AUSTRALIA,South Australia,Ceduna,Fishing for sharks,Unknown,Unknown,no injury,N,Unknown,white shark
1927.10.12,1927,AUSTRALIA,New South Wales,"Kiah Creek, Eden",Riding horseback across the creek,M,Unknown,no injury,N,Unknown,Unknown
1959.07.25.a,1959,USA,California,"Mission Beach, San Diego County",Unknown,Unknown,21,no injury,N,Unknown,hammerhead shark
2011.10.05,2011,REUNION,Unknown,Cap La Houssaye,Canoeing,M,51,no injury,N,10,Unknown
1949.00.00.g,1949,ITALY,Tyrrhenian Sea,San Vincenzo,"Fishing, on a boat",M,Unknown,no injury,N,Unknown,white shark
1923.00.00.c,1923,USA,New Jersey,"Sea Bright, Monmouth County",Fishing,M,Unknown,no injury,N,Unknown,Unknown
1974.02.00.b,1974,SOUTH AFRICA,Western Cape Province,Macassar,Fishing for red fish,Unknown,Unknown,no injury,N,Unknown,white shark
1961.10.00.b,1961,VANUATU,Shefa Province, Lelepa Island,Paddling outrigger canoe,M,Unknown,no injury,N,Unknown,Unknown
2014.10.19,2014,USA,California,"Leadbetter Beach, Santa Barbara County",Canoeing,F,Unknown,no injury,N,Unknown,Unknown
1964.07.00.a,1964,PAPUA NEW GUINEA,New Ireland Province,Southern end,canoeing,Unknown,Unknown,no injury,N,Unknown,Unknown
1961.07.07.b,1961,AUSTRALIA,Queensland,Cape Moreton,Shark fishing,Unknown,Unknown,no injury,N,Unknown,white shark
1964.07.08,1964,USA,Florida,"Palm Beach, Palm Beach County",Tagging sharks,M,Unknown,no injury,N,Unknown,white shark
1959.11.12.R,1959,AUSTRALIA,South Australia,Near Port Vincent,Shark fishing,Unknown,Unknown,no injury,N,Unknown,Unknown
1963.11.14,1963,AUSTRALIA,Queensland,Mermaid Beach,Catching sharks under government contract,M,Unknown,no injury,N,Unknown,white shark
1885.03.28,1885,SOUTH AFRICA,KwaZulu-Natal,Kokstad District,Fishing,M,Unknown,no injury,N,Unknown,Unknown
1962.10.14,1962,AUSTRALIA,South Australia,Port Phillip Bay,Adrift after wave swamped engine,M,Unknown,no injury,N,Unknown,sandtiger shark
1985.01.16,1985,NEW ZEALAND,South Island,Christchurch,Investigating shark sighting,Unknown,Unknown,no injury,N,Unknown,Unknown
1965.07.02.R,1965,BERMUDA,Hamilton,Unknown,Unknown,Unknown,Unknown,no injury,N,Unknown,Unknown
2008.11.09.b,2008,AUSTRALIA,South Australia,North Haven,Fishing,M,Unknown,no injury,N,Unknown,copper shark
1885.11.26.R,1885,AUSTRALIA,Queensland,Brisbane ,Unknown,Unknown,Unknown,no injury,N,Unknown,Unknown
2005.11.25.c,2005,AUSTRALIA,Victoria,"6 km off Collendina, south of Melbourne",Fishing,Unknown,Unknown,no injury,N,Unknown,white shark
1959.07.00.b,1959,NORTH ATLANTIC OCEAN,In the Gulf Stream ,Between Bimini & Miami,Unknown,Unknown,Unknown,no injury,N,Unknown,white shark
1964.11.05,1964,USA,Puerto Rico,Unknown,Longline fishing,Unknown,Unknown,no injury,N,18,mako shark
1950.00.00.m,1950,AUSTRALIA,Tasmania,Triabunna,Sitting on side of dinghy mending a net,M,Unknown,no injury,N,Unknown,white shark
1953.01.08,1953,AUSTRALIA,Tasmania,Wynyard,Fishing,Unknown,Unknown,no injury,N,15,Unknown
1958.11.05,1958,USA,California,"Pacific Beach, San Diego County",Fishing,Unknown,Unknown,no injury,N,Unknown,white shark
1962.06.07,1962,AUSTRALIA,Western Australia,Emu Point,Fishing,Unknown,Unknown,no injury,N,7,Unknown
1943.06.16,1943,AUSTRALIA,Tasmania,Triabunna,Fishing for cod,M,18,no injury,N,Unknown,white shark
2000.10.29,2000,AUSTRALIA,Queensland,Peel Island,Fishing ,Unknown,31,no injury,N,22,white shark
1974.03.00,1974,SOUTH AFRICA,Western Cape Province,Macassar,Fishing for kob,Unknown,Unknown,no injury,N,Unknown,white shark
1963.01.22,1963,SOUTH AFRICA,Western Cape Province,False Bay,Fishing ,Unknown,Unknown,no injury,N,Unknown,Unknown
1964.06.17,1964,PAPUA NEW GUINEA,New Britain,Near Rabaul,Fishing,M,Unknown,no injury,N,Unknown,Unknown
1959.07.23.b,1959,USA,California,"Off La Jolla Cove, San Diego County",Fishing,Unknown,Unknown,no injury,N,Unknown,hammerhead shark
1960.01.07,1960,AUSTRALIA,Tasmania,Eaglehawk Neck,Setting crayfish pots,Unknown,Unknown,no injury,N,9,Unknown
1985.07.21,1985,USA,California,"Off Shelter Cover (between Fort Bragg & Eureka), Humboldt County",Bottom fishing for lingcod & had hooked a fish,Unknown,Unknown,no injury,N,Unknown,white shark
1939.00.00.d,1939,BAHAMAS,Andros Islands,Middle Bight,Fishing,Unknown,Unknown,no injury,N,Unknown,tiger shark
2009.01.24.c,2009,NEW ZEALAND,North Island,Alderman Islands,Fishing,Unknown,Unknown,no injury,N,19,Unknown
1959.12.03,1959,NEW ZEALAND,North Island,Moko Hinau ,Fishing for snapper,M,Unknown,no injury,N,14,mako shark
1984.03.10,1984,SOUTH AFRICA,Eastern Cape Province,Swartkops River mouth,Rowing,M,Unknown,no injury,N,Unknown,Unknown
1840.02.00,1840,AUSTRALIA,Tasmania,George Town Cove,Sailing,Unknown,Unknown,no injury,N,Unknown,Unknown
1959.09.11,1959,USA,California,"Between False Klamath & mouth of Klamath River, Del Norte County",Pulling hooked salmon to boat,Unknown,Unknown,no injury,N,15,white shark
1957.00.00.h,1957,CUBA,Havana Province,Cojimar,Fishing,Unknown,Unknown,no injury,N,Unknown,Unknown
1961.00.00.e,1961,AUSTRALIA,New South Wales,South coast,Fishing for mackerel,Unknown,Unknown,no injury,N,Unknown,Unknown
2014.10.03.a,2014,USA,California,Santa Barbara County,Kayaking ,M,Unknown,no injury,N,11,white shark
2014.10.03.b,2014,USA,California,Santa Barbara County,Kayaking,M,Unknown,no injury,N,14,white shark
1953.04.07,1953,AUSTRALIA,New South Wales,1.5 miles off shore,Unknown,Unknown,Unknown,no injury,N,Unknown,Unknown
2015.07.23.b,2015,USA,California,"La Jolla, San Diego County",Kayak Fishing,M,31,no injury,N,Unknown,mako shark
1936.12.19,1936,AUSTRALIA,Queensland,Brisbane River,Sculling,Unknown,Unknown,no injury,N,Unknown,Unknown
2010.11.12.R,2010,AUSTRALIA,Western Australia,Between Carnac and Garden Islands,Fishing,M,Unknown,no injury,N,21,white shark
1966.08.28,1966,AUSTRALIA,Northern Territory,Darwin Harbour,Unknown,M,Unknown,no injury,N,Unknown,Unknown
1963.01.00,1963,MOZAMBIQUE,Unknown,"Limpopo River, 547 km from the sea",Unknown,Unknown,Unknown,no injury,N,Unknown,bull shark
1999.01.07,1999,NEW ZEALAND,North Island,"Papamoa, near Tauranga, Bay of Plenty",Inflatable boat,Unknown,Unknown,no injury,N,Unknown,Unknown
1977.12.00,1977,SOUTH AFRICA,Western Cape Province,"Macassar, False Bay",Fishing for bottom fish,Unknown,Unknown,no injury,N,Unknown,white shark
1991.07.30,1991,ITALY,Ligurian Sea,"Portofino, 20 miles offshore, Tigullio Bay, Santa Margherita Ligure (Liguria)",Canoeing,F,40,no injury,N,15,white shark
2000.00.00,2000,USA,Florida,"Boca Grande, Lee County",Fishing for tarpon,M,Unknown,no injury,N,Unknown,hammerhead shark
2006.02.01.a,2006,USA,Hawaii,"Off Pu'u Ola'l, Makena, Maui",Kayaking,M,57,no injury,N,15,Unknown
ND.0028,1938,ITALY,Adriatic Sea,Unknown,Wooden fishing boat,M,Unknown,no injury,N,Unknown,white shark
1961.12.19,1961,AUSTRALIA,South Australia,Cowell,"Fishing, hauling in a 5-lb snapper",Unknown,Unknown,no injury,N,Unknown,Unknown
2003.12.31,2003,SOUTH AFRICA,KwaZulu-Natal,Salt Rock ,Unknown,Unknown,Unknown,no injury,N,Unknown,mako shark
1926.07.12,1926,USA,New Jersey,20 miles off Seabright,Fishing,M,Unknown,no injury,N,Unknown,thresher shark
1959.12.29,1959,AUSTRALIA,Queensland,Scotts Point Beach ,Paddling,Unknown,Unknown,no injury,N,15,tiger shark
1935.01.24.a,1935,AUSTRALIA,Queensland,"Ross River, Townsville",Fishing for sharks,Unknown,Unknown,no injury,N,Unknown,Unknown
1887.03.12,1887,AUSTRALIA,South Australia,Black Point,Rowing a dinghy,Unknown,Unknown,no injury,N,Unknown,Unknown
2000.03.10,2000,AUSTRALIA,New South Wales,Parramatta River,Rowing,Unknown,Unknown,no injury,N,21,Unknown
1959.12.28,1959,AUSTRALIA,New South Wales,"Leichardt, Sydney",Fishing,Unknown,40,no injury,N,22,Unknown
2001.08.03,2001,ITALY,Unknown,Rimini,Fishing,Unknown,Unknown,no injury,N,Unknown,Unknown
1983.08.06,1983,USA,Rhode Island,Unknown,Fishing,Unknown,Unknown,no injury,N,Unknown,Unknown
1943.07.00.b,1943,PORTUGAL,Unknown,Sines,Fishing for mackerel,Unknown,Unknown,no injury,N,Unknown,Unknown
1804.02.26.R,1804,AUSTRALIA,New South Wales,"Georges Head, off Port Jackson",Unknown,Unknown,Unknown,no injury,N,Unknown,Unknown
2001.02.26,2001,AUSTRALIA,Western Australia,Albany (incident took place 200 metres from swimmers),Fishing for whiting,Unknown,Unknown,no injury,N,Unknown,white shark
2001.01.21 ,2001,AUSTRALIA,South Australia,Adelaide,Fishing,Unknown,Unknown,no injury,N,Unknown,white shark
2000.12.11,2000,AUSTRALIA,South Australia,"3 km off Port Victoria, Yorke Peninsula",Fishing for whiting,Unknown,Unknown,no injury,N,Unknown,white shark
1999.09.24,1999,ITALY,Adriatic Sea,San Benedetto,Fishing,Unknown,Unknown,no injury,N,Unknown,white shark
1950.07.27.R,1950,AUSTRALIA,South Australia,Streaky Bay,Fishing,Unknown,Unknown,no injury,N,Unknown,white shark
1934.08.27,1934,ITALY,Sicily,Catania,Fishing on a boat,M,Unknown,no injury,N,Unknown,white shark
2008.12.27.d,2008,AUSTRALIA,Tasmania,near Schouten Island,Yacht race,Unknown,Unknown,no injury,N,Unknown,Unknown
1964.02.01,1964,NEW ZEALAND,South Island,"Ngatuka Bay, near Picton",Rowing,Unknown,Unknown,no injury,N,12,Unknown
1913.12.30.R,1913,USA,Florida,"Palm Beach, Palm Beach County",Fishing for mackerel,Unknown,Unknown,no injury,N,Unknown,Unknown
1895.00.00.b,1895,AUSTRALIA,Western Australia,"Dampier's Creek, Broome",Unknown,Unknown,Unknown,no injury,N,Unknown,Unknown
1934.07.11,1934,AUSTRALIA,New South Wales,Cronulla,Fishing,Unknown,Unknown,no injury,N,Unknown,blue pointer shark
1967.06.00,1967,ITALY,Sicily,Stretto di Messina,Fishing boat,M,Unknown,no injury,N,Unknown,white shark
1955.02.00,1955,AUSTRALIA,New South Wales,Coffï¿½ï¿½ï¿½,Rowing toward snapper grounds,Unknown,Unknown,no injury,N,Unknown,Unknown
1976.01.13,1976,SOUTH AFRICA,Western Cape Province,Hartenbos,Shark fishing,Unknown,Unknown,no injury,N,Unknown,Unknown
2004.09.25,2004,AUSTRALIA,Queensland,Batt Reef,Spearfishing/ filming,Unknown,Unknown,no injury,N,12,tiger shark
2012.02.20,2012,SOUTH AFRICA,Western Cape Province,Strandfontein,Fishing,Unknown,Unknown,no injury,N,Unknown,white shark
2006.05.28,2006,USA,Hawaii,French Frigate Shoals,Tagging sharks,Unknown,Unknown,no injury,N,15,tiger shark
1987.03.30.a,1987,SOUTH AFRICA,Western Cape Province,Muizenberg,Unknown,Unknown,Unknown,no injury,N,Unknown,white shark
1948.00.00.a,1948,SOUTH AFRICA,Western Cape Province,False Bay,Fishing,Unknown,Unknown,no injury,N,Unknown,Unknown
1942.00.00.h,1942,SOUTH AFRICA,Western Cape Province,Simonï¿½ï¿½,Unknown,Unknown,Unknown,no injury,N,Unknown,Unknown
1999.02.26.R,1999,USA,North Carolina,Frying Pan Shoals,Cruising,Unknown,Unknown,no injury,N,Unknown,basking shark
2004.04.22,2004,NEW ZEALAND,North Island,Motunui,Fishing,Unknown,Unknown,no injury,N,Unknown,white shark
1927.07.03,1927,AUSTRALIA,New South Wales,Bellambi Reef,Unknown,Unknown,Unknown,no injury,N,Unknown,Unknown
2000.06.13,2000,USA,Florida,"Pensacola Bay, Escambia County",Sailing,Unknown,Unknown,no injury,N,14,bull shark
1956.08.00.c,1956,MALTA,Congreve Channel,between Filfla Island and Wied iz-Zurrieq,Fishing,Unknown,Unknown,no injury,N,Unknown,white shark
1964.10.25,1964,USA,Florida,"Near US Air Force Base at Elgin, Okaloosa County",Boat Miss Becky  sank 12 miles from shore,Unknown,Unknown,no injury,N,21,Unknown
1962.01.16,1962,NEW ZEALAND,South Island,"Pigeon Bay, Canterbury",Fishing,Unknown,Unknown,no injury,N,Unknown,Unknown
1962.04.20,1962,AUSTRALIA,Queensland,Nobbys Beach,Fishing,Unknown,Unknown,no injury,N,Unknown,copper shark
1962.01.02,1962,AUSTRALIA,New South Wales,"Seaspray, near Sale",Fishing,Unknown,Unknown,no injury,N,Unknown,Unknown
1990.05.13,1990,SOUTH AFRICA,KwaZulu-Natal,Protea Reef,Fishing,Unknown,Unknown,no injury,N,Unknown,Unknown
1936.08.11,1936,CANADA,Newfoundland,Georges Bank,Fishing for cod,Unknown,Unknown,no injury,N,Unknown,shovelnose guitarfish
1966.03.20,1966,AUSTRALIA,New South Wales,Maroubra,Fishing (big game),Unknown,Unknown,no injury,N,Unknown,white shark
1934.03.00,1934,AUSTRALIA,New South Wales,Cronulla,Fishing ,Unknown,Unknown,no injury,N,Unknown,mako shark
2014.02.17,2014,PAPUA NEW GUINEA,Unknown,Unknown,Sailing,M,21,no injury,N,21,Unknown
2003.11.06.a,2003,SOUTH AFRICA,KwaZulu-Natal,Karridene,Surf skiing,Unknown,Unknown,no injury,N,Unknown,white shark
2005.12.05.R,2005,AUSTRALIA,South Australia,"Middle Beach, 40 km north of Adelaide",Fishing,Unknown,Unknown,no injury,N,15,white shark
2009.12.20.b,2009,AUSTRALIA,Queensland,Mudjimba Island,Kayaking,M,Unknown,no injury,N,11,Unknown
1937.02.04,1937,AUSTRALIA,New South Wales, Botany Bay ,Fishing,Unknown,Unknown,no injury,N,3,Unknown
2005.01.14,2005,AUSTRALIA,Victoria,Blairgowrie,Attempting to drive shark away from sailing regatta,Unknown,Unknown,no injury,N,14,copper shark
1988.02.15,1988,SOUTH AFRICA,KwaZulu-Natal,"Brighton Beach, Durban",Unknown,Unknown,Unknown,no injury,N,Unknown,sandtiger shark
2008.01.14,2008,NEW ZEALAND,North Island,Omaha Beach,Attempting to chase shark out to sea,Unknown,Unknown,no injury,N,14,copper shark
1937.09.11,1937,SCOTLAND,Arran,Fallen Rocks,Fishing,Unknown,Unknown,no injury,N,Unknown,basking shark
1942.00.00.j,1942,AUSTRALIA,Tasmania,Off Big Friar Island,Fishing for perch,M,Unknown,no injury,N,Unknown,Unknown
1936.03.04.,1936,AUSTRALIA,Northern Territory,Between Cape Hotham & Darwin (50 miles from Darwin),Rowing ,Unknown,Unknown,no injury,N,Unknown,Unknown
1997.01.01,1997,AUSTRALIA,Victoria,"Seal Rocks, Phillip Island",Watching seals,Unknown,Unknown,no injury,N,Unknown,white shark
1962.01.07.b,1962,AUSTRALIA,Queensland,Dicky Beach,Rowing,Unknown,Unknown,no injury,N,Unknown,Unknown
1960.11.00.d,1960,SOUTH AFRICA,Western Cape Province,"5 km from Gordonï¿½ï¿½ï¿½ï¿½ï¿½ï¿",Hand lining for shad,Unknown,Unknown,no injury,N,Unknown,white shark
1994.01.12.R,1994,AUSTRALIA,Western Australia,Albany,Fishing,Unknown,Unknown,no injury,N,7,white shark
2003.09.14.b,2003,SOUTH AFRICA,Western Cape Province,Melkbosstrand,Fishing ,Unknown,31,no injury,N,9,cow shark
1924.03.24,1924,SPAIN,Galica,Sisargas Islands,Fishing,Unknown,Unknown,no injury,N,Unknown,Unknown
1923.10.17,1923,AUSTRALIA,New South Wales," Black Head, south of Taree",Fishing,Unknown,Unknown,no injury,N,Unknown,Unknown
1911.04.08.R,1911,NEW ZEALAND,Chatham Islands,Unknown,Fishing,Unknown,Unknown,no injury,N,Unknown,Unknown
1928.11.15.R,1928,INDIA,Unknown,Unknown,Unknown,M,24,no injury,N,Unknown,Unknown
1788.05.10,1788,AUSTRALIA,New South Wales,Sydney Harbor,Fishing,Unknown,Unknown,no injury,N,Unknown,Unknown
2014.04.12.R,2014,SOUTH AFRICA,Unknown,Unknown,Shark watching,Unknown,Unknown,no injury,N,Unknown,white shark
2009.03.01.b,2009,NEW ZEALAND,North Island,Taranaki,Fishing,M,Unknown,no injury,N,Unknown,Unknown
2013.01.26,2013,AUSTRALIA,Victoria,Cape Nelson,Fishing,M,Unknown,no injury,N,Unknown,white shark
2009.01.18,2009,AUSTRALIA,Victoria,Off Tower Hill,Fishing,M,Unknown,no injury,N,9,white shark
1976.03.12.a,1976,SOUTH AFRICA,Western Cape Province,Robberg Point,Fishing,Unknown,Unknown,no injury,N,Unknown,whale shark
1947.06.16,1947,AUSTRALIA,New South Wales,Coogee,Fishing,Unknown,Unknown,no injury,N,Unknown,tiger shark
ND-0107,2004,MOZAMBIQUE,Inhambane Province,Off Inhambane,Fishing,Unknown,Unknown,no injury,N,Unknown,whale shark
1932.07.02,1932,CANADA,Bay of Fundy,16 km west of Digby Gut,"Fishing, hauling in fishing gear",M,Unknown,no injury,N,Unknown,white shark
1959.07.30,1959,USA,California,"In kelp beds off La Jolla, San Diego County",Pulling anchor,Unknown,Unknown,no injury,N,16,white shark
1962.06.21,1962,SOUTH AFRICA,Western Cape Province,"Millers Point, False Bay","On a ""shark hunt""",Unknown,Unknown,no injury,N,21,Unknown
1964.06.24,1964,USA,California,"Long Beach, Los Angeles County",Fishing,Unknown,Unknown,no injury,N,Unknown,Unknown
1931.03.15,1931,TURKEY,Unknown,"Bakurkï¿½ï¿½ï¿½ï¿½",Fishing,Unknown,Unknown,no injury,N,Unknown,Unknown
1955.12.31,1955,AUSTRALIA,Tasmania,Unknown,Ocean racing,Unknown,Unknown,no injury,N,Unknown,Unknown
1902.08.24.R,1902,CROATIA,Istria County,Porec,Fishing,M,Unknown,no injury,N,Unknown,Unknown
1969.00.00,1969,BAHAMAS,Eleuthera,Unknown,Sight-seeing,Unknown,Unknown,no injury,N,Unknown,Unknown
2009.01.10.R,2009,NEW ZEALAND,North Island,Hawkes Bay,Fishing,Unknown,Unknown,no injury,N,Unknown,mako shark
1962.08.23,1962,SOUTH AFRICA,Western Cape Province,Robbesteen,Fishing,Unknown,Unknown,no injury,N,12,Unknown
1964.01.21,1964,SOUTH AFRICA,Western Cape Province,20 m from shore at Strand,Shark watching,Unknown,Unknown,no injury,N,11,white shark
1888.06.24,1888,AUSTRALIA,Victoria,Port Melbourne,Fishing,Unknown,Unknown,no injury,N,18,Unknown
1950.11.12,1950,AUSTRALIA,Queensland,Yeppoon,Paddling a canoe,M,18,no injury,N,Unknown,Unknown
2007.04.13.R,2007,USA,Florida,"Florida Keys, Monroe County",Fishing,Unknown,Unknown,no injury,N,Unknown,bull shark
1962.12.00,1962,SOUTH AFRICA,Western Cape Province,Swartklip,Fishing,Unknown,Unknown,no injury,N,Unknown,Unknown
2016.01.24.a,2016,UNITED ARAB EMIRATES,Fujairah Emirate,35 miles off Fujairah,Fishing,M,Unknown,no injury,N,Unknown,mako shark
1941.07.22,1941,USA,New Jersey,"Brielle, Monmouth County (Offshore)",Fishing for tuna,Unknown,Unknown,no injury,N,12,mako shark
1976.10.27,1976,SOUTH AFRICA,Western Cape Province,Gordonï¿½ï¿½,Boat,Unknown,Unknown,no injury,N,Unknown,white shark
1936.07.12,1936,USA,New Jersey,"Long Branch, Monmouth County (offshore)",Fishing for bluefish,Unknown,Unknown,no injury,N,15,blue shark
1960.01.21,1960,AUSTRALIA,South Australia,Millicent,Unknown,Unknown,Unknown,no injury,N,Unknown,blue pointer shark
2005.11.16.R,2005,NEW CALEDONIA,Unknown,Unknown,Unknown,Unknown,Unknown,no injury,N,Unknown,white shark
1947.11.23,1947,AUSTRALIA,South Australia,3 miles out to sea off Glenelg,Fishing,Unknown,Unknown,no injury,N,Unknown,Unknown
2014.00.00,2014,NEW ZEALAND,Unknown,Stewart Island,Filming a documentary,Unknown,Unknown,no injury,N,Unknown,white shark
1960.10.24,1960,SOUTH AFRICA,Western Cape Province,"Jacobs Bay Reef, Saldanha Bay",Fishing for rock lobsters,Unknown,Unknown,no injury,N,Unknown,white shark
1880.01.22,1880,AUSTRALIA,New South Wales,"Chowder Bay, Sydney",Fishing,Unknown,Unknown,no injury,N,13,Unknown
1923.06.06,1923,MEXICO,Vera Cruz,Outside Vera Cruz Harbor,Dismantling cable buoys of the cable ship All America,Unknown,Unknown,no injury,N,Unknown,Unknown
2005.12.20,2005,ATLANTIC OCEAN,600 nm west of the Canary Islands,Unknown,Competing in the Woodvale Atlantic Rowing Race,Unknown,Unknown,no injury,N,13,Unknown
1964.12.10.a,1964,AUSTRALIA,New South Wales,Port Jervis,Fishing,Unknown,Unknown,no injury,N,10,Unknown
1955.12.11,1955,USA,Florida,ý mile offshore & 9 miles north of Fort Pierce,Fishing for pompano,Unknown,Unknown,no injury,N,Unknown,Unknown
1886.02.13.R,1886,AUSTRALIA,Victoria,Mordialloc,Fishing,M,Unknown,no injury,N,Unknown,Unknown
1922.09.21.R,1922,USA,Massachusetts,Nahant,Fishing,Unknown,Unknown,no injury,N,Unknown,Unknown
1961.01.02.R,1961,AUSTRALIA,Tasmania,Off Tasman Island,Ocean racing,Unknown,Unknown,no injury,N,Unknown,Unknown
1946.00.00.c,1946,SOUTH AFRICA,Western Cape Province,Plettenberg Bay,Unknown,Unknown,Unknown,no injury,N,Unknown,Unknown
1961.01.25,1961,SOUTH AFRICA,Western Cape Province,Frikkies Bay,Fishing for kob,Unknown,Unknown,no injury,N,Unknown,Unknown
1966.07.02,1966,CARIBBEAN SEA,Unknown,Between USA & Cuba,Unknown,Unknown,Unknown,no injury,N,Unknown,Unknown
1868.01.04.R,1868,AUSTRALIA,South Australia,Belfast (now Port Fairy),Fishing,Unknown,Unknown,no injury,N,Unknown,Unknown
1962.08.26,1962,USA,Florida,6 miles north of Palm Beach,Unknown,Unknown,Unknown,no injury,N,Unknown,Unknown
2004.01.15.R,2004,SOUTH AFRICA,KwaZulu-Natal,Ballito,Surf skiing,M,Unknown,no injury,N,Unknown,mako shark
1942.00.00.c,1942,SOUTHWEST PACIFIC OCEAN,Unknown,Unknown,Ditched plane in the sea & were adrift on a rubber life raft. ,M,Unknown,no injury,N,Unknown,tiger shark
1960.09.18,1960,AUSTRALIA,Western Australia,Frenchman Bay,Unknown,Unknown,Unknown,no injury,N,Unknown,Unknown
1944.12.02,1944,USA,Florida,3 miles north of the inlet at Palm Beach,Fishing for mackerel,Unknown,Unknown,no injury,N,Unknown,tiger shark
1889.01.31.R,1889,USA,Florida,Hillsborough Bay,Fishing,Unknown,Unknown,no injury,N,Unknown,Unknown
1976.11.06,1976,SOUTH AFRICA,Western Cape Province,Macassar,Fishing for white shark,Unknown,Unknown,no injury,N,Unknown,white shark
1890.08.17.R,1890,USA,New Jersey,"Off Normandie-by-the-Sea, Monmouth County",Fishing for bluefish,Unknown,Unknown,no injury,N,Unknown,Unknown
1960.02.10.,1960,AUSTRALIA,New South Wales,Near Bondi Beach,Shark fishing,Unknown,Unknown,no injury,N,Unknown,tiger shark
1965.12.10,1965,AUSTRALIA,South Australia,Cape Jervis,Fishing,Unknown,Unknown,no injury,N,10,Unknown
1888.08.01.R,1888,USA,New York,Unknown,Sailing,Unknown,Unknown,no injury,N,Unknown,Unknown
1896.12.23,1896,AUSTRALIA,Victoria,Hobson's Bay,Fishing,M,Unknown,no injury,N,5,Unknown
1989.09.10,1989,USA,California,"Off Palos Verdes Estates, Los Angeles",Observing a shark feeding on a carcass of a humpback whale,Unknown,Unknown,no injury,N,Unknown,white shark
1986.07.26,1986,AUSTRALIA,Western Australia,3 km west of Rottnest Island,Fishing,Unknown,Unknown,no injury,N,Unknown,white shark
1899.00.00.b,1899,USA,Florida,St. John's River,Rowing,M,Unknown,no injury,N,Unknown,Unknown
2012.03.22,2012,AUSTRALIA,Western Australia,Kalbarri,Crayfishing,Unknown,Unknown,no injury,N,5,white shark
1946.04.00,1946,AUSTRALIA,South Australia,Port Newby,Fishing,Unknown,Unknown,no injury,N,Unknown,Unknown
1952.07.27.d,1952,USA,Florida,"Panacea, Wakulla County",Fishing for trout ,Unknown,Unknown,no injury,N,Unknown,hammerhead shark
1931.08.27,1931,USA,New Jersey,"1 mile ESE of Navesink, Monmouth County",Fishing for bluefish,Unknown,Unknown,no injury,N,Unknown,Unknown
1987.07.11,1987,USA,South Carolina,Winyah Bay,Dropping anchor,Unknown,Unknown,no injury,N,Unknown,Unknown
1962.03.25.a,1962,AUSTRALIA,New South Wales,Norah Head,Fishing & spearfishing,Unknown,Unknown,no injury,N,Unknown,copper shark
1933.02.14,1933,AUSTRALIA,South Australia,Adelaide,Unknown,Unknown,Unknown,no injury,N,Unknown,Unknown
1959.02.28,1959,AUSTRALIA,Victoria,Port Phillip Bay,Fishing for snapper,M,Unknown,no injury,N,Unknown,mako shark
1989.04.09,1989,USA,California,"Monterey Bay, Monterey County",Unknown,Unknown,Unknown,no injury,N,10,white shark
1993.08.14,1993,AUSTRALIA,Western Australia,Off Rottnest Island,Fishing,Unknown,Unknown,no injury,N,Unknown,white shark
1954.07.27,1954,ITALY,Venice Province,Off Chioggia,Fishing trawler Flavio Gioia ,M,Unknown,no injury,N,21,Unknown
1993.01.04,1993,CARIBBEAN SEA,Unknown,Off Dominican Republic,Unknown,M,31,no injury,N,Unknown,white shark
1900.07.00,1900,USA,Connecticut,"Bridgeport, Fairfield County",Unknown,Unknown,Unknown,no injury,N,Unknown,Unknown
2006.01.23,2006,ATLANTIC OCEAN,800 miles from land,Unknown,Competing in the Woodvale Atlantic Rowing Race,F,29,no injury,N,Unknown,Unknown
2004.08.00,2004,SOUTH AFRICA,KwaZulu-Natal,Park Rynie,Fishing,Unknown,Unknown,no injury,N,Unknown,white shark
1963.01.04,1963,AUSTRALIA,South Australia,Off Franklin Island between Streaky Bay & Ceduna,Shark fishing,Unknown,Unknown,no injury,N,Unknown,white shark
1979.11.12,1979,SOUTH AFRICA,Western Cape Province,Macassar,Shark fishing,Unknown,Unknown,no injury,N,Unknown,white shark
1931.05.02,1931,AUSTRALIA,New South Wales,Kempsey,Unknown,Unknown,Unknown,no injury,N,Unknown,Unknown
2000.03.09,2000,AUSTRALIA,New South Wales,Parramatta River,Rowing,Unknown,Unknown,no injury,N,Unknown,Unknown
1944.10.23.R,1944,AUSTRALIA,Queensland,Tewantin,Fishing,Unknown,Unknown,no injury,N,Unknown,Unknown
1958.00.00.b,1958,SOUTH AFRICA,Western Cape Province,Plettenberg Bay,Fishing (trolling),Unknown,Unknown,no injury,N,Unknown,white shark
1959.08.31.R,1959,AZORES,Unknown,Sao Miguel,Fishing,Unknown,Unknown,no injury,N,Unknown,white shark
2009.12.12,2009,AUSTRALIA,New South Wales,Hawks Nest Beach,Rowing,Unknown,Unknown,no injury,N,7,white shark
2001.07.21,2001,USA,Massachusetts,Chatham Island,Fishing,Unknown,Unknown,no injury,N,Unknown,mako shark
1993.08.15.b,1993,USA,California,Between Santa Cruz Island and Santa Barbara,Watching the shark feeding on a dead pinniped,Unknown,Unknown,no injury,N,11,white shark
1955.02.01.,1955,AUSTRALIA,New South Wales,Parramatta River,Rowing,Unknown,Unknown,no injury,N,Unknown,Unknown
1988.02.12,1988,AUSTRALIA,Western Australia,18 km west of Bunbury,Drift fishing,Unknown,Unknown,no injury,N,Unknown,mako shark
2004.07.19.R,2004,AUSTRALIA,Western Australia,"7 km off Trigg surf beach, Perth",Fishing,Unknown,Unknown,no injury,N,Unknown,white shark
2006.02.12.a,2006,AUSTRALIA,South Australia,"Brighton Beach, Adelaide",Fishing,M,Unknown,no injury,N,12,white shark
1978.03.05,1978,SOUTH AFRICA,Eastern Cape Province,"Gulu Deep, East London",Unknown,Unknown,Unknown,no injury,N,Unknown,Unknown
2006.01.28.R,2006,ATLANTIC OCEAN,300 miles from Antigua,Unknown,Competing in the Woodvale Atlantic Rowing Race,M,40,no injury,N,Unknown,Unknown
1996.01.12,1996,AUSTRALIA,New South Wales,Eight-mile reef off Port Kembla,Chumming for sharks,Unknown,Unknown,no injury,N,10,mako shark
1988.01.05.R,1988,SOUTH AFRICA,Western Cape Province,Great Brak River,"Returning to shore, collided with shark",Unknown,Unknown,no injury,N,Unknown,Unknown
1930.12.02,1930,AUSTRALIA,Victoria,Rosebud,Fishing,Unknown,Unknown,no injury,N,Unknown,Unknown
2008.06.02.R,2008,SCOTLAND,Easter Ross,Balintore Bay,Fishing,Unknown,Unknown,no injury,N,Unknown,basking shark
1865.00.00,1865,AUSTRALIA,South Australia,Semaphore,Boarding a ship,Unknown,Unknown,no injury,N,Unknown,Unknown
2010.10.28,2010,USA,Oregon,Florence,Surfing,M,Unknown,no injury,N,15,Unknown
2008.09.08,2008,USA,California,"Surf Beach, Lompoc, Santa Barbara County",Surfing,M,Unknown,no injury,N,10,white shark
2009.02.18,2009,AUSTRALIA,New South Wales,"Shelly Beach, near Port Macquarie",Surfing,M,Unknown,no injury,N,17,Unknown
2007.09.27.b,2007,USA,California,"Moonstone Beach, Humboldt County",Surfing,F,Unknown,no injury,N,8,white shark
2008.03.07,2008,USA,California," Huntington Beach, Orange County",Surfing,M,27,no injury,N,8,white shark
2008.01.29,2008,SOUTH AFRICA,KwaZulu-Natal,"Suncoast Pirates Beach, Durban",Surf-skiing,M,42,no injury,N,Unknown,blacktip shark
1964.08.21,1964,USA,Florida,"Panama City, Bay County",Swimming,M,Unknown,no injury,N,11,Unknown
1974.02.00.a,1974,SOUTH AFRICA,Western Cape Province,Macassar,Fishing for kob,Unknown,Unknown,no injury,N,21,white shark
1933.06.13,1933,AUSTRALIA,Northern Territory,Darwin,Fishing,M,Unknown,no injury,N,Unknown,Unknown
2001.12.21,2001,AUSTRALIA,Western Australia,"Honeycombs, 250 km south of Perth",Surfing,M,36,no injury,N,9,Unknown
2005.06.18,2005,USA,Hawaii,Maui,Swimming,M,49,no injury,N,8,Unknown
1984.03.14,1984,SOUTH AFRICA,KwaZulu-Natal,Amanzimtoti,Surfing,M,Unknown,no injury,N,17,Unknown
2013.01.21.R,2013,AUSTRALIA,Queensland,Bullcock Beach,Dragging stranded shark into deeper water,M,62,no injury,N,Unknown,Unknown
1943.07.00.a,1943,MEXICO,Veracruz,"Villa del Mar Beach, Veracruz",Swimming,M,68,no injury,N,12,Unknown
2011.12.21.b,2011,USA,Hawaii,"Makahuena Point, Kauai",Canoeing,M,Unknown,no injury,N,Unknown,Unknown
ND.0091,1996,SUDAN,Red Sea State,Sha'ab Rumi,Diving,M,Unknown,no injury,N,Unknown,silvertip shark
1960.00.00.f,1960,SRI LANKA,Eastern  Province,"Manayaweli Cove, Trincomalee",Collecting ornamental fish,M,Unknown,no injury,N,Unknown,blacktip shark
1983.03.22,1983,SOUTH AFRICA,Eastern Cape Province,Nahoon,Surfing,M,Unknown,no injury,N,12,blacktip shark
2005.04.16.a,2005,AUSTRALIA,New South Wales,Bronte Beach,Surfing,M,40,no injury,N,6,copper shark
2011.08.16.c,2011,FRENCH POLYNESIA,Society Islands,"Teahupoo, Tahiti",Surfing,M,32,no injury,N,15,grey reef shark
2004.05.04,2004,USA,Texas,Channel between South Padre Island & Padre Island National Seashore,Tandem surfing,M,28,no injury,N,16,mako shark
1982.08.29.b,1982,USA,California,"Morro Rock, Morro Bay, San Obispo County",Surfing,M,17,no injury,N,10,Unknown
1981.05.10,1981,SOUTH AFRICA,Eastern Cape Province,Kingï¿½ï¿½ï¿,Surfing,M,19,no injury,N,14,sandtiger shark
2011.05.22,2011,USA,Hawaii,"Lyman Beach, Kailua-Kona",Paddle boarding,F,Unknown,no injury,N,12,tiger shark
2011.05.25,2011,USA,Hawaii,"Lyman Beach, Kailua-Kona",Surfing,F,Unknown,no injury,N,13,tiger shark
2004.03.16,2004,USA,Hawaii,"Kalihiwai Beach, Kauai",Surfing,M,51,no injury,N,7,tiger shark
1990.10.15,1990,USA,Hawaii,"Hanalei Point, Kaua'i",Surfing,M,43,no injury,N,15,tiger shark
2010.03.27,2010,REUNION,Saint-Benoit,Bittern,Surfing,M,34,no injury,N,11,Unknown
1980.05.15,1980,SOUTH AFRICA,Eastern Cape Province,Fullerï¿½ï¿½,Surfing,M,22,no injury,N,8,Unknown
1990.04.06,1990,AUSTRALIA,Queensland,Fingal Beach,Surfing,M,29,no injury,N,Unknown,Unknown
2012.10.18.a,2012,USA,Hawaii,"Kanaha Beach, Maui",Paddle boarding,M,55,no injury,N,7,Unknown
2016.12.10,2016,England,Suffolk,Felixstowe,Windsurfing,M,36,no injury,N,Unknown,Unknown
2016.09.17.b,2016,USA,California,"Bunkers, Humboldt Bay, Eureka, Humboldt County",Surfing,M,43,no injury,N,15,Unknown
2012.03.05,2012,REUNION,Saint-Benoit,Port de laï¿½ï¿½ï,Body boarding,M,31,no injury,N,14,Unknown
2011.09.11.b,2011,USA,California,"Samoa Beach, Humboldt County",Surfing,M,37,no injury,N,12,Unknown
2005.11.02.b,2005,USA,California,"Mavericks, Half Moon Bay, San Mateo County",Surfing,M,25,no injury,N,16,Unknown
2008.06.24,2008,BRAZIL,Bahia,Guarajuba,Surfing,M,Unknown,no injury,N,9,Unknown
1986.02.18,1986,SOUTH AFRICA,Eastern Cape Province,East London,Surfing,M,21,no injury,N,12,white shark
1984.06.15,1984,SOUTH AFRICA,Western Cape Province,"Muizenberg, False Bay",Surfing,M,27,no injury,N,17,white shark
1989.10.22,1989,AUSTRALIA,Tasmania,Shelly Point ,Surfing,M,17,no injury,N,14,white shark
1989.06.05,1989,SOUTH AFRICA,Eastern Cape Province,Jeffreys Bay,Surfing,M,16,no injury,N,16,white shark
1996.06.06,1996,AUSTRALIA,Victoria,"Suicide Point, Point Leo",Surfing,M,Unknown,no injury,N,17,white shark
1982.07.24.a,1982,USA,California,"Point Buchon, San Luis Obispo County",Paddle Boarding,M,26,no injury,N,11,white shark
1994.12.30,1994,SOUTH AFRICA,Western Cape Province,Mossel Bay,Body boarding,M,26,no injury,N,16,white shark
1992.08.18,1992,USA,California,"Klamath River, Del Norte County",Surfing,M,22,no injury,N,17,white shark
1999.11.15,1999,USA,California,"Waddell Reef, Santa Cruz County",Surfing (sitting on his board),M,Unknown,no injury,N,Unknown,white shark
1990.01.12,1990,USA,California,"Montera Beach, San Mateo County",Surfing (sitting on his board),M,Unknown,no injury,N,Unknown,white shark
1983.08.20.b,1983,USA,Oregon,"Cape Kiwanda,Tillamook County",Surfing,M,Unknown,no injury,N,10,white shark
2013.11.22,2013,USA,Oregon,"Gleneden Beach, Lincoln County",Surfing,M,25,no injury,N,10,white shark
2017.06.11,2017,AUSTRALIA,Western Australia,"Point Casuarina, Bunbury",Body boarding,M,48,no injury,N,8,white shark
1976.08.24,1976,USA,Oregon,Winchester Bay,Surfing,M,19,no injury,N,14,white shark
2009.11.05,2009,USA,California,"Davenport, Santa Cruz County",Surfing,M,21,no injury,N,18,Unknown
1990.04.07,1990,AUSTRALIA,Queensland,Fingal Beach,Surfing,M,Unknown,no injury,N,Unknown,Unknown
1975.06.02.R,1975,USA,Florida,"Daytona Beach, Volusia County",Surfing,M,20,no injury,N,Unknown,Unknown
2005.11.02.a,2005,USA,California,"Ocean Beach, San Francisco, San Francisco County",Surfing,M,26,no injury,N,7,white shark
1998.01.28.a,1998,NEW CALEDONIA,South Province,l'Anse-Vata,Windsurfing,M,Unknown,no injury,N,Unknown,Unknown
2010.07.02.a,2010,USA,California,"Dog Patch, San Onofre",Stand-Up Paddleboarding,M,48,no injury,N,15,Unknown
1952.12.24,1952,AUSTRALIA,Victoria,"Portsea Beach, near Melbourne",Lying prone on surfboard,M,Unknown,no injury,N,Unknown,Unknown
2011.05.29,2011,SOUTH AFRICA,Western Cape Province,Robberg Beach,Surfing,M,33,no injury,N,Unknown,white shark
2013.11.12,2013,AUSTRALIA,Western Australia,"Trigg Beach, Perth",Surfing,M,Unknown,no injury,N,15,white shark
2007.06.24,2007,USA,Hawaii,"Silva's Channel, Mokuleia, O'ahu",Surfing,M,Unknown,no injury,N,7,tiger shark
2005.05.02,2005,USA,Hawaii,"Noreiga's, Maui",Surfing,M,47,no injury,N,10,tiger shark
2013.06.06.a,2013,AUSTRALIA,New South Wales,Target Beach,Surfing,M,Unknown,no injury,N,16,Unknown
2016.06.07,2016,USA,South Carolina,"Folly Beach, Charleston County",Surfing,M,27,no injury,N,11,Unknown
2008.10.11,2008,AUSTRALIA,New South Wales,Lake Macquarie,Surfing,M,15,no injury,N,15,Unknown
2016.07.15.b,2016,USA,California,"Surfside, Orange County",Kite surfing,M,61,no injury,N,17,white shark
2016.03.28.a,2016,AUSTRALIA,New South Wales,North Cronulla Beach,Surfing,M,41,no injury,N,11,Unknown
1947.04.06,1947,AUSTRALIA,New South Wales,Palm Beach,Surfing,M,17,no injury,N,Unknown,Unknown
1986.03.05,1986,SOUTH AFRICA,Eastern Cape Province,"The Fence, King's Beach, Port Elizabeth",Surfing,M,23,no injury,N,Unknown,Unknown
1938.00.00.c,1938,USA,North Carolina,On one of the sounds near Wilmington,Fishing,M,Unknown,no injury,N,Unknown,Unknown
1986.12.06.b,1986,BAHAMAS,Florida Straits,Off Cay Sal  Banks,Adrift after ditching plane in the sea,M,37,no injury,N,Unknown,Unknown
1993.06.00,1993,USA,North Carolina,"Hamstead, Pender County",Swimming,F,60,no injury,N,18,Unknown
2000.03.31,2000,USA,Florida,Santa Rosa Sound Escambia County,Fishing,M,Unknown,no injury,N,Unknown,Unknown
ND.0069,1962,FIJI,Unknown,Unknown,Spearfishing ,M,27,no injury,N,Unknown,Unknown
1980.07.00.a,1980,USA,North Carolina,"Emerald Isle Pier (near Morehead City), Carteret County",Surfing,M,Unknown,no injury,N,Unknown,Unknown
2009.01.16,2009,NEW ZEALAND,South Island,Karitane Beach,Surfing,M,Unknown,no injury,N,Unknown,Unknown
2008.08.30.c,2008,AUSTRALIA,New South Wales,"Tallow Beach, Byron Bay",Surfing,M,29,no injury,N,Unknown,Unknown
2006.01.18,2006,USA,California,"Santa Cruz, Santa Cruz County",Night Surfing,M,Unknown,no injury,N,22,Unknown
1872.11.24,1872,AZORES,Unknown,Unknown,Unknown,M,Unknown,no injury,N,Unknown,Unknown
2012.02.06,2012,AUSTRALIA,Queensland,Wurtulla,Surfing,M,29,no injury,N,12,Unknown
2003.01.02,2003,AUSTRALIA,Western Australia,Left break at the ï¿½ï¿½ï¿½ï¿½ï¿½ï¿½ï¿½ï¿½ï¿½H,Surfing,F,Unknown,no injury,N,13,copper shark
1950.00.00.k,1950,SRI LANKA,Southern Province,Dodnduwa,Spearfishing,M,Unknown,no injury,N,Unknown,whitetip reef shark
ND.0032,1942,PAPUA NEW GUINEA,Between New Ireland & New Britain,St. Georgeï¿½ï¿½ï¿½ï,Spent 8 days in dinghy,M,Unknown,no injury,N,Unknown,Unknown
2016.06.02.b,2016,AUSTRALIA,New South Wales,Kingscliff,Spearfishing,M,Unknown,no injury,N,Unknown,copper shark
2016.12.19,2016,SOUTH AFRICA,Western Cape Province,"Keurbooms Lagoon, Plettenberg Bay",Surf skiing ,M,55,no injury,N,7,white shark
2014.05.14,2014,AUSTRALIA,South Australia,"Elliston, Eyre Peninsula",Surfing,M,35,no injury,N,9,white shark
2012.10.02,2012,AUSTRALIA,Western Australia,"Mullaloo Beach, Perth",Bodyboarding,M,11,no injury,N,12,Unknown
1989.03.04,1989,AUSTRALIA,Western Australia,Near Broome in Roebuck Bay,Kayaking,M,Unknown,no injury,N,Unknown,tiger shark
2011.09.20,2011,USA,Hawaii,Kauai,Canoeing,M,Unknown,no injury,N,15,Unknown
2009.04.12,2009,AUSTRALIA,New South Wales,Fingal Bay,Surf skiing ,M,40,no injury,N,8,Unknown
1949.01.14,1949,AUSTRALIA,New South Wales,Off North Bondi,Surfing,M,32,no injury,N,15,Unknown
1965.06.18,1965,USA,Florida,150 miles southeast of Cape Kennedy,"Diving, retrieving film package from Titan 3C rocket",M,Unknown,no injury,N,Unknown,Unknown
2012.12.30,2012,AUSTRALIA,New South Wales,Between Dee Why and Long Reef,Surfing,M,23,no injury,N,12,Unknown
1853.00.00.c,1853,USA,North Carolina,"Morehead, Carteret County",Hard hat diving,M,Unknown,no injury,N,Unknown,white shark
1959.05.30,1959,SOUTH AFRICA,Eastern Cape Province,"Bird Island, Algoa Bay",Spearfishing,M,23,no injury,N,Unknown,white shark
2006.01.11,2006,BAHAMAS,Grand Bahama Island,Sandy Cay,Diving for lobsters,M,Unknown,no injury,N,9,Unknown
2001.11.07,2001,AUSTRALIA,Western Australia,"Leighton Beach, south of North Cottesloe",Surf-skiing,M,Unknown,no injury,N,Unknown,Unknown
2009.02.07.a,2009,AUSTRALIA,New South Wales,Sandon,Surfing,M,Unknown,no injury,N,7,Unknown
2003.07.26.R,2003,AUSTRALIA,Northern Territory,Nhulunbuy,Surf skiing,M,37,no injury,N,Unknown,Unknown
2000.07.15.b,2000,SOUTH AFRICA,Eastern Cape Province,Cape Recife,Surfing,M,18,no injury,N,Unknown,Unknown
1995.00.00.d,1995,AUSTRALIA,Queensland,Gladstone Reef,Snorkeling,M,Unknown,no injury,N,Unknown,leopard shark
1960.05.16,1960,USA,Florida,"Lignum Vitae Channel, Florida Keys, Monroe County",Unknown,Unknown,Unknown,no injury,N,Unknown,lemon shark
ND.0104,1950,AUSTRALIA,Torres Strait,Unknown,Helmet diving,M,Unknown,no injury,N,Unknown,tiger shark
2013.07.02,2013,AUSTRALIA,Victoria,"Flinders, Mornington Penisula",Body surfing,M,29,no injury,N,Unknown,Unknown
1997.10.11.R,1997,SOUTH AFRICA,Eastern Cape Province,Off Port Alfred,Fishingat,Unknown,Unknown,no injury,N,Unknown,soupfin shark
1902.02.22.R,1902,NEW ZEALAND,North Island,Poverty Bay,Standing on ship deck,M,Unknown,no injury,N,Unknown,Unknown
1932.08.06,1932,BAHAMAS,New Providence Island,Nassau,On expedition filming a feature movie & standing on tripod,M,18,no injury,N,Unknown,Unknown
2012.07.07.a,2012,USA,California,"Pleasure Point, Santa Cruz County",Kayaking,M,52,no injury,N,8,Unknown
2011.11.22,2011,USA,California,Pigeon Point,Kayaking,M,Unknown,no injury,N,Unknown,white shark
2010.08.14,2010,USA,California,"Pigeon Point, San Mateo County",Kayak Fishing,M,45,no injury,N,Unknown,white shark
1992.11.14,1992,USA,California,"Ano Nuevo, San Mateo County",Kayaking,M,46,no injury,N,12,white shark
2001.01.06,2001,NEW ZEALAND,North Island,Sandy Bay/Whananaki,Kayaking,M,Unknown,no injury,N,Unknown,white shark
2017.03.18,2017,USA,California,Monterey Bay,Kayaking,M,Unknown,no injury,N,14,white shark
2007.07.21,2007,USA,California,"Bean Hollow State Beach, San Mateo County",Kayak Fishing,M,Unknown,no injury,N,10,white shark
2015.08.18.b,2015,USA,California,Santa Barbara County,Kayak Fishing,M,22,no injury,N,7,white shark
2010.08.02.b,2010,USA,California,"Near oil rig Hondo, 5 nm from Gaviota, Santa Barbara County",Kayaking,M,Unknown,no injury,N,12,white shark
2005.01.08,2005,NEW ZEALAND,North Island,Taupiri Bay,Fishing from a kayak,M,39,no injury,N,12,white shark
1990.09.05,1990,USA,California,"Trinidad State Beach, Humboldt County",Kayaking,M,44,no injury,N,17,white shark
2015.09.24,2015,USA,California,"Horseshoe Rock, Santa Barbara County",Kayak fishing,M,Unknown,no injury,N,11,white shark
2015.12.26,2015,SOUTH AFRICA,KwaZulu-Natal,Westbrook Beach,Kayak Fishing,M,Unknown,no injury,N,9,white shark
1993.10.10,1993,USA,California,"Goat Rock, Bodega Bay, Sonoma County?",Kayaking,F,34,no injury,N,14,white shark
2013.06.25.c,2013,USA,California,"Pacific State , San Mateo County",Kayaking / Fishing,M,Unknown,no injury,N,15,white shark
2012.05.12,2012,USA,California,"Leffingwell Landing, Cambria,  San Luis Obispo County",Kayaking / Fishing,M,30,no injury,N,14,white shark
2017.06.10.b,2017,AUSTRALIA,Victoria,"Flinders, Mornington Penisula",Surfing,F,Unknown,no injury,N,15,sevengill shark
1986.02.01,1986,AUSTRALIA,Victoria,Jan Juc Beach,Surfing,M,29,no injury,N,6,copper shark
2016.02.10,2016,AUSTRALIA,Tasmania,Nettley Bay,Surfing,M,Unknown,no injury,N,12,Unknown
2005.09.27.R,2005,AUSTRALIA,New South Wales,Arakoon's Little Bay,Surfing,M,28,no injury,N,Unknown,tiger shark
1986.02.17,1986,SOUTH AFRICA,Eastern Cape Province,Cape Recife,Surfing,M,Unknown,no injury,N,18,Unknown
1995.03.21,1995,AUSTRALIA,New South Wales,"Clark Island, Sydney Harbour",Surf skiing,F,Unknown,no injury,N,Unknown,Unknown
2005.02.16,2005,USA,Hawaii,"Rocky Point, north shore of O'ahu",Surfing,M,Unknown,no injury,N,14,tiger shark
2015.04.24.c,2015,AUSTRALIA,New South Wales,"Belongil Beach, Byron Bay",Surf skiing ,M,71,no injury,N,11,white shark
2004.10.02,2004,USA,California,"Pismo Beach, San Luis Obispo County",Surfing,M,16,no injury,N,15,Unknown
2006.06.05,2006,AUSTRALIA,South Australia,Waitpinga,Surfing,M,40,no injury,N,11,white shark
1939.00.00.b,1939,CURACAO,Ascension Bay,Unknown,Diving,M,Unknown,no injury,N,Unknown,tiger shark
2011.06.06.b,2011,USA,California,"La Jolla, San Diego County",Spearfishing,M,28,no injury,N,Unknown,sevengill shark
1966.08.00.a,1966,USA,Florida,"Municipal Bathing area, Riviera Beach, Palm Beach County",Wading,M,8,no injury,N,15,blacktip shark
2005.03.09,2005,NEW ZEALAND,North Island,"Waiapu River mouth , East Cape",Fishing,M,Unknown,no injury,N,14,copper shark
1937.08.16,1937,TURKEY,Unknown,Istanbul,Swimming,M,Unknown,no injury,N,Unknown,Unknown
1892.06.24,1892,FRANCE,Brittany,Brest,Fishing boat,Unknown,Unknown,no injury,N,Unknown,Unknown
1986.12.04,1986,SOUTH AFRICA,Western Cape Province,Platbank,Spearfishing,M,22,no injury,N,Unknown,copper shark
1957.06.21,1957,CUBA,Yucatan Channel,Unknown,M.V. Tropical sank. Sole survivor rode oil drums for 8 days without food or water.,Unknown,Unknown,no injury,N,Unknown,Unknown
1959.08.05,1959,USA,California,"Hermosa Beach, Los Angeles County",Wading,M,Unknown,no injury,N,Unknown,Unknown
1964.07.15,1964,USA,Connecticut,"3 days out of Old Saybrook, Connecticut, 37.04'N, 67.57'W, Southern fringe of Gulf Stream","Yacht Gooney Bird foundered, 4 survivors on raft",Unknown,Unknown,no injury,N,Unknown,Unknown
1881.08.12,1881,USA,Rhode Island,Providence,Swimming,M,Unknown,no injury,N,Unknown,Unknown
2014.10.22,2014,USA,Hawaii,"Kihei, Maui",Stand-Up Paddleboarding,F,Unknown,no injury,N,10,tiger shark
2014.10.20,2014,USA,Hawaii,"Kahului, Maui",Stand-Up Paddleboarding,M,Unknown,no injury,N,8,Unknown
1980.12.30,1980,SOUTH AFRICA,Eastern Cape Province,Nahoon,Paddleskiing,M,25,no injury,N,17,Unknown
1961.12.27,1961,AUSTRALIA,Western Australia,"North of main swimming area in Waterman's Bay Beach, Perth",Spearfishing,M,23,no injury,N,7,sandtiger shark
1982.09.30.b,1982,SOUTH AFRICA,Eastern Cape Province,"Nahoon, East London",Surfing,M,16,no injury,N,16,Unknown
1959.08.13,1959,USA,California,"LaJolla, San Diego County","Spearfishing with Joe Turner (24). Shark attracted to speared halibut on belt of one diver, tried to bite Ideï¿½ï¿½ï¿½ï¿½ï¿½ï¿½ï¿½ï¿½ï¿½s speargun",M,32,no injury,N,Unknown,hammerhead shark
1984.09.11,1984,MEXICO,Baja California,Guadalupe Island,Spearfishing,M,Unknown,no injury,N,17,white shark
1877.09.15,1877,AUSTRALIA,New South Wales,Port Jackson,Fishing,M,Unknown,no injury,N,15,Unknown
2012.01.02,2012,AUSTRALIA,Queensland,Duranbah,Spearfishing,M,34,no injury,N,9,tiger shark
1980.01.15,1980,SOUTH AFRICA,KwaZulu-Natal,Ansteyï¿,Spearfishing,M,29,no injury,N,5,bull shark
1978.02.19,1978,SOUTH AFRICA,Western Cape Province,"Miller's Point, False Bay",Diving,M,Unknown,no injury,N,Unknown,white shark
1983.01.08,1983,SOUTH AFRICA,Western Cape Province,Holbaai,Spearfishing,M,32,no injury,N,13,white shark
1975.04.05,1975,SOUTH AFRICA,Western Cape Province,Millers Point,Spearfishing Competition,M,Unknown,no injury,N,15,white shark
2010.01.05,2010,SOUTH AFRICA,Eastern Province,"Nahoon, East London",Surfing,M,Unknown,no injury,N,Unknown,Unknown
1937.10.24.a,1937,AUSTRALIA,New South Wales,Byron Bay ,Surf skiing,M,Unknown,no injury,N,Unknown,Unknown
1961.04.03,1961,AUSTRALIA,Victoria,Flinders Island,Spearfishing,M,24,no injury,N,Unknown,sandtiger shark
1956.08.01,1956,SOUTH AFRICA,KwaZulu-Natal,"Chain Rocks, Amanzimtoti",Free diving for crayfish,M,23,no injury,N,15,Unknown
1960.02.29,1960,AUSTRALIA,Tasmania,Ralph Bay,"Wading, fishing for flounder",M,31,no injury,N,21,Unknown
1971.06.01,1971,BRITISH ISLES,South Devon,Beesands,Scuba diving,M,32,no injury,N,Unknown,porbeagle
2010.08.07.a,2010,MALTA,Unknown,"Off Fort St. Elmo, Valetta",Windsurfing,M,35,no injury,N,Unknown,Unknown
1936.02.20..R,1936,AUSTRALIA,Queensland,Brisbane River,Sculling,M,Unknown,no injury,N,Unknown,Unknown
1983.06.15.b,1983,ITALY,Northwest Italy,Riomaggiore (Ligura),Scuba diving,M,Unknown,no injury,N,Unknown,white shark
2010.02.06.b,2010,AUSTRALIA,New South Wales,Turners' Beach,Body boarding,M,18,no injury,N,15,white shark
1928.07.00,1928,ITALY,Tuscany,Viareggio,Boating,M,Unknown,no injury,N,Unknown,white shark
2013.08.11,2013,USA,South Carolina,Folly Beach,Surfing,M,10,no injury,N,17,bull shark
1991.12.04,1991,USA,California,"Shelter Cover, north of Fort Bragg, Shelter Cove, Mendocino County",Hookah diving for sea urchins,M,25,no injury,N,15,white shark
1983.07.05,1983,USA,Florida,"Riviera Beach, Palm Beach County",Floating on air mattress,Unknown,17,no injury,N,Unknown,Unknown
2015.12.22,2015,USA,Hawaii,La'aloa Beach Park,Paddle boarding,M,71,no injury,N,9,Unknown
2016.02.04,2016,AUSTRALIA,New South Wales,Hams Beach,Windsurfing,M,40,no injury,N,15,Unknown
1993.01.02,1993,USA,Oregon,"Bastendorf Beach, Coos County",Surfing,M,29,no injury,N,16,white shark
2009.08.11,2009,SOUTH AFRICA,KwaZulu-Natal,Alkantstrand ,Body boarding,M,Unknown,no injury,N,12,white shark
2011.07.25,2011,USA,New Jersey,"Egg Harbor, Atlantic County",Wade Fishing,M,Unknown,no injury,N,21,Unknown
1980.07.23,1980,USA,Delaware,Dewey Beach,Standing,F,22,no injury,N,15,Unknown
1962.11.00,1962,MID ATLANTIC OCEAN,Unknown,Off Bermuda,Abandoning burning ship Captain George in raging seas,M,Unknown,no injury,N,6,Unknown
2010.02.06.R,2010,NEW ZEALAND,South Island,Cosy Nook,Spearfishing,M,Unknown,no injury,N,Unknown,Unknown
2005.05.14,2005,USA,Hawaii,"North Kihei, Maui",Kayaking,Unknown,Unknown,no injury,N,11,tiger shark
2014.09.03,2014,USA,Massachusetts,"Manomet Point, Plymouth, Plymouth County",Kayaking ,F,20,no injury,N,18,white shark
2009.10.30,2009,AUSTRALIA,Victoria,Portland,Kayaking,M,27,no injury,N,9,white shark
2009.03.19.a,2009,AUSTRALIA,New South Wales,Bateman's Bay,Surfing,F,Unknown,no injury,N,7,Unknown
1950.12.31,1950,AUSTRALIA,Queensland,Kirra,Paddling a surfboat,M,19,no injury,N,Unknown,nurse shark
2017.04.02.b,2017,AUSTRALIA,Queensland,Moreton Bay,Kakaying,M,39,no injury,N,15,Unknown
1914.06.12,1914,MONTENEGRO,Adriatic Sea,Between St. Stjepan and Budva,Fishing boat,M,Unknown,no injury,N,7,Unknown
2012.05.06,2012,USA,California,Off Catalina Island,Paddle boarding,F,15,no injury,N,7,white shark
2013.02.21.a,2013,USA,Hawaii,"Paia Bay, Maui",Surfing,M,Unknown,no injury,N,18,caribbean reef shark
2009.10.28,2009,AUSTRALIA,New South Wales,Lennox Heads,Paddle-boarding,F,17,no injury,N,7,Unknown
2015.02.15,2015,ATLANTIC OCEAN,Unknown,Unknown,Transatlantic Rowing,Unknown,Unknown,no injury,N,Unknown,white shark
2006.06.17,2006,USA,California,"Monterey, Monterey County",Scuba diving,M,43,no injury,N,11,Unknown
2002.06.11.b,2002,USA,Hawaii,"Anini Beach, Kaua'i",Sitting on surfboard,Unknown,Unknown,no injury,N,13,tiger shark
2005.10.01,2005,SOUTH AFRICA,Western Cape Province,"Sunny Cove, Fish Hoek",Surf-skiing,M,52,no injury,N,15,white shark
1962.11.29,1962,AUSTRALIA,New South Wales,Sydney,"Spearfishing, Scuba diving",M,26,no injury,N,Unknown,Unknown
1977.10.30,1977,SOUTH AFRICA,Western Cape Province,"Bluegums Rock, Partridge Point",Spearfishing,M,25,no injury,N,16,white shark
1967.01.22,1967,SOUTH AFRICA,Western Cape Province,Whittle Rock False Bay,Spearfishing Competition,M,Unknown,no injury,N,Unknown,sandtiger shark
2013.10.20,2013,USA,Hawaii,"Pila'a Beach, Kaua'i",Surfing,M,25,no injury,N,11,tiger shark
2011.09.04.b,2011,USA,Hawaii,"Nimitz State Beach, Oahu",Surfing,Unknown,Unknown,no injury,N,13,Unknown
2007.07.28,2007,USA,California,"Imperial Beach, San Diego County",Surfing,M,20,no injury,N,23,Unknown
1994.12.18,1994,USA,Hawaii,"Kinikini, Mana, Kaua'i","Surfing, sitting on board",Unknown,Unknown,no injury,N,14,Unknown
1994.11.06.a,1994,USA,Hawaii,"Kealia Beach, Kaua'i",Surfing,Unknown,Unknown,no injury,N,16,Unknown
2011.10.20,2011,USA,Oregon,"Newport, Lincoln County",Surfing,M,41,no injury,N,Unknown,white shark
2015.07.03,2015,AUSTRALIA,New South Wales,Lennox Head,Surfing,M,52,no injury,N,9,white shark
2007.12.10,2007,USA,Hawaii,"Waialua Bay, O'ahu",Surfing,M,52,no injury,N,11,tiger shark
2007.12.09,2007,NEW ZEALAND,South Island,Kaikoura,Surfing,F,Unknown,no injury,N,Unknown,Unknown
2012.01.27,2012,USA,Hawaii,Lanai,Snorkeling,Unknown,Unknown,no injury,N,11,Unknown
2000.06.29,2000,NEW ZEALAND,North Island,"Papamoa Beach, Bay of Plenty",Fishing,M,Unknown,no injury,N,Unknown,mako shark
2016.07.17,2016,USA,Alabama,8 miles off Mobile,Fishing in Alabama Deep Fishing Rodeo,Unknown,Unknown,no injury,N,Unknown,tiger shark
1991.01.09,1991,AUSTRALIA,Western Australia,Scarborough,Surf-skiing,M,Unknown,no injury,N,Unknown,Unknown
2015.07-10,2015,USA,California,"Huntington Beach, Orange County",Surfing,M,38,no injury,N,8,white shark
1962.01.07.a,1962,AUSTRALIA,New South Wales,Sydney,Surfing,Unknown,Unknown,no injury,N,Unknown,Unknown
1956.01.05,1956,AUSTRALIA,New South Wales,North Bondi,Surf skiing,M,25,no injury,N,Unknown,Unknown
1960.04.14,1960,BERMUDA,"33N, 68W",Royal Canadian Navy CS2F-1 aircraft ditched in the sea 180 nautical miles WNW of Bermuda at 01h30,Floating on a raft,M,28,no injury,N,9,Unknown
1949.01.13,1949,AUSTRALIA,New South Wales,"Mona Vale, near Sydney",Surf skiing,M,Unknown,no injury,N,Unknown,Unknown
1905.00.00,1905,USA,North Carolina,"Cape Lookout, Carteret County",Harpooning turtles,Unknown,Unknown,no injury,N,Unknown,Unknown
2006.05.27,2006,USA,Hawaii,"North Shore, O'ahu",Surfing,M,31,no injury,N,16,Unknown
2013.08.17,2013,USA,California,"Pillar Point, Half-Moon Bay, San Mateo County",Surfing,F,Unknown,no injury,N,12,white shark
2016.01.29,2016,SOUTH AFRICA,KwaZulu-Natal,Unknown,Kayak fishing,M,Unknown,no injury,N,Unknown,Unknown
1964.07.16,1964,SOUTH AFRICA,KwaZulu-Natal,Island Rock,Searching for remains of  Dr. Marais,M,30,no injury,N,Unknown,bull shark
1975.12.29,1975,AUSTRALIA,South Australia,Glenelg,Attempting to drive shark away from the beach,Unknown,Unknown,no injury,N,Unknown,Unknown
2010.09.04,2010,USA,Florida,"New Smyrna Beach, Volusia County",Surfing,M,Unknown,no injury,N,Unknown,Unknown
1953.12.00,1953,AUSTRALIA,New South Wales,Maroubra Beach,Surf skiing,M,Unknown,no injury,N,Unknown,Unknown
2011.11.20.R,2011,PAPUA NEW GUINEA,East New Britain,Pigeon Island,Scuba diving,M,Unknown,no injury,N,Unknown,Unknown
2009.07.11.a,2009,USA,California,"San Onofre, San Diego County ",Paddle-surfing,M,Unknown,no injury,N,8,Unknown
2007.01.09,2007,AUSTRALIA,New South Wales,Sandbar Beach,Surfing,M,Unknown,no injury,N,6,Unknown
2009.03.19.b,2009,AUSTRALIA,New South Wales,South Broulee,Surfing,M,Unknown,no injury,N,7,Unknown
2002.09.16.a,2002,USA,Hawaii,"Hideaways Beach, Princeville, Kaua'i",Body boarding,Unknown,Unknown,no injury,N,7,Unknown
1914.07.15.R,1914,CROATIA,Zadar County,Biograd na moru,Washing clothes,F,Unknown,no injury,N,Unknown,Unknown
2008.08.11,2008,USA,Hawaii,"Ala Moana Beach Park, Oah'u",Diving,M,Unknown,no injury,N,14,tiger shark
2012.01.22.R,2012,BAHAMAS,Unknown,Cat Island,"Diving, photographing sharks",M,Unknown,no injury,N,Unknown,tiger shark
1989.00.00.a,1989,USA,Virginia,"Coral Gardens Reef, 6 miles SSE of Chicoteague Inlet",Spearfishing using scuba & trailing a string of bleeding fish,M,Unknown,no injury,N,Unknown,Unknown
2012.12.00,2012,NEW ZEALAND,South Island,"Sunday Cove, Fiordland",Scuba diving,F,25,no injury,N,Unknown,sevengill shark
2012.08.11,2012,AUSTRALIA,Western Australia,Ocean Reef,Fishing,Unknown,Unknown,no injury,N,12,Unknown
1973.00.00.c,1973,PALAU,Aulong Island,Aulong Channel,Scuba diving (submerged),M,Unknown,no injury,N,Unknown,tiger shark
1960.06.24,1960,USA,Florida,"2 miles east of Dania Beach, Broward County",Scuba diving,M,39,no injury,N,11,mako shark
2001.11.23,2001,AUSTRALIA,New South Wales,"Flat Rock Beach, Lennox Head",Surfing,M,49,no injury,N,Unknown,copper shark
1964.08.08,1964,USA,Florida,"2 miles off Jupiter, Palm Beach County",Spearfishing using scuba,M,28,no injury,N,12,hammerhead shark
1984.07.00.a,1984,SOUTH AFRICA,KwaZulu-Natal,Sodwana,Spearfishing,M,Unknown,no injury,N,Unknown,sandtiger shark
1947.02.23,1947,AUSTRALIA,Queensland,Palm Beach,Fishing,Unknown,Unknown,no injury,N,Unknown,Unknown
1958.11.14,1958,SOUTH AFRICA,Western Cape Province,False Bay,Fishing,M,Unknown,no injury,N,Unknown,Unknown
2015.12.21.b,2015,AUSTRALIA,New South Wales,Bondi Beach,Surfing,M,43,no injury,N,7,copper shark
1947.01.14,1947,AUSTRALIA,New South Wales,"Berry's Bay, Sydney Harbour",Rowing,Unknown,17,no injury,N,Unknown,Unknown
1960.09.02,1960,MARSHALL ISLANDS,Eniwetok Atoll,Lagoon along Sand Island,Free diving / Spearfishing,M,Unknown,no injury,N,12,grey reef shark
1960.09.01,1960,MARSHALL ISLANDS,Eniwetok Atoll,Parry Island,Free diving / Spearfishing,M,Unknown,no injury,N,12,grey reef shark
1960.10.00.a,1960,JOHNSTON ISLAND,Unknown,Unknown,"Free diving / photography, kneeling on sand",M,37,no injury,N,13,Unknown
1986.08.10,1986,SOUTH AFRICA,Western Cape Province,Reef on seaward side of Geyser Island,Spearfishing,M,35,no injury,N,11,white shark
1959.12.07,1959,AUSTRALIA,South Australia,Laura Bay,Spearfishing,M,Unknown,no injury,N,Unknown,Unknown
2004.06.26.a,2004,AUSTRALIA,Western Australia,Floreat Beach,Crayfishing,M,Unknown,no injury,N,Unknown,Unknown
1912.02.22,1912,AUSTRALIA,Western Australia,Bunbury,Hard hat diving,M,Unknown,no injury,N,Unknown,Unknown
2011.01.03,2011,AUSTRALIA,Western Australia,Busselton,Fishing,Unknown,Unknown,no injury,N,12,white shark
2016.07.28,2016,AUSTRALIA,Western Australia,Near Albany,Kayaking,M,Unknown,no injury,N,Unknown,white shark
1914.07.07,1914,CROATIA, Primorje-Gorski Kotar County,Rijeka,Unknown,M,Unknown,no injury,N,Unknown,Unknown
2006.03.15,2006,AUSTRALIA,New South Wales,"Bondi, Sydney",Surfing,M,15,no injury,N,17,copper shark
1929.02.09,1929,AUSTRALIA,Western Australia,Glenelg,Canoeing,Unknown,Unknown,no injury,N,Unknown,blue pointer shark
2001.01.24.R,2001,AUSTRALIA,New South Wales,South West Rocks,Kayaking,M,35,no injury,N,Unknown,Unknown
2015.12.13,2015,AUSTRALIA,New South Wales,Lake Macquarie,Fishing,Unknown,Unknown,no injury,N,10,white shark
2015.10.13,2015,USA,California,"Off Leffingwell Landing, San Luis Obispo County",Kayak Fishing,M,Unknown,no injury,N,11,hammerhead shark
2005.03.27.R,2005,AUSTRALIA,New South Wales,Unknown,Surfing,M,Unknown,no injury,N,Unknown,Unknown
2006.09.02.b,2006,SOUTH AFRICA,Western Cape Province,Noordhoek,Surfing,M,37,no injury,N,Unknown,white shark
2007.01.05,2007,USA,Hawaii,"Majors Bay, Kaua'i",Surfing,M,24,no injury,N,10,tiger shark
2011.06.14.R,2011,UNITED KINGDOM,Cornwall,St. Ives,Fishing,Unknown,Unknown,no injury,N,Unknown,white shark
2014.12.23.R,2014,JAPAN,Unknown,Unknown,Diving / Filming,M,Unknown,no injury,N,Unknown,goblin shark
2017.02.24,2017,AUSTRALIA,Western Australia,"Falcon Bay Beach, Mandurah",Surfing,M,Unknown,no injury,N,9,Unknown
2004.10.01,2004,USA,California,"Lifeguard Tower 16, Huntington Beach, Orange County",Surfing,M,40,no injury,N,14,Unknown
2015.09.06,2015,USA,California,"El Pescador Beach, Los Angeles County",Stand-Up Paddleboarding,F,50,no injury,N,17,white shark
1967.08.00.b,1967,BAHAMAS,Out Islands,Andros Island,Photographing sharks underwater using Scuba,M,41,no injury,N,12,sandbar shark
1996.10.03.a,1996,USA,California,"North Salmon Creek Beach, Sonoma County",Surfing,M,31,no injury,N,7,white shark
2004.06.26.b,2004,USA,California,"San Onofre State Beach, San Diego County",Surfing,M,45,no injury,N,9,white shark
2008.12.27.b,2008,AUSTRALIA,New South Wales,"Long Reef, north of Sydney",Kayaking,M,29,no injury,N,11,white shark
2008.12.20,2008,USA,California,"Dillon Beach, Marin County",Kayaking,M,Unknown,no injury,N,15,white shark
1978.06.07,1978,ITALY,Golfo de Venezia,Acqua alta research platform,Unknown,Unknown,Unknown,no injury,N,Unknown,white shark
1989.08.13,1989,AUSTRALIA,New South Wales,Lennox Head,Surfing,M,17,no injury,N,6,copper shark
1944.01.16,1944,AUSTRALIA,Western Australia,"Cottesloe, Perth",Fishing,M,Unknown,no injury,N,Unknown,Unknown
1978.09.27,1978,SOUTH AFRICA,Western Cape Province,"Miller's Point, False Bay",Spearfishing,M,27,no injury,N,16,white shark
1995.04.09.b,1995,AUSTRALIA,New South Wales,"Honeysuckle Point, Eden",Diving,M,Unknown,no injury,N,Unknown,wobbegong shark
1933.07.03,1933,AUSTRALIA,Western Australia,Broome,Pearl diving,M,Unknown,no injury,N,Unknown,Unknown
2008.12.27.c,2008,AUSTRALIA,New South Wales,Seal Rocks,Boogie Boarding,M,10,no injury,N,Unknown,Unknown
1965.00.00.e,1965,USA,Florida,"Between Palm  & Salerno Inlets, Martin County",Collecting marine specimens,M,Unknown,no injury,N,Unknown,nurse shark
1924.07.04,1924,USA,California,"Newport Beach, Orange County",Fishing,M,14,no injury,N,Unknown,Unknown
2006.08.29.a,2006,AUSTRALIA,South Australia,"Pennington Bay, Kangaroo Island",Surfing,M,Unknown,no injury,N,16,copper shark
1956.05.26.R,1956,SOUTH AFRICA,Western Cape Province,Plettenberg Bay,Fishing,Unknown,Unknown,no injury,N,Unknown,white shark
1962.05.00.R,1962,FIJI,Viti Levu,Near Suva,Fishing,Unknown,Unknown,no injury,N,Unknown,Unknown
1886.08.00.b,1886,USA,New Jersey,"Sandy Hook Bay, Highlands, Monmouth County","Netting menhaden, sharks caught in net",Unknown,Unknown,no injury,N,Unknown,Unknown
1957.11.04.R,1957,AUSTRALIA,New South Wales,Off Scotts,Fishing,Unknown,Unknown,no injury,N,Unknown,Unknown
2015.01.30,2015,AUSTRALIA,Queensland,"Nerang River, Surfer's  Paradise",Rowing,M,57,no injury,N,5,bull shark
2012.08.31,2012,SCOTLAND,Inner Hebrides,Off the Isle of Islay,Shark fishing,M,53,no injury,N,Unknown,porbeagle
1981.00.00.b,1981,AUSTRALIA,New South Wales,Byron Bay,Surf-skiing,M,27,no injury,N,7,tiger shark
1986.10.05,1986,SOUTH AFRICA,KwaZulu-Natal,St. Michaels,Racing ski,M,32,no injury,N,11,Unknown
1948.01.25,1948,AUSTRALIA,New South Wales,"Mona Vale, near Sydney",Surf skiing,M,Unknown,no injury,N,Unknown,Unknown
1982.07.24.b,1982,SOUTH AFRICA,Eastern Cape Province,"Nahoon, East London",Paddleskiing,M,38,no injury,N,16,white shark
1999.01.13,1999,SOUTH AFRICA,Eastern Cape Province,Bonza Beach,Paddle Skiing,M,Unknown,no injury,N,Unknown,white shark
2012.06.03,2012,AUSTRALIA,New South Wales,"Redhead Beach, Newcastle",Surf skiing ,M,30,no injury,N,14,white shark
2008.06.28.a,2008,SOUTH AFRICA,Western Cape Province,Mossel Bay,Surf skiing ,M,46,no injury,N,14,white shark
1965.01.23,1965,SOUTH AFRICA,KwaZulu-Natal,"Country Club Beach, Durban",Paddling rescue ski,M,22,no injury,N,13,white shark
1947.11.14.b,1947,AUSTRALIA,New South Wales,"Knobby's Beach, Newcastle",Fishing from surf ski,M,17,no injury,N,18,Unknown
1947.11.14.a,1947,AUSTRALIA,New South Wales,"Knobby's Beach, Newcastle",Fishing from surf ski,M,16,no injury,N,18,Unknown
1938.01.02,1938,AUSTRALIA,New South Wales,Cronulla,Surf skiing,M,Unknown,no injury,N,Unknown,Unknown
2011.12.07.b,2011,SOUTH AFRICA,KwaZulu-Natal,Between Sodwana & Cape Vidal,Surf skiing ,M,Unknown,no injury,N,Unknown,Unknown
2012.06.20,2012,AUSTRALIA,Western Australia,"Mullaloo Beach, Perth",Surf skiing ,M,62,no injury,N,7,Unknown
1935.01.24.b,1935,AUSTRALIA,New South Wales,"Off Ben Buckler, near Sydney",Fishing,M,Unknown,no injury,N,Unknown,tiger shark
1961.05.07,1961,AUSTRALIA,Western Australia,"Quinnï¿½ï¿½ï¿½ï¿½ï¿½ï¿½ï¿½ï¿½ï¿",Spearfishing,M,Unknown,no injury,N,Unknown,Unknown
1968.02.04,1968,AUSTRALIA,South Australia,Cape Jervis,Spearfishing,M,26,no injury,N,18,copper shark
1992.02.14,1992,JAPAN,Ehime Prefecture,Matsuyama,Diving for pen shells,M,Unknown,no injury,N,10,Unknown
2014.07.05.a,2014,USA,California,"Oceano Dunes State Beach, San Luis Obispo County",Surfing,M,Unknown,no injury,N,8,Unknown
2011.03.10,2011,AUSTRALIA,New South Wales,"Tallow Beach, Byron Bay",Surfing,M,Unknown,no injury,N,Unknown,Unknown
1973.00.00.a,1973,SOUTH AFRICA,Eastern Cape Province,Queensberry Bay,Surfing,M,13,no injury,N,8,Unknown
2006.07.28,2006,SOUTH AFRICA,Western Cape Province,Fish Hoek,Surf-skiing,M,19,no injury,N,16,white shark
2014.06.18.b,2014,AUSTRALIA,South Australia,"Middleton Point, Fleurieu Peninsula",Surfing,M,Unknown,no injury,N,17,Unknown
2009.08.06,2009,USA,Hawaii,Kawa'a ,Surfing,M,Unknown,no injury,N,8,tiger shark
2012.11.04.a,2012,USA,Hawaii,"Davidson's Surf Break, Kekaha, Kaua'i",Surfing,M,43,no injury,N,8,tiger shark
2005.10.13,2005,USA,Hawaii,"Honokowai, Maui",Surfing,M,22,no injury,N,18,tiger shark
1974.03.21,1974,SOUTH AFRICA,KwaZulu-Natal,Amanzimtoti,Surfing,M,21,no injury,N,17,Unknown
2014.10.18,2014,USA,Hawaii,"Maalaea, South Maui",Surfing,M,Unknown,no injury,N,11,Unknown
2010.04.19,2010,USA,Hawaii,"Hanalei Bay, Kauai",Surfing,M,68,no injury,N,16,Unknown
2007.09.16.a,2007,USA,Florida,"Flagler Beach, Flagler County",Surfing,F,15,no injury,N,7,Unknown
2013.03.16.a,2013,SOUTH AFRICA,Western Cape Province,Hawston Beach,Surfing,M,Unknown,no injury,N,Unknown,Unknown
1998.10.18,1998,SOUTH AFRICA,Eastern Cape Province,Glengariff,Surfing,M,30,no injury,N,Unknown,Unknown
2010.01.27,2010,AUSTRALIA,Queensland,Archie's Beach,Surfing,M,Unknown,no injury,N,16,Unknown
1994.09.21,1994,USA,Oregon,"Short Sand Beach, Oswald West State Park",Surfing,M,43,no injury,N,16,white shark
1982.09.30.a,1982,SOUTH AFRICA,Eastern Cape Province,"Nahoon, East London",Surfing,M,16,no injury,N,14,white shark
2015.08.29.b,2015,USA,California,"Morro Strand State Beach, San Luis Obispo County",Surfing,F,54,no injury,N,10,white shark
2006.10.31,2006,USA,Oregon,"Siletz River mouth, Lincoln County",Surfing,M,22,no injury,N,18,white shark
2002.09.27.c,2002,USA,Hawaii,"Kahala, O'ahu",Fishing from Surfboard,M,55,no injury,N,15,blacktip shark
2007.07.22,2007,USA,California,"Malibu, Los Angeles County",Surf paddling,M,Unknown,no injury,N,Unknown,white shark
2012.01.13,2012,USA,Oregon,"Lincoln City, Lincoln County",Surfing,M,53,no injury,N,Unknown,white shark
2015.01.24,2015,AUSTRALIA,New South Wales,Flat Rock,Surfing,M,Unknown,no injury,N,Unknown,Unknown
2009.02.07.b,2009,AUSTRALIA,New South Wales,Cellito Beach,Surfing,M,41,no injury,N,11,white shark
2006.08.15,2006,SOUTH AFRICA,Western Cape Province,Danger Reef,Surfing,M,Unknown,no injury,N,Unknown,Unknown
2008.07.30.R,2008,AUSTRALIA,Victoria,Levys Beach,Surfing,M,31,no injury,N,10,white shark
2010.09.27,2010,USA,Oregon,Winchester Bay,Surfing,M,29,no injury,N,16,white shark
2012.07.31.b,2012,USA,California,"Topanga Beach, Los Angeles County",Surfing,M,17,no injury,N,6,Unknown
2016.04.22,2016,SOUTH AFRICA,Western Cape Province,"Robberg Beach, Plettenberg Bay",Surf-skiing,M,Unknown,no injury,N,8,white shark
2013.11.07.b,2013,USA,New Jersey,"Bay Head, Ocean County",Body boarding,M,16,no injury,N,15,Unknown
1982.07.31,1982,SOUTH AFRICA,KwaZulu-Natal,Amanzimtoti,Boogie boarding,M,20,no injury,N,16,Unknown
1993.03.12,1993,USA,California,"Linda Mar Beach, Pedro Point, San Mateo County",Free diving & spearfishing (ascending),M,55,no injury,N,14,white shark
1972.12.24,1972,SOUTH AFRICA,Western Cape Province,Hartenbos,Swimming,M,Unknown,no injury,N,9,white shark
1979.03.11,1979,USA,California,"Ano Nuevo Island, San Mateo, County",Scuba diving (submerged),M,Unknown,no injury,N,10,white shark
2004.01.22,2004,NEW ZEALAND,Northlands,90 Mile Beach,Boogie boarding,M,Unknown,no injury,N,Unknown,Unknown
2004.01.12,2004,AUSTRALIA,New South Wales,Bushrangers Pass at Bass Point,Diving,M,Unknown,no injury,N,15,sandtiger shark
2013.10.26.a,2013,AUSTRALIA,Western Australia,"Little Island, near Hillarys",Diving for crayfish,M,Unknown,no injury,N,10,white shark
1975.07.19,1975,USA,California,"Point Conception, Santa Barbara County",Hookah diving for abalone,M,34,no injury,N,13,white shark
1991.05.19,1991,SOUTH AFRICA,Western Cape Province,Gordonï¿½ï¿½,Scuba diving,M,Unknown,no injury,N,13,white shark
2007.11.08,2007,AUSTRALIA,New South Wales,"Wategos Beach, Byon Bay",Surfing,M,Unknown,no injury,N,14,Unknown
2012.05.20,2012,USA,Hawaii,"Iroquiois Point, Oahu",Kayak Fishing,M,Unknown,no injury,N,9,tiger shark
1996.08.11,1996,USA,Florida,"Bayshore Garden, Sarasota Bay, Sarasota County",Wade fishing,M,21,no injury,N,14,hammerhead shark
2000.11.21,2000,AUSTRALIA,Queensland,Orpheus Island,Diving (shell maintenance),M,28,no injury,N,Unknown,tiger shark
1961.05.21,1961,USA,California,"Tomales Point, Marin County",Free diving for abalone,M,20,no injury,N,9,white shark
2000.02.03,2000,NEW ZEALAND,South Island,Oreti Beach (reported as the 4th person bitten in NZ in 2000),Surfing,M,12,no injury,N,Unknown,Unknown
2003.08.08,2003,SOUTH AFRICA,Eastern Cape Province,Jeffreyï¿½ï¿½,Sitting on surfboard,M,16,no injury,N,8,white shark
1966.07.03,1966,USA,Florida,"Key Biscayne, Miami, Dade County",Free diving,M,46,no injury,N,7,Unknown
1853.09.28,1853,USA,North Carolina,"Morehead, Carteret County",Commercial Salvage Diving,M,Unknown,no injury,N,Unknown,white shark
2016.07.08,2016,USA,California,"Capitola, Santa Cruz County",Fishing for squid,M,Unknown,no injury,N,Unknown,white shark
2016.07.07.a,2016,USA,California,"Off Palos Verdes peninsula, Los Angeles County",Fishing for sharks,M,Unknown,no injury,N,Unknown,white shark
2014.05.10.R,2014,USA,Florida,"Bethel Shoals, Indian River County",Diving,M,Unknown,no injury,N,Unknown,Unknown
1957.12.31,1957,AUSTRALIA,South Australia,"Port Hughes, 100 miles from Adelaide in Spencer Gulf",Spearfishing,M,Unknown,no injury,N,Unknown,Unknown
1940.02.20,1940,AUSTRALIA,New South Wales,Sydney Harbour,Canoeing,Unknown,Unknown,no injury,N,15,Unknown
2001.06.10,2001,USA,California,Catalina Island,Spearfishing,M,52,no injury,N,9,white shark
1955.04.12,1955,PAPUA NEW GUINEA,Unknown,Abau,Spearfishing,M,Unknown,no injury,N,Unknown,Unknown
1886.08.00.a,1886,USA,New Jersey,"Shrewsbury River, Highlands, Monmouth County",Clamming,M,Unknown,no injury,N,Unknown,Unknown
2005.01.19,2005,AUSTRALIA,Victoria,Port Phillip Bay,Spearfishing,M,Unknown,no injury,N,Unknown,Unknown
2016.09.15,2016,AUSTRALIA,Victoria,Bells Beach,Surfing,M,Unknown,no injury,N,Unknown,Unknown
2006.09.30,2006,SOUTH AFRICA,Western Cape Province,Miller's Point,Spearfishing,M,36,no injury,N,Unknown,Unknown
1893.10.16,1893,CROATIA, Primorje-Gorski Kotar County,"Off Volusca, Opatija",small boat,Unknown,Unknown,no injury,N,Unknown,Unknown
1998.08.27,1998,ITALY,Marches region,12 miles off Senigallia (Adriatic Sea),Fishing,Unknown,Unknown,no injury,N,Unknown,Unknown
1980.00.00.b,1980,SOUTH AFRICA,Eastern Cape Province,Bonza Bay,Spearfishing,M,20,no injury,N,12,Unknown
1946.03.20,1946,AUSTRALIA,South Australia,Grange,Fishing,M,28,no injury,N,19,Unknown
1906.09.00,1906,USA,California,"Avalon, Los Angeles County",Fishing,M,Unknown,no injury,N,Unknown,mako shark
1981.05.20,1981,SOUTH AFRICA,Eastern Cape Province,Nahoon,Surfing,M,27,no injury,N,8,sandtiger shark
1874.07.23,1874,FRANCE,Unknown,Unknown,Fishing,Unknown,Unknown,no injury,N,Unknown,Unknown
1888.01.22,1888,AUSTRALIA,New South Wales,Sydney Harbor,Rowing,M,Unknown,no injury,N,Unknown,Unknown
2017.02.01.b,2017,USA,South Carolina,16 miles off Hilton Head,Tagging sharks,Unknown,Unknown,no injury,N,Unknown,white shark
1880.07.25,1880,USA,New York,The Narrows,Sailing,M,Unknown,no injury,N,15,Unknown
2016.10.13.R,2016,MEXICO,Unknown,Guadalupe Island,Cage Diving,M,Unknown,no injury,N,Unknown,white shark
2015.01.17,2015,AUSTRALIA,New South Wales,Off Blacksmith Beach,Fishing,M,Unknown,no injury,N,13,Unknown
2014.11.17,2014,USA,California,"Franklin Point, San Mateo County",Unknown,Unknown,Unknown,no injury,N,Unknown,white shark
2014.11.19,2014,AUSTRALIA,Western Australia,Freo,Fishing,M,Unknown,no injury,N,Unknown,white shark
1874.11.14.R,1874,CROATIA,Zadar County,"Lika-Senj, Pag Island",Fishing,Unknown,Unknown,no injury,N,Unknown,Unknown
2017.02.06.a,2017,SOUTH AFRICA,KwaZulu-Natal,Eastmoor Crescent Beach,Kayak fishing,M,Unknown,no injury,N,Unknown,tiger shark
1978.02.28,1978,SOUTH AFRICA,Western Cape Province,"Seal Island, False Bay",Fishing for mackerel,Unknown,Unknown,no injury,N,3,Unknown
1909.04.27.R,1909,SPAIN,Andalucia,"Puente Mayorga, San Roque, Cï¿½ï",Fishing,M,Unknown,no injury,N,Unknown,Unknown
2008.07.00,2008,UNITED KINGDOM,Sussex,"Rock-a-Nore, Hastings",Rowing an inflatable dinghy,M,16,no injury,N,Unknown,starry smooth-hound shark
1983.03.10,1983,USA,Florida,"Juno Beach, Palm Beach County",Surfing,M,Unknown,no injury,N,Unknown,Unknown
2016.09.15.R,2016,AUSTRALIA,Western Australia,Bunbury,Fishing,Unknown,Unknown,no injury,N,Unknown,Unknown
1936.08.00,1936,USA,North Carolina,"Pamlico Sound off Frisco, Dare County",Fishing,M,13,no injury,N,Unknown,Unknown
1957.00.00.f,1957,USA,Florida,"Miami, Miami-Dade County",Helmet diving in Miami Seaquarium,M,Unknown,no injury,N,Unknown,bull shark
1959.08.25,1959,JAPAN,Hokkaido Prefecture,"Okushiri Island, Hiyama Subprefecture",Unknown,M,14,no injury,N,Unknown,porbeagle
2007.11.00,2007,MEXICO,Baja California,Guadalupe Island,Shark diving,M,Unknown,no injury,N,Unknown,Unknown
1966.05.16.b,1966,USA,Florida,"Fernandina Beach, Nassau County",Spearfishing / Scuba diving,M,24,no injury,N,14,Unknown
1993.04.00,1993,AUSTRALIA,Tasmania,Barren Joey Island,Spearfishing,M,32,no injury,N,Unknown,Unknown
1992.06.17,1992,JAPAN,Ehime Prefecture,"1.5 km north of Igata-cho, 60 km south of Matsyama",Preparing to fish for jack-mackerel,Unknown,Unknown,no injury,N,12,white shark
2004.00.00,2004,AUSTRALIA,Western Australia,Redgate Beach,Surfing,M,Unknown,no injury,N,9,Unknown
1930.09.12.R,1930,AZORES,Unknown,Unknown,Unknown,Unknown,Unknown,no injury,N,Unknown,Unknown
1940.00.00.f,1940,SLOVENIA,Adriatic Sea,Koper,Boating,Unknown,Unknown,no injury,N,Unknown,white shark
2016.09.05.a,2016,AUSTRALIA,Western Australia,Injidup ,Surfing,M,Unknown,no injury,N,15,Unknown
2016.08.06,2016,USA,Hawaii,Maui,SUP Foil boarding,M,21,no injury,N,16,tiger shark
1963.07.10.R,1963,JAMAICA,Unknown,Unknown,63' fishing boat Sno' Bay foundered,Unknown,Unknown,Unknown,Y,Unknown,Unknown
2004.01.03.a,2004,EGYPT,Sinai Peninsula,Off Sharm El-Sheikh,Air disaster. Flash Airlines Boeing 737 crashed into the Red Sea,Unknown,Unknown,Unknown,Y,3,Unknown
1989.09.09.a,1989,USA,North Carolina,"Salvo, Dare County",Surfing,M,31,Unknown,N,Unknown,sandbar shark
2000.08.11,2000,USA,North Carolina,"Emerald Isle, Carteret County",Swimming ,M,Unknown,Unknown,N,Unknown,Unknown
2000.09.16.a,2000,USA,South Carolina,"Isle of Palms, Charleston County",Unknown,Unknown,Unknown,Unknown,N,Unknown,Unknown
1923.07.02.R,1923,AUSTRALIA,Queensland,Great Barrier Reef,Diving for pearl,M,Unknown,Unknown,N,Unknown,Unknown
1881.00.00.a,1881,ITALY,Sicily,Stretto di Messina,Fishing on a boat,M,Unknown,Unknown,N,Unknown,white shark
1956.00.00.c,1956,PAPUA NEW GUINEA,Milne Bay Province,"Kimuta, Renard Island",Unknown,Unknown,Unknown,Unknown,N,Unknown,Unknown
2006.06.26,2006,USA,Florida,Fort Myers,Fishing,M,Unknown,Unknown,N,15,Unknown
1993.06.29,1993,REUNION,Saint-Paul,Cap de la Marianne,Body boarding,M,16,Unknown,N,Unknown,Unknown
1926.10.23.a,1926,BERMUDA,Unknown,18 miles southwest of Bermuda ,British patrol boat 1250-ton HMS  Valerian foundered in a hurricane,Unknown,Unknown,Unknown,N,1,Unknown
1927.10.25,1927,BRAZIL,Porto Seguro,90 miles off Albrohos Island,Italian liner Principessa Mafalda sank,Unknown,Unknown,no injury,Y,12,Unknown
1987.10.06,1987,DOMINICAN REPUBLIC,Between DR and Puerto Rico,Mona Passage,"Vessel caught fire & capsized, survivors in the water",Unknown,Unknown,no injury,Y,Unknown,Unknown
2014.12.28.d,2014,GREECE,Unknown,33 nautical miles off Othonoi Island,Unknown,Unknown,Unknown,Unknown,N,Unknown,Unknown
1942.03.08,1942,CUBA,Guantanamo Province,30 nm southeast of Guantanamo Bay,Esso Bolivar was torpedoed & shelled by the German submarine U-126,M,Unknown,Unknown,Y,15,Unknown
1943.11.11,1943,PACIFIC OCEAN,Near the Fiji Islands,22ï¿½ï¿½ï¿½ï¿½ï¿½ï¿,The 6711-ton American freighter & troop transport Cape San Juan was torpedoed by the Japanese submarine I-21,M,Unknown,no injury,Y,Unknown,Unknown
1943.03.14,1943,SIERRA LEONE,Unknown,Unknown,"The 21,516-ton troopship Empress of Canada torpedoed and sunk by the Italian submarine Leonardo da Vinci",Unknown,Unknown,Unknown,Y,Unknown,Unknown
1943.12.04,1943,USA,South Carolina,Off Charleston,The Cuban freighter Libertad was torpedoed and sunk by the German submarine U-129,M,Unknown,Unknown,Y,Unknown,Unknown
2008.11.25,2008,PHILIPPINES,Batanes Provine,Luzon Strait,Sinking of the cargo ship Mark Jason,M,Unknown,Unknown,N,Unknown,Unknown
1963.05.14,1963,PHILIPPINES,Luzon Island,100 miles southeast of Manila,"Boat, with 42 passengers onboard, capsized in rough seas",Unknown,Unknown,Unknown,Y,Unknown,Unknown
1960.09.22,1960,PACIFIC OCEAN,180 miles southeast of Okinawa,Unknown,R5D aircraft went down with 29 on board,M,Unknown,Unknown,N,Unknown,Unknown
1942.11.00.b,1942,PACIFIC OCEAN,Between Hawaii and U.S.A.,Unknown,In rubber dinghy with Captain Eddie Rickenbacker for 21 days. ,M,Unknown,Unknown,N,Unknown,Unknown
1973.06.13,1973,HONG KONG,Unknown,Unknown,Freedom Swimming,M,Unknown,Unknown,N,Unknown,Unknown
1965.08.30,1965,PHILIPPINES,Unknown,"Grounded off Scarborough Shoals, 150 miles northwest of Manila in the South China Sea","Arsinoe, a French tanker",M,Unknown,Unknown,Y,Unknown,Unknown
1963.12.22.b,1963,ATLANTIC OCEAN,Between Southampton & Canary Islands,Unknown,"Greek steamship Lakonia caught fire, 98 of her 646 passengers, and 30 of her crew of 376 perished",F,Unknown,Unknown,N,Unknown,Unknown
1941.12.07,1941,SOUTH ATLANTIC OCEAN,Unknown,Unknown,Torpedoed & burning British  light cruiser with a crew of 450 men,Unknown,Unknown,Unknown,Y,Unknown,bull shark
1942.11.13.b,1942,SOLOMON ISLANDS / VANUATU,Unknown,"North of Guadalcanal, Solomon Islands while enroute to Vanuatu",Explosion & sinking of the USS Juneau after being torpedoed by the submarine  I-85,M,Unknown,Unknown,Y,11,Unknown
1942.01.18,1942,AUSTRALIA,New South Wales,Fairy Bower,Unknown,Unknown,Unknown,Unknown,N,Unknown,Unknown
1879.03.10,1879,AUSTRALIA,New South Wales,Near Sydney ,The steamship Bonnie Dundee lost in collision,M,Unknown,Unknown,Y,Unknown,Unknown
1733.00.00,1733,ICELAND,Bardestrand,Talkknefiord,Unknown,Unknown,Unknown,Unknown,Y,Unknown,Unknown
1877.08.28.R,1877,INDIAN OCEAN,Unknown,Unknown,Unknown,M,Unknown,Unknown,Y,Unknown,Unknown
1960.08.25,1960,USA,Texas,30 miles east of Corpus Christi,Aircraft crashed into sea,M,Unknown,Unknown,Y,Unknown,hammerhead shark
1967.11.04,1967,PHILIPPINES,Rombion Province,Off Sibuyan Island,Sinking of the M/V Mindoro during a typhoon,Unknown,Unknown,Unknown,Y,Unknown,Unknown
1959.00.00.a,1959,PAPUA NEW GUINEA,Morobe Province,Unknown,Fishing,M,Unknown,Unknown,N,Unknown,Unknown
1986.04.20,1986,USA,Hawaii,"Kaliiwi, Kauai","Fishing, fell from rocks & disappeared",M,Unknown,Unknown,Y,Unknown,Unknown
1902.01.19.R,1902,SOUTH AFRICA,KwaZulu-Natal,Durban,Unknown,M,Unknown,Unknown,Y,Unknown,Unknown
1962.01.18,1962,SOUTH AFRICA,KwaZulu-Natal,Margate,"Fishing, slipped on rocks & fell into sea",M,40,Unknown,Y,13,bull shark
1987.11.00,1987,SOUTH AFRICA,KwaZulu-Natal,St. Lucia,Unknown,M,Unknown,Unknown,N,Unknown,Unknown
1862.08.02.R,1862,SPAIN,Malaga,Fuengirola,Unknown,M,Unknown,Unknown,N,Unknown,Unknown
1976.04.28,1976,USA,Texas,Galveston Island,Unknown,Unknown,Unknown,Unknown,Y,Unknown,Unknown
2014.02.07.b,2014,TRINIDAD & TOBAGO,Trinidad,Unknown,Fishing,M,Unknown,Unknown,N,Unknown,Unknown
1952.08.06,1952,SOUTH AFRICA,Eastern Cape Province,Nelsonï¿½ï¿½ï,Unknown,M,18,Unknown,Y,Unknown,bull shark
1875.08.10,1875,SOUTH AFRICA,KwaZulu-Natal,"Back Beach, Durban",Unknown,Unknown,Unknown,Unknown,Y,Unknown,Unknown
1910.05.16.R,1910,USA,Alabama,"Off Fort Gaines, Dauphin Island, Mobile County","Unknown, their unoccupied yawlboat was recovered",M,Unknown,Unknown,N,Unknown,Unknown
1990.04.08,1990,AUSTRALIA,Queensland,"Dingo Reef, 80 nm off Townsville",Free diving for trochus,M,37,Unknown,Y,Unknown,Unknown
1964.03.28.a,1964,PAPUA NEW GUINEA,Central Province,30 miles from Port Moresby,"Canoe capsized with 10 occupants, 8 survived,  Hamilton swam off to seek help",M,32,Unknown,Y,0,Unknown
1916.06.24.R,1916,ATLANTIC OCEAN,Unknown,Unknown,Jumped overboard from Norwegian steamship Venator,M,Unknown,Unknown,Y,Unknown,Unknown
1987.04.15,1987,USA,Hawaii,"Kailua-Kona, Hawai'i",Swimming from shore to anchored sailboat,M,Unknown,Unknown,Y,Unknown,Unknown
1995.09.13,1995,USA,Florida,"Alligator Reef, off Islamorada, Monroe County",Scuba diving,M,25,Unknown,Y,Unknown,bull shark
2002.03.03,2002,NEW CALEDONIA,Loyalty Islands,Lifou,Spearfishing,M,44,Unknown,Y,Unknown,Unknown
2007.01.14,2007,SOUTH AFRICA,Eastern Cape Province,"Second Beach, Port St. John's",Swimming / Body Surfing,M,24,Unknown,Y,15,tiger shark
1979.03.00,1979,NEW CALEDONIA,Grand Terre,"Five Mile Beach, I'le Ouen",Spearfishing,M,Unknown,Unknown,Y,Unknown,Unknown
1864.00.00,1864,AUSTRALIA,South Australia,"Corio Bay, Port Phillip",Swimming,M,Unknown,Unknown,Y,Unknown,Unknown
1997.01.20,1997,AUSTRALIA,Western Australia,Geraldton,Windsurfing,M,41,Unknown,Y,18,tiger shark
1996.12.00.b,1996,NEW CALEDONIA,Unknown,Unknown,Spearfishing,M,Unknown,Unknown,Y,Unknown,Unknown
1999.12.14,1999,USA,California,"Off Ventura, Anacapa & Santa Cruz Islands",Scuba diving,M,Unknown,Unknown,Y,Unknown,Unknown
2005.07.17.b,2005,LIBERIA,Unknown,Unknown,Swimming,M,Unknown,Unknown,Y,Unknown,Unknown
1980.11.17,1980,SOUTH AFRICA,KwaZulu-Natal,Mnini,Swimming,M,Unknown,Unknown,Y,Unknown,Unknown
1959.08.02,1959,ITALY,Tuscany,"Cala del Corvo, Isola del Giglio",Scuba diving,M,27,Unknown,Y,Unknown,Unknown
2000.05.09,2000,AUSTRALIA,Victoria,"Koonya Beach, Melbourne",Unknown,Unknown,Unknown,Unknown,Y,Unknown,Unknown
1872.01.28,1872,Fiji,Lomaiviti Provine,"Levuka Point, Ovalau Island",boat capsized,M,Unknown,Unknown,Y,18,Unknown
1860.03.27,1860,COOK ISLANDS,Mangaia Island,Unknown,43-ton schooner Irene capsized & sank,M,Unknown,Unknown,Y,Unknown,Unknown
1818.05.22.R,1818,NORWAY,Unknown,Herï¿,Unknown,M,Unknown,Unknown,N,Unknown,Unknown
1981.01.01,1981,SOUTH AFRICA,KwaZulu-Natal,Widenham,Swimming,M,23,Unknown,Y,Unknown,tiger shark
1980.12.26,1980,SOUTH AFRICA,Eastern Cape Province,Port Elizabeth,Unknown,Unknown,Unknown,Unknown,Y,Unknown,Unknown
1924.02.08,1924,AUSTRALIA,Queensland,Currumbin,Bathing,M,Unknown,Unknown,Unknown,16,Unknown
1895.09.18,1895,CUBA,Havana Province,Havana Harbor,Shipwreck,M,Unknown,Unknown,Y,21,Unknown
1944.11.01,1944,AUSTRALIA,Queensland,Maroochydore Beach,Swimming,M,Unknown,Unknown,Y,Unknown,Unknown
1902.04.00,1902,SOUTH AFRICA,Eastern Cape Province,Algoa Bay,Swimming,M,Unknown,Unknown,Y,Unknown,Unknown
1900.10.27,1900,SOUTH AFRICA,Western Cape Province,"Woodstock Beach, Cape Town",Swimming,M,Unknown,Unknown,Y,Unknown,Unknown
1888.06.18.R,1888,AUSTRALIA,Victoria,"Point Cook, Port Phillip Bay",The cutter yacht Cutty Sark sank,M,Unknown,Unknown,Y,Unknown,Unknown
1886.04.11,1886,NEW ZEALAND,South Island,Near the mouth of the Clarence River,Sea disaster : Wreck of the Taiaroa,M,Unknown,Unknown,Y,Unknown,Unknown
1905.08.24,1905,EGYPT,Suez Canal,Port Said,Human head found in shark caught by British steamer Syria,Unknown,Unknown,Unknown,Y,Unknown,tiger shark
1985.09.08.b,1985,SOUTH AFRICA,KwaZulu-Natal,T.O. Strand,Swimming,M,21,Unknown,Y,Unknown,Unknown
1985.01.18,1985,SOUTH AFRICA,KwaZulu-Natal,Umzimkulu,Unknown,M,Unknown,Unknown,Y,Unknown,Unknown
1975.04.18,1975,SOUTH AFRICA,KwaZulu-Natal,Durban,Unknown,M,Unknown,Unknown,Y,Unknown,Unknown
1975.03.29,1975,SOUTH AFRICA,KwaZulu-Natal,Tongaat,Swimming,M,Unknown,Unknown,Y,Unknown,white shark
1983.11.10,1983,SOUTH AFRICA,KwaZulu-Natal,Tongaat,Swimming,F,Unknown,Unknown,Y,Unknown,Unknown
2012.07.21,2012,TRINIDAD & TOBAGO,Trinidad,"Off Radix Village, Mayoro County",Swimming,M,24,Unknown,Y,Unknown,Unknown
2008.04.18,2008,MEXICO,Quintana Roo,"Delfines Beach, Cancun",Swimming,M,32,Unknown,Y,18,Unknown
2008.06.28.c,2008,USA,Hawaii,"Kamilo Point, Hawai'i",Wading,M,53,Unknown,Y,15,Unknown
2013.06.27,2013,JAMAICA,Kingston Parish,Port Royal,Unknown,M,20,Unknown,Y,Unknown,Unknown
2009.01.26.R,2009,BRAZIL,Unknown,Praia do Olho d'Aqua,Unknown,M,17,Unknown,Y,Unknown,Unknown
1981.06.12,1981,USA,Hawaii,"Honoli'i Pali, Hilo Bay ('Alae Point), Hawai'i",Unknown,M,Unknown,Unknown,Y,Unknown,Unknown
2003.01.17,2003,SOUTH AFRICA,Western Cape Province,"Near the lagoon at Table View, Cape Peninsula",Unknown,M,14,Unknown,Y,Unknown,Unknown
1947.07.27.R,1947,USA,California,"Santa Monica, Los Angeles County",Fishing,M,46,Unknown,N,Unknown,Unknown
1972.12.08,1972,AUSTRALIA,New South Wales,"Marineland, Sydney",Unknown,Unknown,24,Unknown,N,Unknown,Unknown
1971.11.25.R,1971,AUSTRALIA,New South Wales,"Marineland, Sydney",Unknown,Unknown,20,Unknown,N,Unknown,Unknown
1970.09.02,1970,AUSTRALIA,New South Wales,"Marineland, Sydney",Unknown,M,20,Unknown,N,Unknown,Unknown
1969.11.05,1969,AUSTRALIA,New South Wales,"Marineland, Sydney",Unknown,M,27,Unknown,N,Unknown,Unknown
2010.10.25,2010,AZORES,Unknown,350 miles from Faial Island,Fishing,M,Unknown,Unknown,N,Unknown,Unknown
1983.02.20,1983,SOUTH AFRICA,KwaZulu-Natal,Mtunzini,Paddleskiing,M,16,buttock,N,12,Unknown
1956.02.10.R,1956,AUSTRALIA,Victoria,Cowes,Swimming,M,8,calf,N,Unknown,Unknown
1948.08.03,1948,IRAN,Shatt-al-Arab River,Bashamir,Swimming,M,15,thigh,N,Unknown,Unknown
1960.00.00.h,1960,CARIBBEAN SEA,Unknown,"Between Key West, Florida & Guantanamo Bay, Cuba",Aircraft crashed into sea,M,Unknown,Unknown,N,Unknown,Unknown
1946.07.18.b,1946,IRAN,Khuzestan Province,"Dorquain, on the Karun River","Fishing, probably with a net",M,12,arm,N,Unknown,Unknown
1967.05.09,1967,AUSTRALIA,Unknown,Aquarium,Feeding a shark,M,22,Unknown,N,15,sandtiger shark
1967.11.30.b,1967,AUSTRALIA,New South Wales,Wollongong,Freediving,M,15,Unknown,N,Unknown,sandtiger shark
1968.00.00.b,1968,USA,Florida,"Key West, Monroe County",Diving,Unknown,Unknown,Unknown,N,13,nurse shark
1931.01.24,1931,AUSTRALIA,Torres Strait,Near Thursday Island,Unknown,M,Unknown,Unknown,N,Unknown,Unknown
1880.00.00.a,1880,NEW ZEALAND,South Island,Campbellï¿½ï¿½ï¿,Unknown,M,Unknown,Unknown,N,Unknown,Unknown
1842.00.00.a,1842,AUSTRALIA,New South Wales,Sydney Harbor,"Unknown, but it was said to be the ""First known attack in Sydney Harbour""",M,Unknown,Unknown,N,Unknown,Unknown
ND.0073,1963,SINGAPORE,Unknown,"Keppel Harbor,  2 miles from Singapore city center",Swimming,Unknown,Unknown,Unknown,N,Unknown,Unknown
1929.12.21,1929,AUSTRALIA,Torres Strait,Thursday Island,Diving,M,Unknown,Unknown,N,Unknown,Unknown
1953.07.11,1953,PACIFIC OCEAN,330 to 350 miles east of Wake Island,Unknown,Royal Hawaiian skymaster DC-6B aircraft went down with  58 passenger & crew,Unknown,Unknown,Unknown,N,Unknown,Unknown
1942.06.08.R,1942,BRAZIL,Unknown,Unknown,boat capsized during filming,M,Unknown,Unknown,Y,Unknown,Unknown
1967.09.20,1967,USA,Hawaii,"Kailua Bay, O'ahu",Boat capsized between O'ahu & Molokai,M,Unknown,Unknown,Y,Unknown,Unknown
1908.06.02.R,1908,PAPUA NEW GUINEA,New Britain,Matupi,Unknown,Unknown,Unknown,Unknown,Y,Unknown,Unknown
1930.04.08,1930,SOUTH AFRICA,Eastern Cape Province,Bashee River,Unknown,M,17,Unknown,Y,Unknown,blue shark
1930.01.22,1930,MEXICO,Veracruz,Panuco River Mouth,Fishing schooner Jose Luis foundered,Unknown,Unknown,Unknown,Y,Unknown,Unknown
1909.06.26.b.R,1909,SOUTH AFRICA,Western Cape Province,Cape Town,Unknown,M,Unknown,Unknown,Y,Unknown,Unknown
1984.01.04,1984,SOUTH AFRICA,KwaZulu-Natal,Umlaas Canal,Unknown,F,14,Unknown,Y,Unknown,Unknown
2001.06.09,2001,AUSTRALIA,New South Wales,Lord Howe Island (island group 440 miles northeast of Sydney),Hiking on the beach,M,75,Unknown,Y,Unknown,Unknown
1987.12.13,1987,AUSTRALIA,New South Wales,Shoalhaven,Unknown,F,17,Unknown,Y,Unknown,tiger shark
1962.01.08,1962,AUSTRALIA,New South Wales,Lake Illawarra,Swimming,M,25,Unknown,Y,Unknown,Unknown
1982.09.04,1982,USA,Florida,"Hollywood Beach, Broward County",Unknown,M,25,Unknown,Y,Unknown,tiger shark
1934.08.26.R,1934,ITALY / CROATIA,Unknown,Kralievica,Swimming,F,Unknown,Unknown,N,Unknown,white shark
2000.03.03.R,2000,NEW ZEALAND,North Island,Between the Kakanui River and Campbell's Bay,Kayaking,M,27,Unknown,Y,Unknown,Unknown
1989.01.26.b,1989,USA,California,"Latigo Point / Paradise Cove, west of Malibu, Los Angeles County",Kayaking,M,24,Unknown,Y,10,white shark
1898.07.26.R,1898,AUSTRALIA,New South Wales,Sydney,Swimming after their boat capsized,M,Unknown,Unknown,Y,Unknown,Unknown
1905.01.01,1905,AUSTRALIA,Victoria,Elwood,Bathing,M,39,Unknown,Y,Unknown,Unknown
1924.04.22,1924,PANAMA,150 miles offshore,Unknown,"Floating, after falling or jumping off the Standard Oil tanker Frederick W. Weller",M,21,Unknown,N,Unknown,Unknown
2006.03.28.R,2006,Sierra Leone,Western Area,"Lumely Beach, Freetown",Fishing,M,Unknown,Unknown,Y,Unknown,Unknown
2008.12.30,2008,AUSTRALIA,Western Australia,Port Kennedy Beach,Crabbing,Unknown,Unknown,Unknown,N,9,Unknown
1960.07.02.a,1960,PAPUA NEW GUINEA,Madang,"Bimat, Bogia",Fishing,M,Unknown,buttock,N,Unknown,Unknown
1958.04.19,1958,TAIWAN,Taipei Hsien,Off Cape of Pi-tou,Diving,M,29,Unknown,N,17,mako shark
2015.11.16,2015,USA,Florida,"Playalinda Beach, Brevard County",Surfing,M,Unknown,heel,N,15,Unknown
1956.10.27,1956,SOUTH AFRICA,Western Cape Province,"Glencairn, False Bay",Free diving for sinkers,M,29,heel,N,Unknown,white shark
1988.07.17,1988,BAHAMAS,Unknown,Unknown,Diving,M,35,hand,N,Unknown,caribbean reef shark
2005.11.27,2005,USA,Florida,"Ponce Inlet, New Smyrna Beach, Volusia County",Surfing,M,23,finger,N,13,Unknown
1951.06.00,1951,FRENCH POLYNESIA,Tuamotus,"Outer edge of Hikueru, one of the Central Tuamotu atolls",Spearfishing,M,39,finger,N,11,Unknown
ND.0086,1975,PAPUA NEW GUINEA,Milne Bay  Province," D'Entrecasteaux islands, 20 miles off the coast",Scuba diving,M,Unknown,Unknown,Y,Unknown,tiger shark
1935.06.00.a,1935,PAPUA NEW GUINEA,Northern (Oro) Province,"Dobu Passage,  D'Entrecasteaux Islands (between Normanby & Fergusson Islands)",Unknown,Unknown,Unknown,Unknown,N,Unknown,Unknown
1978.10.21,1978,SOUTH AFRICA,KwaZulu-Natal,"Fishing camp, St. Lucia Estuary",Fishing,M,Unknown,Unknown,Y,18,tiger shark
1978.09.02.R,1978,AUSTRALIA,Tasmania,"Cape Pillar, Storm Bay",Scuba diving for abalone,M,34,torso,N,Unknown,Unknown
1933.01.04,1933,AUSTRALIA,Queensland,"Strand Beach, Kissing Point, Townsville",Swimming,M,38,abdomen,Y,17,Unknown
2015.01.06,2015,BAHAMAS,Abaco Islands,"Tahiti Beach, Elbow Cay",Snorkeling,F,34,Unknown,N,16,white shark
1931.01.07,1931,AUSTRALIA,Queensland,"Yeppoon, near Ross Creek",Swimming,M,18,Unknown,N,16,Unknown
2002.03.24,2002,BRAZIL,Pernambuco,"Boa Viagem Beach, Recife",Swimming,M,16,Unknown,Y,17,Unknown
2007.12.18,2007,AUSTRALIA,New South Wales,Jimmy's Beach,Surfing,M,31,buttock,N,11,Unknown
1927.02.00,1927,NEW ZEALAND,South Island,"Menzies Bay, Banks Peninsula, ",Fishing,M,70,Unknown,N,Unknown,mako shark
1879.08.30.R,1879,FIJI,Lau Group,Totoya  ,Unknown,M,Unknown,heel,N,Unknown,Unknown
1886.08.00.c,1886,USA, New Jersey,"Shrewsbury River, Highlands, Monmouth County",Unknown,M,Unknown,no injury,N,Unknown,Unknown
2008.09.07,2008,AUSTRALIA,New South Wales,"Clarks Beach, Byron Bay",Surfing,M,51,no injury,N,12,Unknown
1874.04.20.R,1874,CANADA,Newfoundland,St. Pierre Bank ,Fishing,M,Unknown,Unknown,N,Unknown,white shark
1999.10.30.a,1999,USA,Florida,"Gulfstream Park beach, Palm Beach County",Body surfing,M,13,Unknown,N,15,Unknown
2008.12.06,2008,AUSTRALIA,New South Wales,Mowarry Point,Fishing,Unknown,Unknown,no injury,N,9,white shark
1870.00.00,1870,AUSTRALIA,Tasmania,Derwent River,Canoeing,M,Unknown,Unknown,N,Unknown,Unknown
1975.02.14.R,1975,SOUTH AFRICA,Western Cape Province,Plettenberg Bay,Unknown,Unknown,Unknown,Unknown,N,Unknown,mako shark
1961.04.17,1961,SOUTH AFRICA,Eastern Cape Province,Port Elizabeth Oceanarium,Diving,M,Unknown,Unknown,N,Unknown,lemon shark
2006.08.22.b,2006,BRAZIL,Pernambuco,Pina,Unknown,M,17,Unknown,Y,Unknown,Unknown
2014.03.29,2014,AUSTRALIA,Western Australia,Off Dawesville Cut,Diving for lobsters,M,38,Unknown,Y,13,Unknown
2005.03.10,2005,SOUTH AFRICA,KwaZulu-Natal,Isipingo,Unknown,M,51,Unknown,N,Unknown,tiger shark
2006.04.23.R,2006,USA,Florida,"Alligator Reef off Islamorada, Monroe County",Unknown,M,Unknown,Unknown,Y,Unknown,Unknown
2013.05.08.b,2013,USA,California,"Tourmaline Surf Park, San Diego County",Surfing,M,42,Unknown,Y,Unknown,Unknown
2007.12.19,2007,BRITISH VIRGIN ISLANDS,Green Bay,Unknown,Scuba diving,M,53,Unknown,Y,Unknown,Unknown
2010.02.04,2010,GUAM,Merizo,Achang Reef,Spearfishing (free diving),M,31,Unknown,Y,11,Unknown
1976.03.09,1976,SOUTH AFRICA,Western Cape Province,"2 km from Macassar, False Bay",Unknown,Unknown,Unknown,no injury,N,Unknown,white shark
1960.12.27.a.,1960,AUSTRALIA,New South Wales,"Bondi Beach, Sydney",Unknown,F,27,Unknown, N,Unknown,Unknown
1968.08.24,1968,USA,Florida,Half mile north of Juno Beach Pier,Playing with a frisbee in the shallows,Unknown,11,Unknown,N,16,hammerhead shark
1935.06.00.b,1935,AUSTRALIA,South Australia,Off Port Broughton,Unknown,Unknown,Unknown,Unknown,N,Unknown,Unknown
ND.0031,1942,PAPUA NEW GUINEA,Madang Province,Off Lae,"Aircraft ditched in the sea, swimming ashore",M,Unknown,Unknown,N,Unknown,Unknown
1863.02.05,1863,SOUTH AFRICA,KwaZulu-Natal,"Back Beach, Durban","Swimming, caught in strong backwash & disappeared",M,26,Unknown,Y,Unknown,Unknown
1837.00.00.a,1837,USA,South Carolina,ýSouthern Wharfý,Unknown,M,Unknown,Unknown,Y,Unknown,Unknown
1836.07.26.R,1836,SPAIN,Unknown,Unknown,Unknown,Unknown,Unknown,Unknown,Y,Unknown,Unknown
1976.05.02,1976,SOUTH AFRICA,Western Cape Province,40 km off Cape Point,Competing in a light tackle game fishing,Unknown,Unknown,no injury,N,Unknown,mako shark
1946.00.00.b,1946,SOUTH AFRICA,Western Cape Province,Table Bay,Unknown,Unknown,Unknown,no injury,N,Unknown,Unknown
1947.07.00,1947,GREECE,Carpathian Sea,Dodecanese Islands,Jumped overboard ,M,Unknown,Unknown,N,Unknown,Unknown
2014.08.29.a,2014,USA,Florida,"Atlantic Beach, Duval County",Unknown,Unknown,Unknown,Unknown,N,16,Unknown
1919.03.16,1919,AUSTRALIA,New South Wales,Sydney Harbor,Cutter capsized,M,Unknown,Unknown,Unknown,15,Unknown
1915.05.15.R,1915,EGYPT,Unknown,Alexandria,Fell overboard,M,Unknown,Unknown,Y,Unknown,Unknown
2006.08.22.a,2006,BELIZE,Ambergris Caye,Near Ramon's Village,Spearfishing,M,34,Unknown,Y,Unknown,Unknown
1961.09.06,1961,AUSTRALIA,Western Australia,Broome,Attaching a line at sea,Unknown,Unknown,Unknown,Y,Unknown,Unknown
2007.09.22.b,2007,USA,Florida,Jupiter Inlet,Scuba diving,F,Unknown,Unknown,Y,Unknown,Unknown
2007.01.19,2007,AUSTRALIA,New South Wales,Brunswick Heads,Swimming,M,20,Unknown,Y,Unknown,Unknown
2007.05.08,2007,AUSTRALIA,New South Wales,Kingscliff Beach,Swimming,M,45,Unknown,Y,12,Unknown
1941.08.05,1941,AUSTRALIA,New South Wales,Parramata River,Swimming,M,Unknown,Unknown,Y,Unknown,Unknown
1881.10.16,1881,USA,Florida,"Pensacola Bay, Escambia County",Bathing,M,18,Unknown,Y,Unknown,Unknown
1873.06.09.R,1873,AUSTRALIA,New South Wales,Newcastle ,Bathing,M,Unknown,Unknown,Y,Unknown,Unknown
1937.02.02,1937,AUSTRALIA,South Australia,Port Germein,12 of the Penang's crew were returning to the ship when their 12' dinghy capsized,M,Unknown,Unknown,Y,21,Unknown
1937.03.09,1937,AUSTRALIA,Victoria,Port Melbourne,Swimming,M,43,Unknown,Y,Unknown,Unknown
1930.05.11,1930,COSTA RICA,Limï¿½ï¿½ï¿½ï¿,Off Porto Limon,Air disaster,Unknown,Unknown,Unknown,Y,Unknown,Unknown
1852.12.19,1852,AUSTRALIA,New South Wales,"Clark's Island, Sydney Harbor",Swimming,M,Unknown,Unknown,Y,Unknown,Unknown
1977.02.04,1977,AUSTRALIA,Victoria,Sorrento Back Beach,Unknown,M,Unknown,Unknown,Y,Unknown,Unknown
2000.08.10,2000,USA,Florida,Florida Keys,Attempting to illegally enter the USA,M,22,Unknown,Y,Unknown,Unknown
1881.11.13,1881,AUSTRALIA,New South Wales,"Johnstone's Bay, Sydney",Swimming,M,Unknown,Unknown,N,18,Unknown
2012.07.24,2012,USA,North Carolina,"Ocean Isle, Brunswick County",Unknown,M,12,Unknown,N,11,Unknown
1963.02.04,1963,USA,Florida,Off Key West,"S.S. Marine Sulphur Queen, laden with molten sulphur was bound from Beaumont, Texas for Norfolk, VA, when she disappeared with 39 on board",M,Unknown,Unknown,Y,Unknown,Unknown
1946.12.24.R,1946,AUSTRALIA,Queensland,"Auckland Creek, Gladstone",Unknown,Unknown,Unknown,Unknown,N,Unknown,Unknown
1803.03.00,1803,AUSTRALIA,Western Australia,"Hamelin Harbour, at Faure Island",Unknown,M,Unknown,Unknown,N,Unknown,Unknown
1960.11.11,1960,AUSTRALIA,Queensland,"Scottï¿½ï¿½ï¿½ï¿½ï¿½ï¿½ï¿½ï¿½ï¿½s ",Chasing shark out of bathing area while riding on a surf-ski,M,17,Unknown, N,15,Unknown
1977.08.19,1977,SOUTH AFRICA,Western Cape Province,Off Macassar Beach,Fishing,M,Unknown,no injury,N,13,white shark
1936.07.00,1936,SOUTH AFRICA,Western Cape Province,Cape Point,"Fishing, catching snoek, Thyrsites atun",Unknown,Unknown,no injury,N,Unknown,Unknown
2014.03.18.b,2014,AUSTRALIA,Victoria,Winkipop Beach,Surfing,M,42,no injury,N,9,Unknown
2011.06.24,2011,USA,California,"San Onofre State Beach, San Diego County",Surfing,M,Unknown,no injury,N,13,white shark
1960.04.00.a,1960,SOUTH AFRICA,Western Cape Province,Saldanha Bay,Fishing,Unknown,Unknown,no injury,N,Unknown,white shark
1962.01.06,1962,SOUTH AFRICA,Western Cape Province,6 km off Groot Brak River,Fishing,Unknown,Unknown,no injury,N,Unknown,Unknown
1976.06.02.R,1976,ITALY,Reggio Calabria Province,Bovalino,Fishing,M,46,no injury,N,Unknown,blue shark
1960.10.00.b,1960,SOUTH AFRICA,Western Cape Province,False Bay,Fishing,Unknown,Unknown,no injury,N,Unknown,white shark
1994.12.09.b,1994,AUSTRALIA,Queensland,"Hinchinbrook Channel, Queensland",Murder victim,M,44,Unknown,N,Unknown,Unknown
1806.04.24,1896,USA,Unknown,Unknown,Sea Disaster,Unknown,Unknown,Unknown,Y,Unknown,Unknown
2009.04.06.a,2009,USA,California,San Diego County,Spearfishing,M,Unknown,Unknown,N,7,white shark
1848.07.00,1848,ENGLAND,Norfolk,Hunstanton,Standing,M,Unknown,Unknown,N,Unknown,Unknown
1958.08.31,1958,MEXICO,Baja California,Ensenada,Boat stopped to repair electric pump,Unknown,Unknown,Unknown,N,7,hammerhead shark
1982.02.13,1982,USA,Florida,"Palm Beach, Palm Beach County",Swimming,F,75,Unknown,Y,10,Unknown
2005.04.17.R,2005,AUSTRALIA,New South Wales,Crookhaven,Unknown,Unknown,Unknown,no injury,N,Unknown,Unknown
1953.03.00.c,1953,INDIAN OCEAN,Unknown,Between Straits of Malacca and Sri Lanka,Adrift on a 4'  raft for 32 days,Unknown,Unknown,Unknown,Y,Unknown,Unknown
1960.10.00.d,1960,RED SEA / INDIAN OCEAN,Enroute from Suez to Aden (Yemen),Unknown,Cargo ship El Gamil entroute Suez to Yemen (Aden) when her cargo shifted and she sank. 19 Egyption sailors jumped into the water and swam for several hours before being bitten by sharks,M,Unknown,Unknown,Y,Unknown,Unknown
1951.10.05,1951,NORTH ATLANTIC OCEAN,South Carolina,400 miles off the le,cargo ship Southern Isle sank at 04h00,Unknown,Unknown,Unknown,N,Unknown,Unknown
2000.05.13,2000,NEW CALEDONIA,South Province,Mont Dore,"Air Disaster - Piper aircraft crashed into the sea, killing all on board",Unknown,Unknown,Unknown,Y,Unknown,bull shark
1966.01.25,1966,INDONESIA,North Sumatra,Near Belawan,wreck of the State Oil Company ship Permina,Unknown,Unknown,Unknown,Y,Unknown,Unknown
1897.06.09,1897,YEMEN ,Socotra Islands,Socotra,Wreck of the steamship Sultan of Bombay,Unknown,Unknown,Unknown,Y,Unknown,Unknown
1959.01.31,1959,AUSTRALIA,Western Australia,South Perth,Working prawn net,M,20,Unknown,N,21,sandtiger shark
1963.09.26,1963,USA,Florida,100 miles offshore,"Commercial fishing vessel, Ev-nn, struck object & sank. Ken Crosby and  Jame & Ann Dumas adrift on makeshift raft.",Unknown,25,Unknown,Y,Unknown,dusky shark
1909.01.00,1909,ITALY,Sicily,"Off Capo San Croce, near Augusta (Catania)","On December 28, 1908, an earthquake, followed by tsunamis, destroyed coastal towns in Silcily and southern Italy, killing more than 100,000 people",Unknown,Unknown,shin,Y,Unknown,Unknown
1935.03.11,1935,AUSTRALIA,New South Wales,Newcastle,Surfing,M,Unknown,shin,N,Unknown,Unknown
1936.02.04,1936,AUSTRALIA,New South Wales,"South Steyne, Manly",Swimming,M,14,shin,Y,15,white shark
1956.06.22,1956,PORTUGAL,Madeira,Off Funchal,Longling fishing,M,23,shin,Y,Unknown,Unknown
1947.12.15.R,1947,SOUTH AFRICA,KwaZulu-Natal,Durban,Unknown,Unknown,Unknown,shin,Y,Unknown,tiger shark
2017.06.04,2017,USA,Florida,"Middle Sambo Reef off Boca Chica, Monroe County",Spearfishing,M,Unknown,shin,N,Unknown,Unknown
1998.08.12,1998,SOUTH AFRICA,Transvaal,"National Zoological Gardens Aquarium, Pretoria",Moving a shark in a net ,M,Unknown,shin,N,Unknown,sandtiger shark
2014.08.29.b,2014,USA,Florida,"Ponce Inlet, Volusia County",Surfing,M,17,shin,N,Unknown,blacktip shark
2007.05.24,2007,USA,Virginia,"Virginia Aquarium & Marine Science Center, Virginia Beach ",Reviving a sedated shark,F,40,shin,N,9,blacktip shark
2013.09.07.a,2013,USA,Florida,"New Smyrna Beach,  Volusia County",Standing,M,25,shin,N,16,Unknown
2004.05.29,2004,USA,Texas,"Pirate's Beach, Galveston Island",Wading,M,16,shin,N,19,Unknown
2012.04.00,2012,USA,Florida,"Sanibel Island, Lee County",Unknown,M,Unknown,shin,N,Unknown,Unknown
1974.02.13.a,1974,SOUTH AFRICA,KwaZulu-Natal,"Inyoni Rocks, Amanzimtoti",Swimming,M,19,shin,N,19,Unknown
2008.03.25,2008,USA,Florida,"Palm Beach Shores, Palm Beach County",Wading,M,15,shin,N,Unknown,Unknown
1962.02.04,1962,AUSTRALIA,Queensland,Greenmount Beach,Swimming,M,35,shin,N,14,Unknown
2002.11.00.a,2002,FRENCH POLYNESIA,Society Islands,Tetiaroa,"Fishing, standing in 2' of water",M,52,shin,N,Unknown,Unknown
1983.12.21,1983,SOUTH AFRICA,Eastern Cape Province,Nahoon,Swimming,M,47,shin,N,8,sandtiger shark
2001.05.23 ,2001,USA,South Carolina,"Coligny Beach, Hilton Head, Beaufort County",Swimming,M,11,shin,N,Unknown,Unknown
1979.12.21,1979,SOUTH AFRICA,Eastern Cape Province,Kenton-on-Sea,Swimming,M,18,shin,N,16,Unknown
1887.09.06,1887,CROATIA, Primorje-Gorski Kotar County,Kraljevica,Unknown,Unknown,Unknown,Unknown,Y,Unknown,Unknown
1954.11.20,1954,USA,Wake Island,Wilkes Islet Lagoon (Pacific Ocean north of the Marshall Islands),Spearfishing,M,Unknown,shoulder,N,15,blacktip shark
2011.03.29.R,2011,USA,Texas,Matagorda Beach,"Standing, holding shark pup",M,Unknown,shoulder,N,Unknown,blacktip shark
1937.02.03,1937,AUSTRALIA,Queensland,Moreton Island,Fishing,M,20,shoulder,N,Unknown,blue shark
1967.08.27,1967,USA,California,Ventura,Pulling shark from the water,M,24,shoulder,N,14,blue shark
2015.04.13,2015,USA,Florida,"Florida Keys, Monroe County",Photographing the shark,M,48,shoulder,N,Unknown,blue shark
2015.06.14.b,2015,USA,North Carolina,"Oak Island, Brunswick County",Wading,M,16,shoulder,N,17,bull shark
2002.11.14,2002,TURKS & CAICOS,Caicos Bank,French Cay,Snorkeling,F,41,shoulder,N,8,caribbean reef shark
1975.02.09,1975,AUSTRALIA,Victoria,Anglesea,Crayfishing,M,45,shoulder,N,Unknown,carpet shark
1975.07.05,1975,AUSTRALIA,Western Australia,"15 km north of Lancelin, north of Perth",Spearfishing,M,29,shoulder,N,Unknown,copper shark
1966.09.27,1966,AUSTRALIA,Queensland,"Broomfield Island, 11 miles from Heron Island on the Great Barrier Reef","Free diving, carrying speargun",M,32,shoulder,N,16,copper shark
2001.10.02,2001,AUSTRALIA,Queensland,200 miles offshore,Snorkeling,F,20,shoulder,N,13,copper shark
2002.11.17,2002,USA,Hawaii,Ka'anapali,Swimming,F,34,shoulder,N,10,grey reef shark
1973.00.00.b,1973,PALAU,Western Caroline Islands,Unknown,Scuba diving & U/W photography,M,Unknown,shoulder,N,Unknown,grey reef shark
1963.04.20,1963,USA,US Virgin Islands,"St. Thomas, Magens Bay",Swimming,M,25,shoulder,Y,13,galapagos shark
1962.08.29,1962,USA,California,"Solana Beach, San Diego County",Diving for abalone,M,39,shoulder,N,8,horn shark
2012.08.04,2012,FRENCH POLYNESIA,Tuamotus,Kaukura Atoll,Spearfishing,M,Unknown,shoulder,N,Unknown,lemon shark
1974.09.07,1974,ISRAEL,Red Sea,"North Beach, Eilat",Swimming,F,20,shoulder,N,17,mako shark
1939.07.16,1939,BAHAMAS,Andros Islands,Blue Hole,"Dress diving, filming shark & pulling it through the water for a motion picture scene",M,38,shoulder,N,12,nurse shark
1964.02.05.b,1964,NEW ZEALAND,North Island,"Hokio Beach, near Levin",Lying in 2 feet of water,M,Unknown,shoulder,N,Unknown,sand shark
1970.09.28,1970,MICRONESIA,Eastern Caroline Islands,Truk Lagoon,Diving,M,43,shoulder,N,10,silvertip shark
1930.07.11,1930,USA,Florida,"Jensen Beach, Martin County",Swimming,M,21,shoulder,N,Unknown,tiger shark
2016.09.07,2016,USA,Hawaii,"Makaha, Oahu",Swimming,F,51,shoulder,N,14,tiger shark
2003.10.31.a,2003,USA,Hawaii,"Tunnels surf break off Makua Beach, Kaua'i",Surfing,F,13,shoulder,N,7,tiger shark
2004.10.09.b,2004,USA,Hawaii,Moloka'i,Spearfishing,M,34,shoulder,N,12,tiger shark
1958.07.04.a,1958,PACIFIC OCEAN,Between Hawaii & Wake Island,600 miles northwest of Honolulu,U.S. Airforce C124 enroute from Hickham Air Base to Japan went down. The 3 survivors fashioned raft from mailbags  & were rescued 3 days after the crash.,M,31,shoulder,N,10,Unknown
1999.08.16,1999,USA,South Carolina,"Grand Strand, Myrtle Beach, Horry County",Lying prone in 2' of water,M,10,shoulder,N,17,Unknown
1972.12.26,1972,MOZAMBIQUE,Gaza,Xai Xai,Swimming,M,25,shoulder,N,15,Unknown
1994.05.28,1994,USA,Florida,"3 miles east of Jacksonville Beach, Duval County",Spearfishing,M,35,shoulder,N,Unknown,Unknown
1954.06.27,1954,AUSTRALIA,Queensland,Fitzroy Island,Pearl diving from lugger Whyalla,M,30,shoulder,N,16,Unknown
1961.12.28.c,1961,AUSTRALIA,Queensland,"Lambert's Beach, Mackay",Standing,F,18,shoulder,Y,16,Unknown
1915.03.29,1915,AUSTRALIA,Torres Strait,Near Thursday Island,Skin diving for trepang but at surface next to the boat,M,Unknown,shoulder,N,Unknown,Unknown
1960.11.27,1960,AUSTRALIA,Queensland,"Blackï¿½ï¿½ï¿½ï¿½ï¿½ï¿½ï¿½ï¿½ï¿½s Beac",Swimming,M,41,shoulder, N,14,Unknown
1933.02.15.R,1933,AUSTRALIA,Torres Strait,"Barrow Point, 100 miles north of Cooktown, Queensland",Diving for trochus  from dinghy when seized by shark 6' below the surface,M,Unknown,shoulder,N,Unknown,Unknown
1990.11.01,1990,USA,Florida,"Spanish River Park Beach, Palm Beach County",Surfing,M,24,shoulder,N,9,Unknown
1971.10.23,1971,USA,Florida,"Ft. Pierce, St Lucie County",Surfing,M,18,shoulder,N,15,Unknown
1910.02.16,1910,AUSTRALIA,Western Australia,Bunbury,Surf bathing,M,Unknown,shoulder,N,21,Unknown
1955.04.13.R,1955,PAPUA NEW GUINEA,Central Province,"Hadrianï¿½ï¿½ï¿½ï¿½ï¿½ï¿½ï¿½ï¿½ï¿½s (Haidana?)",Spearfishing or fishing,M,Unknown,shoulder,N,Unknown,Unknown
1903.09.16.R,1903,USA,New Jersey,"Atlantic City, Atlantic County",Fishing,M,Unknown,shoulder,N,Unknown,Unknown
2016.05.29.b,2016,USA,California,"Corona Del Mar, Newport, Orange County",Swimming,F,52,shoulder,N,16,Unknown
2016.05.03,2016,USA,Hawaii,"Wailea Beach, Maui",Floating,M,59,shoulder,N,15,Unknown
2013.09.02,2013,USA,Florida,"Ormond Beach, Volusia County",Swimming,M,17,shoulder,N,13,Unknown
2011.12.02,2011,AUSTRALIA,New South Wales,Broken Head,Surfing,M,63,shoulder,N,6,Unknown
2014.06.07,2014,USA,Texas,"West Beach, Galveston",Kneeling in the water,F,14,shoulder,N,15,Unknown
2011.06.30,2011,TURKS & CAICOS,Middle Caicos,Mudjin Harbor,Snorkeling,M,28,shoulder,N,13,Unknown
2007.07.29,2007,USA,Florida,"Ponce Inlet, Volusia County",Surfing,M,51,shoulder,N,15,Unknown
1983.00.00.c,1983,VANUATU,Malampa Province,"Off the beach opposite Atchin Island, Malakula",Ran into the water,M,Unknown,shoulder,Y,Unknown,Unknown
1980.11.18,1980,AUSTRALIA,Western Australia,Lancelin,Swimming,M,Unknown,shoulder,N,Unknown,Unknown
1970.10.24,1970,USA,Hawaii,"Brennecke Beach, Po'ipu, Kaua'i",Body surfing,M,Unknown,shoulder,N,Unknown,Unknown
1994.04.03,1994,USA,Florida,"Miami Beach, Dade County",Freediving for seashells,M,71,shoulder,N,15,Unknown
1968.11.02,1968,AUSTRALIA,Western Australia,Unknown,Unknown,M,16,shoulder,N,15,Unknown
1963.12.25,1963,SOUTH AFRICA,Eastern Cape Province,Gonubie River Mouth,Swimming,M,18,shoulder,Y,15,Unknown
1963.02.27,1963,PAPUA NEW GUINEA,New Ireland Province,Namatanai,Swimming,M,Unknown,shoulder,N,11,Unknown
1962.01.15,1962,NEW ZEALAND,North Island,"Slipper Island, Coromandel Peninsula",Spearfishing,M,44,shoulder,N,12,Unknown
1962.02.00,1962,SOLOMON ISLANDS,Guadalcanal Province,"North Coast, Guadalcanal Island",Swimming outside fishing net,M,Unknown,shoulder,Y,Unknown,Unknown
2011.08.26,2011,RUSSIA,Primorsky Krai,Slavyanka,"Standing, collecting sea stars",M,Unknown,shoulder,N,9,Unknown
1956.12.24,1956,PAPUA NEW GUINEA,Milne Bay Province,Samarai Island,Spearfishing,M,16,shoulder,Y,12,Unknown
1953.12.13,1953,AUSTRALIA,Queensland,Palm Beach,Swimming or wading out  to warn bathers that a shark had been seen,M,16,shoulder,N,12,Unknown
ND.0085,1969,RED SEA?,Unknown,Unknown,Free diving,F,Unknown,shoulder,N,9,Unknown
1907.10.14,1907,AUSTRALIA,New South Wales,"Merewether Beach, near Newcastle",Bathing,M,Unknown,shoulder,N,11,Unknown
1907.10.08,1907,USA,Hawaii," Kalepolepo, Kihei, Maui","Diving, retrieving fish caught in net ",M,Unknown,shoulder,N,9,Unknown
1949.00.00.d,1949,PAPUA NEW GUINEA,New Ireland Province,"Enang , Kavieng",Unknown,M,Unknown,shoulder,N,Unknown,Unknown
1940.01.29,1940,AUSTRALIA,Queensland,Brisbane River,Dived into the water,M,17,shoulder,N,Unknown,Unknown
1927.00.00.b,1927,AUSTRALIA,New South Wales,15 miles up the Cataract River,Swimming,M,10,shoulder,Y,Unknown,Unknown
1927.00.00.a,1927,AUSTRALIA,Torres Strait,Thursday Island,Pearl diving,M,Unknown,shoulder,N,Unknown,Unknown
1925.05.00,1925,USA,Puerto Rico,"Condado Beach, San Juan",Unknown,M,Unknown,shoulder,N,Unknown,Unknown
1920.07.05.R,1920,AUSTRALIA,Torres Strait,200 miles from MacKay,Diving for trochus shell,M,Unknown,shoulder,N,Unknown,Unknown
1912.02.03,1912,NEW CALEDONIA,South Province,Noumea,Swimming,M,Unknown,shoulder,N,Unknown,Unknown
ND.0059,1959,BERMUDA,Paget,Paget Parish,Spearfishing ,M,Unknown,shoulder,N,Unknown,Unknown
1998.05.29.b,1998,SOUTH AFRICA,Eastern Cape Province,Sardinia Bay near Port Elizabeth,Body boarding,M,15,shoulder,N,Unknown,white shark
1991.10.05,1991,USA,California,"Horseshoe Reef, Scott Creek, Davenport, Santa Cruz County",Surfing,M,32,shoulder,N,7,white shark
1996.08.13,1996,USA,California,"Bird Rock, Tomales Point",Free diving for abalone,M,36,shoulder,N,11,white shark
2009.06.02.a,2009,EGYPT,St. Johns Reef,Habili Gafar,Scuba diving,M,Unknown,shoulder,N,Unknown,white shark
1961.09.23,1961,MID ATLANTIC OCEAN,165  miles from Bermuda,Unknown,"Survived US Naval aircraft crash, climbing onboard rescue vessel when he fell back into sea ",M,22,shoulder,N,6,white shark
1992.03.08.a,1992,USA,Oregon,"Winchester Bay, Douglas County",Surfing (sitting on his board),M,21,shoulder,N,9,white shark
1996.07.23.a,1996,EGYPT / ISRAEL,"South Sinai, Gulf of Aqaba","1 km off the mouth of Marsa Bereika, north of Ras Mohammed",Free diving with a pod of dolphins,M,Unknown,shoulder,N,18,white shark
1972.00.00.b,1972,FRANCE,Antibes,Unknown,Swimming,Unknown,Unknown,shoulder,N,Unknown,white shark
1975.08.09,1975,USA,California,"Usal Creek, Bear Harbor, Mendocino County",Free diving for abalone,M,44,shoulder,N,13,white shark
1922.02.04,1922,AUSTRALIA,New South Wales,Coogee ,Swimming,M,18,shoulder,Y,15,white shark
1943.09.23,1943,PANAMA,Gulf of Panama,"North shore of Rey Island, Las Perlas archipelago",Dived overboard to check propeller of US Navy motor torpedo boat,M,20,shoulder,Y,14,white shark
1956.08.15.a,1956,USA,California,"Pismo Beach, San Luis Obispo County",Swimming near pier,M,10,shoulder,N,16,white shark
1959.05.07,1959,USA,California,"Baker Beach, San Francisco County",Treading water,M,18,shoulder,Y,17,white shark
1997.10.28.b,1997,AUSTRALIA,Western Australia,"Cottesloe Beach, Perth",Surf-skiing,M,51,face,N,Unknown,white shark
1961.10.09,1961,USA,Florida,"Ocean Ridge, Boca Raton, Palm Beach County",Swimming,M,45,Unknown,Y,Unknown,Unknown
1975.06.00.c,1975,USA,Florida," New Smyrna Beach, Volusia County",Unknown,M,Unknown,Unknown,N,Unknown,Unknown
1987.04.19,1987,SOUTH AFRICA,KwaZulu-Natal,Port Shepstone,Fishing,M,Unknown,Unknown,Y,Unknown,Unknown
1944.04.00,1944,NICARAGUA,Lake Nicaragua (fresh water),Unknown,Unknown,Unknown,Unknown,Unknown,Y,Unknown,bull shark
2007.05.04,2007,TURKS & CAICOS,Providenciales,Unknown,Sea Disaster,Unknown,Unknown,Unknown,Y,Unknown,Unknown
1961.04.08,1961,PERSIAN GULF,United Arab Emirates,Dubai,Cargo ship Dara sank after collision with another ship during a severe storm,Unknown,Unknown,Unknown,Y,Unknown,Unknown
1962.01.14.b,1962,AUSTRALIA,New South Wales,"Long Reef, North Manly",Spearfishing,Unknown,Unknown,no injury,N,Unknown,sandtiger shark
ND.0089,1987,VANUATU,Malampa Province,"Hokai, Malakula",Attempting to drive shark from area,M,Unknown,buttock,N,Unknown,hammerhead shark
1889.11.16,1889,USA,Hawaii,Honolulu,Parachuted from balloon,M,Unknown,Unknown,Y,Unknown,Unknown
2010.02.01,2010,NEW ZEALAND,South Island,Oreti Beach,Boogie Boarding,F,14,Unknown,N,18,Unknown
2008.01.19.R,2008,NEW ZEALAND,South Island,Marfells Beach,Wading,M,Unknown,Unknown,N,Unknown,Unknown
1940.07.13.a,1940,USA,South Carolina,"Folly Beach, Charleston County",Standing ,M,Unknown,Unknown,N,Unknown,Unknown
1962.01.21,1962,AUSTRALIA,New South Wales,Cronulla,Spearfishing,M,19,Unknown,N,Unknown,copper shark
1947.07.24.R,1947,AUSTRALIA,Northern Territory,Darwin Harbour,Diving,M,Unknown,Unknown,N,Unknown,Unknown
1955.08.30.a,1955,USA,California,"Zuma Beach, Santa Monica, Los Angeles County",Surfing,M,25,Unknown,N,Unknown,blue shark
1990.03.05,1990,REUNION,Sainte-Marie,Baie de la Mare,Surfing,M,Unknown,Unknown,N,17,bull shark
1957.00.00.d,1957,IRAN,Karun River,"near Band Misan in Shustar, 420 km from the sea",Unknown,M,Unknown,Unknown,N,Unknown,bull shark
1957.00.00.c,1957,IRAN,Karun River,Hesamabad,Unknown,M,Unknown,Unknown,N,Unknown,bull shark
1954.00.00 f,1954,IRAN,Karun River,"Hesamabad area of Shushtar, 420 km from the sea",Unknown,M,Unknown,Unknown,N,Unknown,bull shark
1992.01.29.b,1992,REUNION,La Saline-les-Bains,Revine-3-Bassins,Spearfishing,M,Unknown,Unknown,N,16,grey reef shark
1992.01.06,1992,MAURITIUS,Unknown,Mahebourg,Fishing,M,Unknown,Unknown,N,Unknown,grey reef shark
1873.01.09.R,1873,AUSTRALIA,Queensland,White Cliffs,Bathing,M,Unknown,Unknown,N,Unknown,hammerhead shark
1993.00.00.a,1993,USA,Florida,"Key West, Monroe County",Snorkeling,Unknown,Unknown,Unknown,N,Unknown,lemon shark
1957.09.02,1957,MARSHALL ISLANDS,Eniwetok Atoll,Parry Island,Unknown,M,Unknown,Unknown,N,Unknown,mako shark
1965.03.14,1965,USA,Florida,"Pompano Beach, Palm Beach County",Free diving,M,16,Unknown,N,13,mako shark
1992.06.00,1992,REUNION,Saint-Paul,Unknown,Diving,Unknown,Unknown,Unknown,N,Unknown,mako shark
1988.06.16,1988,USA,North Carolina,"Ocracoke, Hyde County",Scuba diving,M,42,Unknown,N,Unknown,sandtiger shark
1985.12.10,1985,USA,North Carolina,New Hanover County,Unknown,M,Unknown,Unknown,N,Unknown,sandtiger shark
1996.00.00.a,1996,USA,North Carolina,Unknown,Surfing,M,Unknown,Unknown,N,Unknown,tiger shark
1933.07.07.R,1933,USA,California,"San Diego, San Diego County",Unknown,M,50,Unknown,N,Unknown,tiger shark
1991.01.00,1991,AUSTRALIA,Queensland,Pelican Banks near Gladstone,Surfing (or sailboarding),M,22,Unknown,N,Unknown,Unknown
1964.12.09,1964,PAPUA NEW GUINEA,Bougainville (North Solomons),"Off Sing Village, Buka Island","Canoe swamped, swimming back to canoe",M,28,Unknown,N,15,Unknown
1960.00.00.j,1960,NICARAGUA ,Pacific coast,San Jan del Sur,Bathing,M,Unknown,Unknown,N,9,Unknown
2007.02.00,2007,NEW CALEDONIA,Loyalty Islands,Ouvï¿,Spearfishing,M,Unknown,Unknown,N,Unknown,Unknown
2001.07.26,2001,USA,South Carolina,"Myrtle Beach, Horry County",Unknown,F,Unknown,Unknown,N,Unknown,Unknown
2001.05.29,2001,USA,Texas,Galveston Island,Unknown,M,16,Unknown,N,Unknown,Unknown
2000.03.02,2000,AUSTRALIA,New South Wales,"Taronga Wharf, Athol Bay, Sydney Harbor",Swimming,M,Unknown,Unknown,N,Unknown,Unknown
1998.10.01.b,1998,REUNION,Saint-Benoï¿,Unknown,Diving,Unknown,Unknown,Unknown,N,Unknown,Unknown
1998.11.11,1998,USA,Florida,"South Beach Park, Indian River County",Walking,M,13,Unknown,N,17,Unknown
1998.06.05,1998,SOUTH AFRICA,Eastern Cape Province,Jeffrey's Bay,Surfing,M,Unknown,Unknown,N,Unknown,Unknown
2003.04.21.a,2003,USA,Florida,"Shepard Park, Cocoa Beach, Brevard County ",Surfing,M,17,Unknown,N,13,Unknown
1997.07.17,1997,BRAZIL,Pernambuco,"Boa Viagem, Recife",Surfing,M,Unknown,Unknown,N,Unknown,Unknown
1996.10.28.a,1996,BRAZIL,Pernambuco,Barra de Jangada,Surfing,M,Unknown,Unknown,N,Unknown,Unknown
1996.10.00,1996,BRAZIL,Pernambuco,Unknown,Unknown,Unknown,Unknown,Unknown,N,Unknown,Unknown
1996.06.04,1996,SOUTH AFRICA,KwaZulu-Natal,LaMercy,Surfing,M,Unknown,Unknown,N,Unknown,Unknown
1995.11.17,1995,AUSTRALIA,Queensland,Great Keppel Island,Unknown,M,Unknown,Unknown,N,Unknown,Unknown
1995.08.27,1995,BRAZIL,Pernambuco,"Boa Viagem, Recife",Surfing,M,Unknown,Unknown,N,Unknown,Unknown
1994.12.13,1994,BRAZIL,Pernambuco,Piedade,Surfing,M,Unknown,Unknown,N,Unknown,Unknown
1994.10.18,1994,BRAZIL,Pernambuco,Piedade,Surfing,Unknown,Unknown,Unknown,N,Unknown,Unknown
1994.10.17,1994,BRAZIL,Pernambuco,Piedade,Surfing,M,Unknown,Unknown,N,Unknown,Unknown
1994.08.22,1994,JAPAN,Kagoshima Prefecture,Tatsugo-cho,Unknown,Unknown,Unknown,Unknown,N,Unknown,Unknown
1994.07.08.b,1994,BRAZIL,Pernambuco,"Boa Viagem, Recife",Surfing,M,Unknown,Unknown,N,Unknown,Unknown
1993.03.27,1993,BRAZIL,Pernambuco,Paiva,Surfing,M,Unknown,Unknown,N,Unknown,Unknown
1992.01.03,1992,JAPAN,Ehime Prefecture,Matsuyama,Unknown,M,Unknown,Unknown,N,Unknown,Unknown
1990.12.26,1990,SOUTH AFRICA,Eastern Cape Province,Port Elizabeth,Unknown,M,Unknown,Unknown,N,Unknown,Unknown
1988.08.22.a,1988,ITALY,Manfredonia ,Ippocampo,Unknown,M,16,Unknown,N,Unknown,Unknown
1988.08.19,1988,JAPAN,Tokyo Prefecture,Ogasawara Islands,Unknown,M,Unknown,Unknown,N,Unknown,Unknown
1986.09.00.b,1986,USA,Florida,"Ormond Beach / Daytona Beach, Volusia County",Surfing,Unknown,Unknown,Unknown,N,Unknown,Unknown
1986.08.00,1986,FRANCE,Gulf of Lyons,Gruissan,Unknown,Unknown,Unknown,Unknown,N,Unknown,Unknown
1983.04.02.a,1983,SOUTH AFRICA,KwaZulu-Natal,Mpande,Unknown,M,Unknown,Unknown,N,Unknown,Unknown
1978.12.29,1978,AUSTRALIA,Queensland,Bribie Island,Unknown,M,Unknown,Unknown,N,Unknown,Unknown
1977.04.26,1977,AUSTRALIA,Queensland,Tallebudgera,Unknown,M,Unknown,Unknown,N,Unknown,Unknown
1976.12.29,1976,AUSTRALIA,Queensland,Caloundra,Unknown,M,Unknown,Unknown,N,Unknown,Unknown
1976.01.12,1976,AUSTRALIA,Queensland,Harvey Bay,Unknown,F,Unknown,Unknown,N,Unknown,Unknown
1975.02.07,1975,AUSTRALIA,Queensland,Currumbin Rock,Unknown,M,Unknown,Unknown,N,Unknown,Unknown
1974.12.10,1974,AUSTRALIA,Western Australia,Geographe Bay,Unknown,Unknown,32,Unknown,N,Unknown,Unknown
1974.08.23,1974,HONG KONG,Mirs Bay ,Unknown,Freedom Swimming,M,22,Unknown,N,Unknown,Unknown
1973.11.25,1973,AUSTRALIA,Western Australia,Swan River,Unknown,Unknown,Unknown,Unknown,N,Unknown,Unknown
1973.03.26,1973,AUSTRALIA,Queensland,Palm Island,Unknown,M,Unknown,Unknown,N,Unknown,Unknown
1972.10.14.a,1972,USA,Florida,"New Smyrna Beach, Volusia County",Surfing,M,17,Unknown,N,Unknown,Unknown
1972.02.12,1972,AUSTRALIA,Tasmania,Elliot's Cove,Unknown,Unknown,Unknown,Unknown,N,Unknown,Unknown
1971.12.23,1971,AUSTRALIA,New South Wales,Smokey Cape,Unknown,Unknown,22,Unknown,N,Unknown,Unknown
1996.07.26,1996,USA,Florida,"Wiggins Pass, Collier County",Standing,F,8,Unknown,N,19,Unknown
1971.00.00.b,1971,IRAN,Khuzestan Province,"Ahvaz, on the Karun River",Unknown,M,Unknown,Unknown,N,Unknown,Unknown
1971.00.00.a,1971,IRAN,Khuzestan Province,"Ahvaz, on the Karun River",Unknown,M,Unknown,Unknown,N,Unknown,Unknown
1969.05.14,1969,AUSTRALIA,Queensland,Broomfield Reef,Unknown,Unknown,Unknown,Unknown,N,Unknown,Unknown
1968.10.10,1968,PHILIPPINES,Moro Gulf,Unknown,Sinking of the ferryboat Dumaguete ,Unknown,Unknown,Unknown,N,Unknown,Unknown
1968.02.02,1968,AUSTRALIA,New South Wales,Brunswick Heads,Unknown,Unknown,Unknown,Unknown,N,Unknown,Unknown
1966.04.00,1966,AUSTRALIA,New South Wales,"Botany Bay, Sydney",Overturned skiff,M,Unknown,Unknown,N,Unknown,Unknown
1965.10.21,1965,USA,Unknown,Florida Strait,The boat Caribou II sank,M,39,Unknown,N,Unknown,Unknown
1981.11.30,1981,REUNION,Saint-Philippe,Vicendo,Spearfishing,M,Unknown,Unknown,N,15,Unknown
1967.09.07.a,1967,USA,Florida,"Key West, Monroe County",Spearfishing,Unknown,Unknown,Unknown,N,14,Unknown
1959.04.09.b,1959,USA,Hawaii,"Hilo, off Kaua'i",Fishing,M,Unknown,Unknown,N,Unknown,Unknown
1950.00.00.a,1950,FIJI,Unknown,Near Lautoka,Unknown,M,Unknown,Unknown,N,Unknown,Unknown
1948.09.19.a,1948,USA,Hawaii,"Off Makapauu Point, O'ahu",Fishing,M,Unknown,Unknown,N,Unknown,Unknown
1943.05.27,1943,PACIFIC OCEAN,Unknown,Unknown,B-24 crashed during a search mission. Survivors in raft for 47 days ,M,Unknown,Unknown,N,Unknown,Unknown
1942.06.04,1942,USA,Midway Atoll,Unknown,"Plane crashed in water, men in life raft",M,Unknown,Unknown,N,Unknown,Unknown
1937.00.00,1937,AUSTRALIA,Torres Strait,Unknown,Unknown,M,Unknown,Unknown,N,Unknown,Unknown
1936.03.22,1936,AUSTRALIA,Torres Strait,"Near Shelburne Bay, Queenland",Among 31 survivors of crew from the sampan Fukulya Maru (which reached Thursday Island in rowing boat) was a man whose arm had been bitten off by shark. The sampan wrecked west of McArthur island ,M,Unknown,Unknown,N,Unknown,Unknown
1931.08.06.R,1931,USA,New Jersey,"Sandy Hook (ocean side), Monmouth County",Swimming,M,Unknown,Unknown,N,Unknown,Unknown
1931.06.14,1931,USA,Hawaii,"Pearl Harbor, O'ahu","Fishing, had just speared a ulua",M,Unknown,Unknown,N,Unknown,Unknown
1930.00.00.c,1930,OKINAWA,Unknown,Unknown,Unknown,M,17,Unknown,N,Unknown,Unknown
1922.09.28,1922,USA,Hawaii,"Keawanui, Kamalo, Moloka'i","Freediving, inspecting Kaunakakai wharf construction after blasting & dredging ",M,Unknown,Unknown,N,Unknown,Unknown
1922.03.20,1922,JAMAICA,Kingston Parish,Kingston Harbor,Fishing,M,Unknown,Unknown,N,Unknown,Unknown
1921.12.11,1921,AUSTRALIA,Queensland,Fitzroy River at  Rockhampton,Swimming,M,20,Unknown,N,Unknown,Unknown
1918.00.00,1918,AUSTRALIA,Queensland,Near Cairns,Diving,M,Unknown,Unknown,N,Unknown,Unknown
1916.07.08,1916,SPAIN,Gran Canaria,Las Palmas,Diving,M,Unknown,Unknown,N,Unknown,Unknown
1909.00.00,1909,AUSTRALIA,New South Wales,Woy Woy,Unknown,Unknown,Unknown,Unknown,N ,Unknown,Unknown
1882.00.00.a,1882,AUSTRALIA,Queensland,Maryborough,Unknown,M,Unknown,Unknown,N,Unknown,Unknown
1881.06.25,1881,USA,Unknown,Santa Cruz,Bathing,M,Unknown,Unknown,N,Unknown,Unknown
1871.00.00.b,1871,AUSTRALIA,Queensland,Brisbane River,Unknown,M,Unknown,Unknown,N,Unknown,Unknown
1862.08.15.R,1862,SPAIN,Unknown,A Spanish port,Bathing,F,Unknown,Unknown,N,Unknown,Unknown
1856.06.21.R,1856,ENGLAND,Isle of Wight,Colwell Bay,Swimming,M,Unknown,Unknown,Y,Unknown,Unknown
1839.00.00.a,1839,FIJI,Viti Levu Island,Rewa ,Unknown,M,29,Unknown,N,Unknown,Unknown
1807.01.12,1807,AUSTRALIA,New South Wales,"Cockle Bay, Sydney Harbour",Unknown,M,Unknown,Unknown,N,Unknown,Unknown
ND.0047,1956,NORTH PACIFIC OCEAN,Unknown,Wake Island,"Fishing, wading with string of fish",M,Unknown,Unknown,N,Unknown,Unknown
1993.03.17,1993,JAPAN,Ehime Prefecture,Iyo,Unknown,Unknown,Unknown,Unknown,N,Unknown,white shark
1968.12.09,1968,AUSTRALIA,South Australia,Thistle Island,Unknown,M,Unknown,Unknown,N,Unknown,white shark
1956.09.00.a,1956,ITALY,Tyrrenian Sea,1.5 miles south of  San Felice Circeo ,Scuba diving,M,Unknown,Unknown,N,Unknown,white shark
1986.08.03,1986,AUSTRALIA,New South Wales,"North Head, Sydney Harbour",Scuba diving,F,Unknown,Unknown,N,Unknown,wobbegong shark
1986.05.18,1986,AUSTRALIA,New South Wales,"North Head, Sydney Harbour",Scuba diving,M,Unknown,Unknown,N,Unknown,wobbegong shark
1941.00.00.d,1941,IRAN,Khuzestan Province,"Ahvaz, on the Karun River",Unknown,M,Unknown,Unknown,N,Unknown,Unknown
1966.08.27.a,1966,BAHAMAS,Bimini Islands,Unknown,Snorkeling,F,18,Unknown,N,17,Unknown
1891.08.29,1891,USA,New Jersey,"Off Longport, Atlantic County",Shooting sharks ,M,Unknown,Unknown,N,Unknown,Unknown
1992.01.00,1992,JAPAN,Sea of Japan,Kanazawa?,Unknown,Unknown,Unknown,Unknown,N,Unknown,Unknown
1945.02.05,1945,ISRAEL,Tel Aviv,Unknown,Swimming,M,Unknown,Unknown,N,Unknown,Unknown
1936.07.07,1936,AUSTRALIA,Torres Strait,Off Nepean Island,Diving,M,Unknown,Unknown,N,Unknown,Unknown
1942.09.30,1942,ATLANTIC OCEAN,04.05N-13.23W,Unknown,The 6015-ton British ship Empire Avocet was torpedoed by the German submarine U-125. ,Unknown,Unknown,Unknown,N,Unknown,Unknown
1960.10.02,1960,AUSTRALIA,New South Wales,North Head,Fishing,M,24,Unknown, N,Unknown,Unknown
1931.09.02,1931,USA,Hawaii,"Kahala, O'ahu",Fishing,M,Unknown,Unknown,Y,Unknown,Unknown
1970.03.31,1970,USA,Hawaii,"Waimea Bay, O'ahu",Body surfing,M,Unknown,Unknown,Y,Unknown,Unknown
1989.12.02,1989,AUSTRALIA,Queensland,Fraser Island,Swimming,M,27,Unknown,Y,Unknown,Unknown
1968.10.13,1968,USA,Florida,"Egmont Key, Hillsborough County",Spearfishing using Scuba,M,Unknown,Unknown,N,Unknown,bull shark
ND.0100,2003,BAHAMAS,Andros Islands,Great Guana Cay,Spearfishing ,M,Unknown,Unknown,N,Unknown,Unknown
1994.02.27,1994,SOUTH AFRICA,Western Cape Province,Saxon Reef,Spearfishing,M,Unknown,Unknown,N,11,Unknown
1984.05.31,1984,SOUTH AFRICA,Western Cape Province,Arniston,Spearfishing,M,28,Unknown,N,13,Unknown
1959.04.05,1959,AUSTRALIA,New South Wales,Thirroul,Spearfishing,M,Unknown,Unknown,N,Unknown,Unknown
2000.09.10.a,2000,SOUTH AFRICA,Western Cape Province,Dyer Island,Free diving,M,48,Unknown,N,11,white shark
1970.00.00.h,1970,SRI LANKA,Western Province,Colombo Harbor,Spearfishing / freediving,M,Unknown,Unknown,N,Unknown,Unknown
1955.02.06,1955,USA,California,"Pacific Grove, Monterey County",Spearfishing,M,19,Unknown,N,12,white shark
1886.06.02,1886,USA,Hawaii,"Hamakua Homakua, Hawai'i","Fishing from shore, washed into the sea",F,Unknown,Unknown,Y,Unknown,Unknown
1975.04.25,1975,ITALY,Genoa Province,Cervara,Scuba diving,M,37,Unknown,N,Unknown,Unknown
2011.07.30,2011,PHILIPPINES,Unknown,Unknown,Sea disaster,M,43,no injury,N,Unknown,Unknown
1961.06.01,1961,PAPUA NEW GUINEA,"Admiralty Islands, Manus Province","Rossun, Manus","Fishing, speared shark upset canoe & man fell in water",M,19,thigh,N,Unknown,Unknown
1989.02.19,1989,SOUTH AFRICA,Western Cape Province,Unknown,Fishing,M,Unknown,thigh,N,Unknown,Unknown
2000.07.02.a,2000,USA,Florida,"Smyrna Dunes Park, New Smyrna Beach, Volusia County",Standing,F,19,thigh,N,14,blacktip shark
2015.03.07,2015,FRENCH POLYNESIA,Central Tuamotu,"Tupapati, Hikueru Atoll",Sitting in the water,M,2,thigh,N,Unknown,blacktip shark
2013.04.10,2013,FRENCH POLYNESIA,Tuamotus,"North Pass, Fakarava",Kite boarding,M,53,thigh,N,12,blacktip shark
1999.12.06,1999,BRAZIL,Rio de Janeiro,"Rio de Janeiro, Guanabara Bay",Spearfishing,M,39,thigh,N,9,blacktip shark
1926.01.26,1926,SOUTH AFRICA,Eastern Cape Province,Hamburg,Swimming,M,Unknown,thigh,N,Unknown,blue shark
1980.07.26,1980,SPAIN,Canary Islands,"San Juan de la Rambla, Tenerife",Skin diving,M,Unknown,thigh,N,Unknown,blue shark
1959.08.11,1959,JAPAN,Wakayama Prefecture,"Isonoura Beach, Wakayama City ",Swimming,M,16,thigh,Y,14,blue shark
2012.01.18.b,2012,TAIWAN,Taitung ,Taimali,Fishing,M,24,thigh,N,Unknown,blue shark
1959.07.25.b,1959,JAPAN,Okayama Prefecture,Ushimado,Unknown,M,22,thigh,Y,13,blue shark
2003.06.24.b,2003,USA,Florida,"Cocoa Beach, Brevard County",Standing,F,12,thigh,N,15,brown shark
2014.08.12,2014,USA,Florida,"3 to 4 miles west of Indian Pass, Gulf County",Standing,M,Unknown,thigh,N,11,bull shark
1991.06.07.b,1991,USA,Florida,"Tampa Bay, Hillsborough County",Swimming behind sailboat,M,31,thigh,N,11,bull shark
2012.09.10,2012,TONGA,Vava'u,Eueiki Island,Swimming,F,29,thigh,N,Unknown,bull shark
2001.09.01,2001,USA,Virginia,"Sandbridge Beach, Princess Anne County",Swimming ,M,10,thigh,Y,18,bull shark
1993.08.15.a,1993,USA,North Carolina,Pamlico Sound,Riding floatation device,F,19,thigh,N,10,bull shark
2015.11.10,2015,AUSTRALIA,New South Wales,East Ballina,Surfing,M,20,thigh,N,18,bull shark
2011.09.24.b,2011,USA,Florida,"Santa Maria Island, Manatee County",Spearfishing,M,21,thigh,N,15,bull shark
2006.08.00.a,2006,REUNION,Unknown,Le Port,Spearfishing,M,Unknown,thigh,N,Unknown,bull shark
2012.06.26.c,2012,USA,Florida,"Juno Beach, Palm Beach County",Swimming,M,6,thigh,N,19,bull shark
2011.05.21.b,2011,SOUTH AFRICA,KwaZulu-Natal,Levan Point,Spearfishing,M,28,thigh,Y,15,bull shark
1982.06.13,1982,USA,Hawaii,"Ho'okipa Beach, Pa'ia, Maui","Sailboarding, fell into water 100 yards outside the breakwater",M,Unknown,thigh,N,Unknown,caribbean reef shark
2007.09.28,2007,BAHAMAS,Grand Bahama Island,Sweetings Cay,Spearfishing,F,48,thigh,N,12,caribbean reef shark
1983.06.00,1983,BAHAMAS,Berry Islands,Whale Cay,Spearfishing,M,Unknown,thigh,N,17,caribbean reef shark
1965.12.28,1965,AUSTRALIA,Western Australia,"Bathurst Reef, Rottnest Island","Spearfishing, but standing in knee-deep water",M,40,thigh,N,Unknown,carpet shark
1921.08.22,1921,HAITI,Cape Haitien,Marine Dock,Dived into a school of baitfish,M,Unknown,thigh,Y,15,Unknown
1967.05.13,1967,AUSTRALIA,South Australia,Outer Harbor,Unknown,M,30,thigh,N,9,copper shark
1972.10.21,1972,AUSTRALIA,New South Wales,Tabourie Beach,Surfing,M,19,thigh,N,Unknown,copper shark
1975.03.13,1975,AUSTRALIA,Queensland,Southport Aquarium,Diving & force-feeding the shark,Unknown,18,thigh,N,Unknown,copper shark
1929.02.08,1929,AUSTRALIA,New South Wales,Bondi,Swimming,M,39,thigh,Y,16,galapagos shark
2007.09.17,2007,SOLOMON ISLANDS,Marovo Lagoon,Kicha Island,Spearfishing,M,Unknown,thigh,N,18,gray reef shark
1972.05.06,1972,FRENCH POLYNESIA,Tuamotus,Ahï¿½ï¿½ï,Spearfishing,M,27,thigh,N,Unknown,grey reef shark
1999.04.22,1999,MAURITIUS,Grand Baie,Pointe aux Canonniers,Swimming,F,41,thigh,N,6,grey reef shark
1966.01.05,1966,USA,Florida,"Hollywood, Broward County",Swimming,M,35,thigh,N,16,hammerhead shark
1959.07.28,1959,USA,California,"Alligator Head, La Jolla, San Diego County",Spearfishing (but on surface),M,25,thigh,N,19,hammerhead shark
1931.09.21.a,1931,USA,Florida,"Municipal Beach, West Palm Beach, Palm Beach County",Swimming ,F,20,thigh,N,Unknown,hammerhead shark
1956.10.07,1956,SENEGAL,"Near Dakar, Cap Vert Peninsula",Isle de Gorï¿,"Skindiving, fish at belt",M,19,thigh,N,18,lemon shark
1986.10.03,1986,USA,Florida,"Sanibel Island, Lee County",Swimming,F,6,thigh,N,18,lemon shark
1965.00.00.c,1965,EGYPT,Unknown,South of Hurghada,"Spearfishing, but standing in the water",M,30,thigh,N,Unknown,mako shark
1999.03.14.a,1999,NEW ZEALAND,Unknown,Unknown,Fishing,M,28,thigh,N,Unknown,mako shark
2005.04.25,2005,AUSTRALIA,New South Wales,Bermagui,Fishing,M,25,thigh,N,23,mako shark
1977.05.26,1977,SOUTH AFRICA,Western Cape Province,13 km off Knysna ,Fishing for yellowtail,M,Unknown,thigh,N,Unknown,mako shark
2015.03.31,2015,BRAZIL,Pernambuco,"Praia del Chifre, Olinda",Surfing,M,23,thigh,N,11,Unknown
1958.06.17,1958,USA,Florida,Key Biscayne,"Swimming, towing the shark",M,Unknown,thigh,N,Unknown,nurse shark
1958.04.30,1958,USA,Florida,1 mile off Miami Beach,Free diving,M,29,thigh,N,Unknown,nurse shark
1967.08.07,1967,USA,Florida,Near Key West,Spearfishing,M,15,thigh,N,14,nurse shark
1954.07.04.R,1954,USA,Florida,Florida Keys,Unknown,Unknown,Unknown,thigh,N,Unknown,nurse shark
1954.08.12.a,1954,CUBA,Guantanamo Province,Boqueron,Spearfishing,M,Unknown,thigh,N,Unknown,nurse shark
2009.07.04,2009,USA,Florida,"Biscayne National Park, Miami",Swimming,F,43,thigh,N,15,nurse shark
1927.01.20,1927,SOUTH AFRICA,Eastern Cape Province,Kiddï¿½ï¿½ï¿,Body surfing,M,Unknown,thigh,N,11,sandtiger shark
2008.12.10,2008,SOUTH AFRICA,Western Cape Province,Plettenberg Bay,Fishing,M,15,thigh,N,20,sandtiger shark
1982.07.11,1982,USA,California,"Malibu, Los Angeles County",Swimming,M,43,thigh,N,Unknown,Unknown
1960.12.20,1960,AUSTRALIA,Queensland,"Collegeï¿½ï¿½ï¿½ï¿½ï¿½ï¿½ï¿½ï¿½ï¿½s Crossing, 54 miles above m","Fishing, when line became snagged on rock & he dived into water to free it ",M,33,thigh, N,9,sandtiger shark
1965.11.03.a,1965,AUSTRALIA,Queensland,Oak Beach,Surfing,M,24,thigh,N,16,sandtiger shark
1927.03.01,1927,AUSTRALIA,New South Wales,Mereweather Beach,Body surfing / treading water,M,17,thigh,N,15,sandtiger shark
1922.01.13,1922,AUSTRALIA,New South Wales,"Stockton Beach, Newcastle",Standing,M,Unknown,thigh,N,18,sandtiger shark
2004.02.26,2004,NEW ZEALAND,"South Island, near Karitane north of Dunedin",South Beach,Surfing,M,15,thigh,N,19,sevengill shark
2009.01.06,2009,NEW ZEALAND,North Island,Haumoana ,Swimming,M,49,thigh,N,17,sevengill shark
1978.04.00,1978,AUSTRALIA,Tasmania,Beechford,Scuba diving,M,Unknown,thigh,N,Unknown,sevengill shark
2003.09.14.a,2003,USA,Florida,"Bathtub Reef Beach, Martin County",Swimming,F,9,thigh,N,13,Unknown
2017.05.03,2017,USA,California,"Sunset Beach, Orange County",Surfing,F,18,thigh,N,14,Unknown
2014.05.11,2014,USA,Georgia,"Tybee Island, Chatham County",Surfing,M,12,thigh,N,Unknown,Unknown
1985.08.20,1985,USA,Florida,"New Smyrna Beach, Volusia County",Wading,M,11,thigh,N,13,Unknown
1990.08.30,1990,USA,Florida,"Juno Beach / North Palm Beach, Palm Beach County",SCUBA diving,M,30,thigh,Y,Unknown,Unknown
1989.00.00.b,1989,PAPUA NEW GUINEA,New Ireland,Kavieng,"Scuba diving, hand feeding sharks",F,Unknown,thigh,N,Unknown,silvertip shark
1982.08.00,1982,TUNISIA,Unknown,"Skanes, near Monaster",Windsurfing,M,Unknown,thigh,N,Unknown,spinner shark
2016.07.04,2016,AUSTRALIA,Queensland,Palm Cove ,Fishing,M,34,thigh,N,22,nurse shark
2016.11.14,2016,USA,Hawaii,"Kamaole Beach Park I, Maui",Floating,F,58,thigh,N,10,tiger shark
2008.04.28.b,2008,MEXICO,Guerro,Troncones Beach,Surfing,M,24,thigh,Y,15,tiger shark
2008.09.09,2008,USA,Hawaii,"Ka'a'awa, Oahu",Surfing,M,40,thigh,N,16,tiger shark
2004.04.07,2004,USA,Hawaii,"Kahana Beach, Maui",Surfing,M,57,thigh,Y,7,tiger shark
1958.12.12,1958,AMERICAN SAMOA,Tutuila Island,Van Camp wharf,Cleaning hull of ship ,M,22,thigh,Y,11,tiger shark
1947.12.00,1947,SENEGAL,Unknown,"Tiaroye, near Dakar, Cap Vert Peninsula",Fishing / diving,M,Unknown,thigh,Y,11,tiger shark
1973.09.00,1973,EGYPT,Red Sea,Southern end of the Sinai Peninsula,Unknown,M,Unknown,thigh,N,Unknown,tiger shark
2002.09.27.a,2002,TONGA,Vava'u,Swimming with humpback whales,Swimming,M,Unknown,thigh,N,15,tiger shark
2002.01.01.a,2002,USA,Hawaii,"Olowalu, Maui",Snorkeling,M,35,thigh,N,13,tiger shark
1999.07.21,1999,USA,Hawaii,Honoli'i in Hilo (west side of Big Island),Surfing,M,43,thigh,N,10,tiger shark
2013.06.18,2013,USA,Hawaii,Kona Coast State Park,Swimming,M,28,thigh,N,12,tiger shark
2011.05.21.a,2011,NEW CALEDONIA,North Province,Kendec,Kite Boarding,M,15,thigh,Y,11,tiger shark
1961.04.16.b,1961,USA,Florida,"Fowey Rock Light, Miami",Spearfishing,M,22,thigh,N,Unknown,tiger shark
1933.11.20,1933,AUSTRALIA,Torres Strait,Near Boydong Cay,Free diving for trochus ,M,Unknown,thigh,Y,Unknown,tiger shark
1939.10.25.R,1939,AUSTRALIA,Queensland,Near Restoration Rock off Portland Roads ,"Free diving for trochus shell, swimming to dinghy",M,27,thigh,N,Unknown,tiger shark
1912.01.06,1912,AUSTRALIA,New South Wales,Sydney Harbor,Unknown,M,Unknown,thigh,N,Unknown,Unknown
1950.08.06,1950,EL SALVADOR, La Libertad,50 miles off Port La Libertad,Jerked overboard while pole fishing for tuna,M,27,thigh,N,8,Unknown
1963.10.16,1963,USA,Florida,"Biltmore Beach, near Panama City","Surf fishing, wading ",M,28,thigh,N,17,Unknown
1868.00.00.a,1868,NEW ZEALAND,North Island,"Brickfield Bay, Auckland Harbour",Bathing close inshore,M,Unknown,thigh,N,Unknown,Unknown
1950.07.00,1950,USA,Florida,"Rock Harbor, Key Largo, Monroe County","Goggle-diving for seaweeds, but standing in water",M,21,thigh,N,Unknown,Unknown
1993.09.03,1993,SPAIN,Costa Blanca,"Playa de las Arenas, Valencia ",Swimming,M,69,thigh,N,8,Unknown
1965.02.04,1965,USA,Massachusetts,"Granite Pier, Rockport",Scuba diving,M,18,thigh,N,14,Unknown
1960.03.28,1960,GUAM,Unknown,Unknown,"Spearfishing, carrying fish on belt",M,44,thigh,N,12,Unknown
1991.04.16.a,1991,USA,Florida,"South of Ponce Inlet, New Smyrna Beach, Volusia County","Surfing, collided with shark",M,22,thigh,N,11,Unknown
1999.11.06,1999,BRAZIL,Rio de Janeiro,"Rio de Janeiro, Guanabara Bay","Spearfishing, but swimming at surface",M,39,thigh,N,10,Unknown
1959.01.12,1959,NEW GUINEA,Milne Bay Province,"Uga, Banaira, Milne Bay",Dragging banana seeds through the shallows,M,Unknown,thigh,N,Unknown,Unknown
1986.07.09,1986,USA,South Carolina,"Myrtle Beach, Horry County",Unknown,M,8,thigh,N,Unknown,Unknown
1965.01.10,1965,AUSTRALIA,Victoria,"East of Station Pier, Port Melbourne",Swimming,M,Unknown,thigh,N,Unknown,Unknown
1987.05.25,1987,USA,South Carolina,"Myrtle Beach, Horry County",Unknown,M,12,thigh,N,Unknown,Unknown
1968.03.25,1968,SOUTH AFRICA,KwaZulu-Natal,Richards Bay,Wading & pushing dinghy toward  the shallows,M,35,thigh,N,15,Unknown
1979.02.21,1979,SOUTH AFRICA,Eastern Cape Province,Port Alfred,"Surfing, collided with shark",M,19,thigh,N,13,Unknown
1995.08.15,1995,USA,Florida,"Daytona Beach, Volusia County ",Wading,M,20,thigh,N,8,Unknown
1964.03.28.b,1964,AUSTRALIA,South Australia,Surfers Paradise Beach near Victor Harbour,Surfing,M,19,thigh,N,Unknown,Unknown
1922.06.17,1922,USA,Florida,"Municipal Pier, St. Petersburg, Tampa bay",Floating,F,18,thigh,Y,Unknown,Unknown
1970.12.07,1970,MICRONESIA,Namonuito Atoll,Pisarach (Pisaras),Fishing,M,Unknown,thigh,N,23,Unknown
1995.06.02,1995,HONG KONG,New Territories,Sheung Sze Wan Beach,Swimming,M,29,thigh,Y,14,Unknown
1906.01.20,1906,SOUTH AFRICA,KwaZulu-Natal,"Battery Beach, Durban",Washing horses,M,30,thigh,Y,12,Unknown
1964.08.23,1964,MEXICO,Guerrero,Acapulco,Floating on his back in an inner tube,M,19,thigh,N,14,Unknown
1874.11.21,1874,AUSTRALIA,Queensland,Maryborough,Bathing,M,Unknown,thigh,N,Unknown,Unknown
1929.01.12,1929,AUSTRALIA,New South Wales,Bondi,Body surfing,M,14,thigh,Y,18,Unknown
1919.01.09,1919,AUSTRALIA,New South Wales,"Sirius Cove, Sydney Harbor",Wading,M,13,thigh,Y,7,Unknown
1954.01.15,1954,PAPUA NEW GUINEA,Madang Province,"Singour, 60 miles south of Madang",Crouching in the water,M,26,thigh,N,15,Unknown
2012.07.06,2012,SOUTH AFRICA,Western Cape Province,"Sandstrand, Jongensfontein",Surfing,M,29,thigh,N,16,Unknown
2007.07.04,2007,REUNION,Unknown,Boucan Canot,Body boarding,M,17,thigh,N,14,Unknown
1952.12.21,1952,AUSTRALIA,South Australia,Cape Douglas,"Fishing, setting nets",M,25,thigh,N,18,Unknown
2004.03.27.b,2004,REUNION,Saint-Benoï¿,Spot de la gare,Surfing,M,20,thigh,N,17,Unknown
2005.05.03,2005,MADAGASCAR,Unknown,Unknown,Fishing,M,Unknown,thigh,N,Unknown,Unknown
1994.11.13,1994,USA,Hawaii,"Off the Hanalei River, Kaua'i","Surfing, paddling seawards",F,34,thigh,N,9,Unknown
1940.06.30,1940,USA,North Carolina,"Holden Beach, Brunswick County",Fishing,M,Unknown,thigh,N,Unknown,Unknown
1916.07.12.b,1916,USA,New Jersey,"Matawan Creek, 10 miles from the sea, Monmouth County",Swimming (recovering remains of Stilwell) ,M,24,thigh,Y,Unknown,Unknown
1953.07.26,1953,USA,Hawaii,"Maile Beach, O'ahu",Spearfishing,M,15,thigh,Y,9,Unknown
2007.12.21,2007,ECUADOR,Galapagos Islands,San Cristobal Island,Surfing,M,24,thigh,N,Unknown,Unknown
2006.09.03.a,2006,USA,Florida,"New Smyrna Beach, Volusia County",Standing,M,33,thigh,N,17,Unknown
1991.08.12,1991,USA,Florida,"Vero Beach, Indian River County",Wading,F,10,thigh,N,16,Unknown
1999.03.05,1999,USA,Hawaii,"Quarter mile offshore in Kaanapali, West Maui",Swimming near pod of whales,F,29,thigh,N,10,Unknown
2014.05.23,2014,FRANCE,Wallis and Futuna,Wallis Island,Scuba diving,M,Unknown,thigh,N,9,Unknown
1995.10.11,1995,AUSTRALIA,Queensland,"Pialba, Hervey Bay",Playing / standing,F,15,thigh,N,14,Unknown
2013.04.02.a,2013,USA,Hawaii,Kaï¿½ï¿½ï¿½ï¿½ï¿½,Surfing,M,58,thigh,N,8,Unknown
1997.05.31.c,1997,USA,Florida,In Gulf of Mexico 17 miles off Weeki Wachee ,Spearfishing,M,35,thigh,N,9,Unknown
1956.08.25,1956,PAPUA NEW GUINEA,Central Province,"Paga Point or Fishermans Island, Port Moresby",Fishing ,M,34,thigh,Y,Unknown,Unknown
1957.05.11,1957,AUSTRALIA,New South Wales,"Tea Gardens, north of Newcastle",Competing in spearfishing championship & towing dead fish,M,28,thigh,N,12,Unknown
2007.07.17.a,2007,USA,North Carolina,"Atlantic Beach, Carteret County",Wading,F,30,thigh,N,13,Unknown
1905.03.26,1905,AUSTRALIA,New South Wales,Lismore,Bathing,M,40,thigh,N,9,Unknown
1975.11.19.b,1975,AUSTRALIA,New South Wales,"Queenscliff, Sydney",Standing,M,20,thigh,N,Unknown,Unknown
1963.09.22,1963,SOLOMON ISLANDS,Ysabel Island,Susukana Plantation,Spearing fish,M,30,thigh,Y,13,Unknown
1951.03.24,1951,AUSTRALIA,New South Wales,Sydney,"Fishing, casting in the surf",M,Unknown,thigh,N,Unknown,Unknown
1936.12.30,1936,USA,Hawaii,"Honokohau, Maui","Diving, attempting to retrieve body of drowning victim wedged between rocks",M,Unknown,thigh,N,Unknown,Unknown
1988.10.14,1988,USA,Florida,"Boca Raton, Palm Beach County",Surfing,M,15,thigh,N,Unknown,Unknown
1963.11.05.R,1963,PAPUA NEW GUINEA,New Britain,Unknown,Wading,M,Unknown,thigh,N,Unknown,Unknown
2009.10.19,2009,USA,Hawaii,"Kalama Park, Maui",Surfing,M,54,thigh,N,6,Unknown
2007.05.07.a,2007,USA,Florida,Naples,Swimming,M,68,thigh,N,8,Unknown
2017.05.06.R,2017,AUSTRALIA,Queensland,Weipa,Attempting to lasso a shark,M,29,thigh,N,Unknown,Unknown
1929.00.00.c,1929,USA,Florida,Indian River area,Fishing,M,Unknown,thigh,N,Unknown,Unknown
1852.01.22,1852,NEW ZEALAND,North Island,Wellington Harbor,Swimming,M,Unknown,thigh,Y,Unknown,Unknown
2013.06.30,2013,TAIWAN,Taitung ,Unknown,Fishing,M,Unknown,thigh,N,Unknown,Unknown
2012.06.02.b,2012,USA,Florida,"Bethune Beach, Volusia County",Surfing,F,12,thigh,N,Unknown,Unknown
2011.08.18,2011,RUSSIA,"Peter the Great Bay, Khasan, Primorsky Krai (Far East)",Zheltukhin Island,Swimming,M,16,thigh,N,Unknown,Unknown
2005.03.05,2005,SOLOMON ISLANDS,Santa Isabel Province,Unknown,Diving,M,Unknown,thigh,N,Unknown,Unknown
2005.02.04,2005,BRAZIL,Bahia,Ilhï¿½,Surfing,M,12,thigh,N,Unknown,Unknown
2003.04.26,2003,BRAZIL,Rio de Janeiro,"Copacabana Beach, Rio de Janiero",Killing  sharks,M,Unknown,thigh,N,Unknown,Unknown
2002.01.30.a,2002,AUSTRALIA,Western Australia,Collie River ,Swimming,M,32,thigh,N,Unknown,Unknown
2001.04.02.b,2001,BRAZIL,Rio Grande de Norte,"Praia de Camapum, Macau",Batin,F,12,thigh,N,Unknown,Unknown
1999.09.16,1999,USA,Florida,"Cape Canaveral, Brevard County",Wading,F,61,thigh,N,Unknown,Unknown
1995.08.19,1995,TONGA,Vavaï¿,Near Tapana Island,Fishing,M,18,thigh,N,15,Unknown
1932.01.27,1932,AUSTRALIA,Queensland,Ipswich,Swimming,M,Unknown,thigh,N,15,Unknown
1966.06.04,1966,USA,Texas,Bolivar Peninsula,Swimming,M,18,thigh,N,17,Unknown
1981.03.24,1981,USA,Florida,"Singer Island, Riviera Beach, Palm Beach County",Surfing,M,24,thigh,N,17,Unknown
2003.07.09,2003,BAHAMAS,Abaco Islands,Bakers Bay,Spearfishing,M,58,thigh,N,14,Unknown
2003.04.18,2003,USA,Florida,"North Beach, Patrick AFB, Brevard County",Surfing,M,12,thigh,N,8,Unknown
2017.04.29.d,2017,USA,California,"San Onofre, San Diego County ",Unknown,F,Unknown,thigh,N,17,Unknown
1997.07.02.R,1997,BRAZIL,Pernambuco,Paiva,Surfing,Unknown,Unknown,thigh,N,Unknown,Unknown
2017.04.05,2017,USA,Florida,"New Smyrna Beach, Volusia County",Swimming,F,51,thigh,N,13,Unknown
2016.10.24,2016,AUSTRALIA,New South Wales,Broken Head Beach,Surfing,M,36,thigh,N,7,Unknown
2016.09.18.c,2016,USA,Florida,"New Smyrna Beach, Volusia County",Surfing,M,16,thigh,N,13,Unknown
1862.12.22,1862,NEW ZEALAND,North Island,"Soldier's Point, Brick Bay, Auckland",Swimming,M,28,thigh,N,7,Unknown
1996.02.10.b,1996,PAPUA NEW GUINEA,Madang Province,Madang,Unknown,Unknown,Unknown,thigh,N,Unknown,Unknown
2016.05.22,2016,USA,Florida,"Vero Beach, Indian River County",Swimming,F,57,thigh,N,12,Unknown
2016.03.30,2016,AUSTRALIA,New South Wales,Bombo Beach,Surfing,M,22,thigh,N,19,Unknown
2016.02.22,2016,NEW CALEDONIA,South Province,"Ricaudy Reef, Noumea",Kite surfing,M,21,thigh,N,19,Unknown
2015.10.28.a,2015,USA,Hawaii,"Malaka, Oahu",Body boarding,M,10,thigh,N,14,Unknown
2015.08.22.a,2015,AUSTRALIA,New South Wales,Lighthouse Beach,Surfing,M,38,thigh,N,17,Unknown
1994.12.11,1994,BRAZIL,Pernambuco,Paiva,Surfing,M,Unknown,thigh,N,Unknown,Unknown
2013.08.18,2013,USA,Hawaii,Pohoiki ,Surfing,M,16,thigh,N,13,Unknown
1993.00.00.b,1993,TONGA,Vavaï¿,Between Ofu & Fafini Islands,Spearfishing,Unknown,30,thigh,N,Unknown,Unknown
1966.12.26.a,1966,SINGAPORE,Unknown,Singapore,Wading,M,39,thigh,N,15,Unknown
2012.05.09,2012,USA,Florida,"Vero Beach, Indian River County",Swimming,F,47,thigh,N,11,Unknown
2011.12.25,2011,ECUADOR,Santa Elena,Barandï¿½ï¿½ï¿,Surfing,M,23,thigh,N,18,Unknown
2011.09.24.a,2011,USA,South Carolina,"North Myrtle Beach, Horry County",Jumping in the waves,M,5,thigh,N,10,Unknown
2014.10.07,2014,USA,Florida,"Cherie Down Park, Brevard County",Fishing,F,40,thigh,N,15,Unknown
2011.06.29,2011,BRAZIL,Pernambuco,Praia do Pina,Surfing,M,21,thigh,N,10,Unknown
2011.05.30,2011,USA,Texas,"Follett's Island, Brazoria County",Standing or boogie boardin,F,22,thigh,N,15,Unknown
2011.10.02,2011,USA,Florida,"Santa Maria Island, Manatee County",Wade fishing,M,Unknown,thigh,N,15,Unknown
2010.09.03.a,2010,USA,Florida,"New Smyrna Beach, Volusia County",Surfing,M,24,thigh,N,9,Unknown
1989.04.00,1989,USA,Hawaii,"Kekaha Beach, Kaua'i",Paddling on surfboard,M,Unknown,thigh,N,Unknown,Unknown
2007.03.31.a,2007,USA,Florida,"Waveland Beach, Hutchinson Island, St. Lucie County",Unknown,M,9,thigh,N,13,Unknown
1984.11.04,1984,USA,Florida,"Fowey Rock, Key Biscayne",Spearfishing,M,29,thigh,N,Unknown,Unknown
2006.06.18,2006,BRAZIL,Pernambuco,"Punta Del Chifre Beach, Olinda",Body boarding,M,27,thigh,Y,9,Unknown
2006.05.21,2006,BRAZIL,Pernambuco,"Boa Viagem Beach, Recife",Surfing,M,33,thigh,N,11,Unknown
2005.11.20,2005,USA,Florida,"New Smyrna  Beach, Volusia County",Surfing,M,17,thigh,N,14,Unknown
2004.11.11.a,2004,VANUATU,Malampa Province,Malakula (Malakula Island),Snorkeling,M,30,thigh,N,9,Unknown
2004.05.22.a,2004,BRAZIL,Pernambuco,"Piedade Beach, Recife",Wading,F,24,thigh,N,16,Unknown
1969.11.30,1969,AUSTRALIA,Western Australia,"Swan River, 13 miles upstream",Swimming,M,15,thigh,N,15,Unknown
2004.02.29,2004,BRAZIL,Pernambuco,"Piedade Beach, Recife",Swimming,M,29,thigh,Y,15,Unknown
1979.05.00.c,1979,NEW CALEDONIA,North Province,Ile Yandï¿½ï¿½ï¿½ï¿½ï¿½ï¿½ï¿½ï¿½ï¿,Fishing,Unknown,Unknown,thigh,N,Unknown,Unknown
2002.02.11,2002,FIJI,Cikobia Island (north of Vanua Levu),Unknown,Unknown,M,15,thigh,Y,20,Unknown
2001.08.26,2001,USA,Florida,"New Smyrna Beach, Volusia County",Boogie Boarding,M,18,thigh,N,16,Unknown
2001.08.25,2001,USA,Florida,"New Smyrna Beach, Volusia County",Boogie Boarding,M,18,thigh,N,14,Unknown
2001.08.21,2001,USA,Florida,"New Smyrna Beach, Volusia County",Surfing,M,27,thigh,N,16,Unknown
1921.10.04,1921,AUSTRALIA,Queensland,Barrier Reef,Diving for beche-de-mer,M,22,thigh,Y,15,Unknown
1919.08.10,1919,USA,Florida,"Gadsden Point, Tampa Bay",Swimming,M,Unknown,thigh,N,15,Unknown
2000.07.04.b,2000,USA,Florida,"Daytona Beach, Volusia County",Wading,F,20,thigh,N,18,Unknown
2000.04.09,2000,USA,Florida,"Municipal Beach, Riviera Beach, Palm Beach County",Boogie boarding / wading,M,Unknown,thigh,N,14,Unknown
1898.08.22,1898,USA,New York,"Prince's Bay, Staten Island",Swimming,M,Unknown,thigh,N,15,Unknown
1973.09.29,1973,SOUTH AFRICA,KwaZulu-Natal,Mission Rocks,Being pulled to shore from wreck of 25-ton fishing vessel Alan S,Unknown,Unknown,thigh,Y,Unknown,Unknown
1997.10.04,1997,USA,Florida,"Daytona Beach, Volusia County",Swimming,F,14,thigh,N,8,Unknown
1970.12.03,1970,USA,Hawaii,Kauai,Shipwreck,M,41,thigh,N,Unknown,Unknown
1993.02.19,1993,TONGA,Tongapatu Group,Between 'Ata and Tongapatu,Sea disaster,M,Unknown,thigh,N,3,Unknown
1989.01.20.a,1989,SOUTH AFRICA,KwaZulu-Natal,Isipingo,Lifesaving drill,M,19,thigh,N,18,Unknown
1983.12.25,1983,USA,Florida,"Riviera Beach, Palm Beach County",Surfing,M,17,thigh,N,15,Unknown
1964.12.10.b,1964,PAPUA NEW GUINEA,Bougainville (North Solomons),Buka Island,Unknown,M,Unknown,thigh,N,Unknown,Unknown
1971.04.06,1971,MEXICO,Guerrero,"Copacabana Beach, Acapulco",Surfing,M,19,thigh,Y,11,Unknown
1968.02.20,1968,AUSTRALIA,Western Australia,Swan River,Swimming,F,14,thigh,N,15,Unknown
1997.11.05.R,1997,USA,Florida,Unknown,Swimming,M,32,thigh,N,9,Unknown
1965.08.26,1965,USA,New Jersey,"Steel Pier, Atlantic City, Atlantic County",Swimming,M,15,thigh,N,17,Unknown
1965.01.16,1965,SOUTH AFRICA,KwaZulu-Natal,"Country Club Beach, Durban",Body surfing,M,20,thigh,N,16,Unknown
1964.02.14.a,1964,FIJI,Vanua Levu,"Nailou Village, Tunuloa Natewa Bay",Spearfishing,M,17,thigh,Y,10,Unknown
1964.01.04,1964,FIJI,"Lomaloma, Lau",Tuvuca Isalnd,Swimming,F,20,thigh,N,15,Unknown
1962.08.01,1962,PAPUA NEW GUINEA,"New Ireland Province, Bismarck Archipelago","Pekinberui Village, Tabar Island",Spearfishing,M,Unknown,thigh,Y,17,Unknown
1962.06.10.a,1962,USA,South Carolina,"Hilton Head, Beaufort County",Standing,M,13,thigh,N,16,Unknown
1961.08.01,1961,PAPUA NEW GUINEA,Sandaun Province,Vanimo  on Musu side of Wutong anchorage,"Fishing, two large sharks passed. He speared one and it bit him",M,Unknown,thigh,N,Unknown,Unknown
1954.12.09,1954,PAPUA NEW GUINEA,Central Province,"Kila Beach, Port Moresby",Swimming near canoe,M,Unknown,thigh,Y,13,Unknown
1954.02.27,1954,AUSTRALIA,New South Wales,"The Entrance, near Gosford",Swimming,M,23,thigh,Y,17,Unknown
1960.11.00.b,1960,PAPUA NEW GUINEA,Central Province,Abau Subdistrict,Fishing,M,Unknown,thigh,Y,Unknown,Unknown
2006.09.16,2006,USA,North Carolina,Onslow Beach,Surfing,M,16,thigh,N,9,Unknown
1949.07.25,1949,USA,South Carolina,"Oketee River, Jasper County",Floating on his back,M,16,thigh,N,15,Unknown
1947.11.08.a,1947,AUSTRALIA,New South Wales,"Maria River, Port Macquarie, 12 miles from river mouth",Swimming,M,13,thigh,N,16,Unknown
1947.04.11,1947,SOUTH AFRICA,KwaZulu-Natal,"Rocket Hut Beach, Durban",Body surfing,M,14,thigh,N,17,Unknown
1944.03.26.b,1944,SOUTH AFRICA,KwaZulu-Natal,"Country Club Beach, Durban",Treading water,M,18,thigh,N,17,Unknown
1944.03.26.a,1944,SOUTH AFRICA,KwaZulu-Natal,"North Beach, Durban",Standing,M,23,thigh,Y,10,Unknown
1944.01.20,1944,SOUTH AFRICA,KwaZulu-Natal,"North Beach, Durban",Body surfing,M,22,thigh,Y,13,Unknown
1959.10.05,1959,PAPUA NEW GUINEA,Madang,Taludig,Unknown,Unknown,Unknown,thigh,N,Unknown,Unknown
1943.12.12,1943,SOUTH AFRICA,KwaZulu-Natal,"Inyoni Rocks, Amazimtoti ",Treading water,M,17,thigh,Y,11,Unknown
1943.03.21,1943,SOUTH AFRICA,KwaZulu-Natal,"North Beach, Durban",Swimming,M,31,thigh,Y,16,Unknown
1959.04.27,1959,AUSTRALIA,New South Wales,Maroubra Bay,Spearfishing,M,22,thigh,N,Unknown,Unknown
1959.01.25,1959,AUSTRALIA,Tasmania,"Whale Bay, King Island, Bass Strait",Swimming with motor tube,M,16,thigh,N,Unknown,Unknown
1935.09.21,1935,USA,North Carolina,"Brownï¿½ï¿½ï¿½ï¿½ï¿½ï¿½ï¿½ï¿½ï¿½s Inlet ",Swimming,M,38,thigh,Y,20,Unknown
1935.02.14,1935,AUSTRALIA,New South Wales,Austinmer,Surfing (pneumatic surfboard),M,20,thigh,N,17,Unknown
1934.04.01.b,1934,SOUTH AFRICA,KwaZulu-Natal,"Danger Pool, Winkelspruit",Swimming ,M,12,thigh,N,12,Unknown
1947.07.15,1947,SOUTH AFRICA,KwaZulu-Natal,"North Beach, Durban",Swimming,M,20,thigh,N,9,Unknown
1882.11.12.a,1882,NEW ZEALAND,North Island,"Tararu, Thames",Bathing,M,Unknown,thigh,N,9,Unknown
1877.04.04.,1877,AUSTRALIA,Victoria,Portarlington,Bathing,M,Unknown,thigh,N,9,Unknown
1920.06.29,1920,USA,Florida,"Englewood Beach, Charlotte County",Swimming ,M,13,thigh,N,18,Unknown
1956.03.11,1956,AUSTRALIA,New South Wales,"Cronulla, near Sydney",Bathing,M,13,thigh,N,Unknown,Unknown
1956.01.16.R,1956,AUSTRALIA,Torres Strait,Palm Island,Diving for trochus,M,18,thigh,N,Unknown,Unknown
1954.06.00,1954,HONG KONG,Unknown,Unknown,Bathing alongside ship,M,Unknown,thigh,Y,Unknown,Unknown
1954.04.00,1954,SUDAN?,Red Sea,Southern part ,Spearfishing,M,Unknown,thigh,N,Unknown,Unknown
1905.04.06,1905,SOUTH AFRICA,KwaZulu-Natal,"Back Beach, Durban",Swimming,M,26,thigh,Y,16,Unknown
1952.10.12,1952,PAPUA NEW GUINEA,"Abau Sub District, Central Province",Lalaura Village,Fishing,M,Unknown,thigh,N,Unknown,Unknown
1901.06.24,1901,PHILIPPINES,Western Viscayas,"Island of Panay, Iliolo",Swimming,M,Unknown,thigh,N,15,Unknown
1900.01.28,1900,AUSTRALIA,New South Wales,"Lane Cove River, Sydney Harbor (Estuary)","Standing, gathering oysters",M,Unknown,thigh,N,12,Unknown
1949.07.28,1949,IRAN,Shatt-al-Arab River,Bashamir,Swimming,M,18,thigh,Y,Unknown,Unknown
1945.05.08,1945,USA,North Carolina,"Ocracoke Inlet, Carteret County",Swimming,M,Unknown,thigh,Y,Unknown,Unknown
1940.01.01,1940,AUSTRALIA,Queensland,"Malagil, Barrier Reef",Diving for trochus,M,Unknown,thigh,N,Unknown,Unknown
1935.08.13,1935,AUSTRALIA,Torres Strait,"Near Warrior Reefs, Queensland",Diving for beche-de-mer from lugger,M,Unknown,thigh,Y,Unknown,Unknown
1931.03.22,1931,AUSTRALIA,Queensland,"Ross River, Townsville",Fishing with a cast net,M,19,thigh,Y,Unknown,Unknown
1930.02.03.R,1930,AUSTRALIA,Western Australia,Onslow,Removing shark from a trap,M,Unknown,thigh,N,Unknown,Unknown
1929.04.26.R,1929,AUSTRALIA,Queensland,Great Barrier Reef,Diving for trepang,M,Unknown,thigh,N,Unknown,Unknown
1925.08.02,1925,USA,South Carolina,"Folly Island, near Charleston",Swimming,F,Unknown,thigh,N,Unknown,Unknown
1923.03.18,1923,AUSTRALIA,Queensland,"Ross River, Townsville",Diving,M,Unknown,thigh,N,Unknown,Unknown
1923.01.27.a,1923,AUSTRALIA,Western Australia,"In Swan River at Freshwater Bay, Claremont, 5 miles from river mouth",Swimming,M,13,thigh,Y,Unknown,Unknown
1922.12.14,1922,USA,Puerto Rico,San Juan,Bathing,F,Unknown,thigh,Y,Unknown,Unknown
1920.00.00.a,1920,SOUTH AFRICA,KwaZulu-Natal,Tugela River,Splashing,M,12,thigh,N,Unknown,Unknown
1914.12.04.R,1914,AUSTRALIA,Queensland,Magnetic Island,Swimming,M,Unknown,thigh,N,Unknown,Unknown
1914.10.17,1914,SAMOA,Apolima Strait,Opposite Apelima &  Manona,Copra vessel with 19 on board was wrecked in a squall,F,Unknown,thigh,N,Unknown,Unknown
1913.05.02,1913,AUSTRALIA,New South Wales,Unknown,Hauling in net,M,Unknown,thigh,N,Unknown,Unknown
1909.07.15,1909,USA,Florida,"Panama City, Bay County",Swimming,M,16,thigh,N,Unknown,Unknown
1901.10.00,1901,PHILIPPINES,Zamboanga del Sur Province, Port Isabela de Basilan,Taking catch from a fish weir in which the shark was snared,M,Unknown,thigh,N,Unknown,Unknown
1901.01.30,1901,AUSTRALIA,Queensland,Brisbane,Bathing,M,Unknown,thigh,Y,Unknown,Unknown
1898.04.13,1898,FIJI,Muala,Unknown,The cutter Francis Adams foundered,M,Unknown,thigh,N,Unknown,Unknown
1895.05.03,1895,NEW ZEALAND,South Island,Preservation Inlet,"""Boat accident""",M,Unknown,thigh,Y,Unknown,Unknown
1894.08.01,1894,USA,Florida,"Jacksonville, Duval County",Swimming / floating on his back,M,Unknown,thigh,N,Unknown,Unknown
1882.02.07.R,1882,AUSTRALIA,Unknown,Unknown,Pearl diving,M,Unknown,thigh,Y,Unknown,Unknown
1879.11.10,1879,AUSTRALIA,New South Wales,Clarence Heads,Swimming,M,Unknown,thigh,N,Unknown,Unknown
1877.03.11,1877,FIJI,Viti Levu Island,"Na Koro Vatu, Rewa River",Unknown,M,15,thigh,N,Unknown,Unknown
1877.00.00,1877,INDIA,Hoogly River,Near Calcutta,Unknown,Unknown,Unknown,thigh,N,Unknown,Unknown
1874.07.15.R,1874,USA,Hawaii,Waikiki,Fishing,M,Unknown,thigh,N,Unknown,Unknown
1874.01.09,1874,AUSTRALIA,New South Wales,"Darling Harbor, Sydney",Bathing,M,Unknown,thigh,N,Unknown,Unknown
1872.04.03.R,1872,USA,Hawaii,Kawahae,Canoeing,M,Unknown,thigh,N,Unknown,Unknown
1871.05.22.R,1871,SRI LANKA,Eastern Province,Trincomalee,Bathing,M,Unknown,thigh,N,Unknown,Unknown
1871.03.24,1871,INDIA,22ï¿½ï¿½ï¿,Hoogly River at Multah,Bathing,M,30,thigh,Y,Unknown,Unknown
1870.05.11,1870,INDIA,22ï¿½ï¿½ï¿,Near Sobah Bazar,Bathing,M,40,thigh,N,Unknown,Unknown
1870.01.09,1870,AUSTRALIA,Queensland,Brisbane River,Bathing,M,17,thigh,N,Unknown,Unknown
1864.08.12,1864,USA,New York,Mahattan,Swimming,M,13,thigh,N,Unknown,Unknown
1856.02.06,1856,AUSTRALIA,Victoria,Point Henry,Swimming,M,17,thigh,Unknown,Unknown,Unknown
1847.11.30,1847,AUSTRALIA,Queensland,Brisbane River,Swimming,M,Unknown,thigh,N,Unknown,Unknown
ND-0130,1876,LEBANON,Unknown,Unknown,Collecting fish ,M,Unknown,thigh,N,Unknown,Unknown
1989.03.09,1989,AUSTRALIA,South Australia,"Waitpinga Beach, near Victor Harbor, Encounter Bay",Surfing,M,27,thigh,Y,20,white shark
1988.08.11,1988,USA,California,"Klamath River, Del Norte County",Surfing,M,27,thigh,N,9,white shark
1989.06.06,1989,ITALY,Tuscany,"Marinella, between Punta Blanca & Marine del Carrara ",Windsurfing (urinating on his board),M,Unknown,thigh,N,15,white shark
1985.01.17,1985,SOUTH AFRICA,KwaZulu-Natal,Umbogintwini,Surfing,M,18,thigh,N,18,white shark
1994.03.23.a,1994,CHILE,Unknown,300 miles East of Easter Island,Swimming alongside NOAA research vessel Discoverer,M,Unknown,thigh,N,11,white shark
2012.04.11,2012,AUSTRALIA,South Australia,"Dolphin Bay, Innes National Park",Kayaking,M,27,thigh,N,Unknown,white shark
1980.10.27,1980,USA,Oregon,Off Umpqua River,Surfing,M,29,thigh,N,15,white shark
1990.06.24,1990,SOUTH AFRICA,Western Cape Province,Mossel Bay,Scuba diving (but on surface),F,21,thigh,Y,15,white shark
2003.08.19,2003,USA,California,"Avila Beach, San Luis Obispo County","Swimming, wearing black wetsuit & swim fins",F,50,thigh,Y,8,white shark
1998.04.21,1998,USA,Oregon,Gleneden Beach,Surfing (lying prone on his board),M,50,thigh,N,9,white shark
1983.08.20.a,1983,SOUTH AFRICA,Western Cape Province,"Seal Island, False Bay",Spearfishing,M,29,thigh,N,10,white shark
1982.09.19,1982,USA,California,"Bear Harbor, Mendocino County",Free diving for abalone from Zodiac (submerged),M,28,thigh,N,14,white shark
1990.05.06,1990,SOUTH AFRICA,Eastern Cape Province,Cintsa East,Resting on surfboard,M,22,thigh,N,12,white shark
2004.07.30,2004,RUSSIA,Kuril Islands in the Pacific,"Kunashir Island, 70 km from northern Japan",Diving & fishing with net,M,Unknown,thigh,N,Unknown,white shark
1989.11.22,1989,AUSTRALIA,Victoria,Kilcunda,Surfing,M,32,thigh,N,Unknown,white shark
1971.00.00.c,1971,AUSTRALIA,South Australia,Southport,Surfing,M,15,thigh,N,Unknown,white shark
2014.08.01,2014,SOUTH AFRICA,Western Cape Province,Muizenberg,Surfing,M,20,thigh,N,14,white shark
2003.09.12,2003,SOUTH AFRICA,Western Cape Province,Near the wreck of the Kakapo off Noordhoek Beach,Body boarding,M,19,thigh,Y,14,white shark
1987.10.11,1987,SOUTH AFRICA,Western Cape Province,"Seal Island, False Bay",Spearfishing,M,21,thigh,N,12,white shark
1977.08.31,1977,AUSTRALIA,South Australia,"Cactus Beach, near Ceduna",Surfing,M,17,thigh,N,16,white shark
1961.01.22,1961,SOUTH AFRICA,KwaZulu-Natal,Amanzimtoti,Swimming,M,15,thigh,N,14,white shark
1951.11.29,1951,SOUTH AFRICA,KwaZulu-Natal,"South Beach, Durban",Swimming,M,23,thigh,N,13,white shark
1922.05.06,1922,SOUTH AFRICA,Western Cape Province,"Simonï¿½ï¿½ï¿½ï¿½ï¿½ï¿½",Swimming,M,18,thigh,N,9,white shark
1940.02.22,1940,SOUTH AFRICA,KwaZulu-Natal,"Inyoni Rocks, South Coast",Swimming,M,17,thigh,Y,16,white shark
2000.11.04,2000,USA,California,"1/4 to 1/2 m north of the jetty at Bunkers, Eureka, Humboldt County",Surfing,M,27,thigh,N,16,white shark
2011.12.11,2011,AUSTRALIA,New South Wales,Angourie,Surfing,M,51,thigh,N,5,white shark
2012.01.18.a,2012,AUSTRALIA,New South Wales,Redhead Beach,Surfing,M,44,thigh,N,16,white shark
2001.04.08.b,2001,SOUTH AFRICA,Eastern Cape Province,Cape St. Francis,Surfing,M,46,thigh,N,9,white shark
1962.02.05,1962,SOUTH AFRICA,KwaZulu-Natal,Winkelspruit,Treading water,M,13,thigh,Y,16,white shark
1999.07.29,1999,SOUTH AFRICA,Western Cape Province,Kogebaai,Surfing,M,42,thigh,N,14,white shark
2016.09.26,2016,AUSTRALIA,New South Wales,"Lighthouse Beach, Ballina",Surfing,M,17,thigh,N,9,white shark
1976.10.06,1976,SOUTH AFRICA,Eastern Cape Province,Cape St. Francis,Surfing,M,20,thigh,N,11,white shark
1935.03.02,1935,AUSTRALIA,New South Wales,North Narrabeen Beach,Standing,M,22,thigh,Y,17,white shark
2009.01.11.a,2009,AUSTRALIA,New South Wales,Fingal Beach,Surfing,M,31,thigh,N,9,white shark
2013.12.16,2013,SOUTH AFRICA,Western Cape Province,Die Platt,Surfing,M,19,thigh,N,8,white shark
2007.11.03,2007,SOUTH AFRICA,Eastern Cape Province,Bonza Bay,Surfing,M,37,thigh,N,8,white shark
1998.08.26,1998,USA,California,"Stinson Beach, Marin County",Boogie boarding,M,16,thigh,N,14,white shark
1974.09.28,1974,USA,California,"North of Point Sur, Monterey County",Surfing,M,17,thigh,N,7,white shark
2013.10.05.a,2013,USA,California,"Bunkers, Humboldt Bay, Eureka, Humboldt County",Surfing,M,45,thigh,N,8,white shark
1940.03.31,1940,SOUTH AFRICA,KwaZulu-Natal,"Danger Pool, Winkelspruit, South Coast",Treading water,M,25,thigh,Y,11,white shark
1996.04.25.b,1996,AUSTRALIA,New South Wales,Mona Vale,Swimming,M,11,thigh,N,Unknown,wobbegong shark
1955.11.16,1955,PAPUA NEW GUINEA,Central Province,"Kalautu Village, Baibara at the mouth of Oibada River",Swimming,M,8,thigh,N,18,wobbegong shark
2003.11.30.b,2003,AUSTRALIA,Western Australia,Perth? (Margaret River District),Swimming,M,Unknown,thigh,N,11,wobbegong shark
2009.03.16.R,2009,AUSTRALIA,Western Australia,"The Natural Jetty, Rottnest Island",Wading,M,21,thigh,N,Unknown,wobbegong shark
1939.07.18,1939,PACIFIC OCEAN,Unknown,Unknown,Japanese freighter Bokuyo Maru burned & sank,Unknown,3,Unknown,Y,Unknown,Unknown
1905.02.10,1905,AUSTRALIA,Victoria,Elwood,Bathing,M,23,Unknown,Y,Unknown,Unknown
1920.07.14,1920,USA,New York,"Woodcliff Channel, Freeport, Long Island",Swimming ,M,30,Unknown,Y,Unknown,Unknown
1866.04.24.R,1866,AUSTRALIA,Western Australia,Off De Grey river,Fell overboard,M,Unknown,Unknown,Y,Unknown,Unknown
1858.08.29,1858,USA,New York ,"Staten Island, Richmond County",Swimming,M,Unknown,Unknown,Y,Unknown,Unknown
1858.08.31,1858,USA,New York ,"Staten Island, Richmond County",Swimming,M,Unknown,Unknown,Y,Unknown,Unknown
1863.09.13.R,1863,USA,South Carolina,"Stono Inlet, near Charleston, Charleston County",Bathing,M,Unknown,Unknown,N,Unknown,Unknown
1928.08.24.R,1928,USA,New Jersey,Off shore,Unknown,M,Unknown,finger,Unknown,Unknown,Unknown
1952.07.27.b,1952,USA,South Carolina,Seabrook Beach,Fishing,M,34,finger,N,Unknown,Unknown
1938.01.21,1938,AUSTRALIA,New South Wales,Tweed Heads,Fishing,M,Unknown,finger,N,Unknown,tiger shark
1961.02.17.b,1961,USA,Pennsylvania,"Fairmount Park Aquarium, Philadelphia",Cleaning a tank,M,30,finger,N,Unknown,Unknown
2014.03.02,2014,USA,Florida,"Santa Lucea Beach, South Hutchinson Island, St. Lucie County",Surfing,M,21,toe,N,Unknown,blacktip shark
2016.08.04,2016,USA,Florida,"New Smyrna Beach, Volusia County",Surfing,M,22,toe,N,Unknown,blacktip shark
2014.08.08,2014,USA,Louisiana,"Lake Ponchartain off Southshore Harbor, New Orleans",Swimming,M,7,toe,N,15,bull shark
2003.07.00.c,2003,USA,Florida,"Fort Lauderdale, Broward County",Spearfishing,M,Unknown,toe,N,Unknown,hammerhead shark
2013.03.21.R,2013,BELIZE,Unknown,Unknown,Snorkeling,F,Unknown,toe,N,Unknown,nurse shark
1982.01.29,1982,SOUTH AFRICA,Eastern Cape Province,Mpekeweni,Swimming,M,20,toe,N,16,sandtiger shark
2012.10.16,2012,USA,Florida,Hobe Sound,Unknown,M,Unknown,toe,N,17,Unknown
2002.08.14,2002,USA,Florida,"New Smyrna Beach, Volusia County",Surfing,M,27,toe,N,14,Unknown
1851.00.00,1851,USA,California,"San Francisco Bay (or San Leandro Bay), near cannery, Alameda County",Hard hat diving,M,Unknown,toe,N,Unknown,Unknown
2008.07.26.b,2008,MEXICO,Cabo San Lucas,Unknown,Swimming,M,33,toe,N,Unknown,Unknown
2002.04.02,2002,USA,Florida,"New Smyrna Beach, Volusia County",Wading,M,41,toe,N,15,Unknown
2007.09.20,2007,USA,Florida,"New Smyrna Beach, Volusia County",Surfing,M,23,toe,N,18,Unknown
2008.07.24.b,2008,USA,North Carolina,"Surf City, Topsail Island, Pender County",Wading,M,9,toe,N,Unknown,Unknown
1949.04.18,1949,AUSTRALIA,Queensland,"Nerang River, Southpot",Fishing,M,Unknown,toe,N,Unknown,Unknown
1998.08.30,1998,USA,Florida,"Ponce Inlet, Volusia County",Surfing,M,26,toe,N,20,Unknown
1912.07.23,1912,USA,South Carolina,Sullivan's Island,Swimming,M,Unknown,toe,N,15,Unknown
2006.09.29,2006,USA,Florida,"New Smyrna Beach, Volusia County",Surfing,M,19,toe,N,Unknown,Unknown
2004.02.21,2004,AUSTRALIA,New South Wales,"Taree, Old Bar Beach",Swimming,M,Unknown,toe,N,Unknown,Unknown
2001.08.05,2001,USA,South Carolina,"Near 70th Avenue, Myrtle Beach, Horry County",Unknown,F,Unknown,toe,N,Unknown,Unknown
2016.07.16.a,2016,USA,Florida,"New Smyrna Beach, Volusia County",Unknown,F,11,toe,N,11,Unknown
2009.12.13,2009,AUSTRALIA,New South Wales,Coffee Head,Surfing,M,39,toe,N,7,Unknown
2007.09.05,2007,USA,Florida,"Daytona Beach, Volusia County",Wading,F,36,toe,N,13,Unknown
1999.09.10,1999,USA,South Carolina,"Isle of Palms, Charleston County",Wading,F,10,toe,N,15,Unknown
1965.10.00,1965,PAPUA NEW GUINEA,New Britain,Unknown,Wading,M,27,toe,N,Unknown,Unknown
1860.08.01,1860,USA,New York,Brooklyn,Swimming,M,Unknown,toe,N,18,Unknown
1960.00.00.i,1960,GRENADA,St. Georges ,Black Point Bay,Spearfishing,M,9,toe,N,Unknown,Unknown
1959.04.09..a,1959,SOUTH AFRICA,Eastern Cape Province,Port Elizabeth ,Fishing,M,Unknown,toe,N,Unknown,Unknown
1929.03.16,1929,USA,Florida,"Sea Spray, Palm Beach",Swimming,M,26,toe,N,12,Unknown
1962.06.11.c,1962,USA,California,San Francisco Bay,Escaping from Alacatraz,M,31,toe,N,21,Unknown
2016.09.01,2016,USA,California,"Refugio State Beach, Santa Barbara County",Spearfishing,M,22,toe,N,Unknown,white shark
1967.04.00,1967,UNITED KINGDOM,Gibraltar,Unknown,Fishing,M,60,Unknown,N,Unknown,Unknown
2002.05.21.R,2002,COSTA RICA,Guanacaste,Playa Grande,Surfing,M,Unknown,no injury,N,Unknown,bull shark
1922.12.05,1922,AUSTRALIA,Queensland,Pialba Beach near Maryborough,Bathing in 3' to 4' of water,M,19,torso,Y,9,blue shark
2001.08.31,2001,BAHAMAS,Abaco Islands,North of Grand Cay,Spearfishing,M,44,torso,N,13,bull shark
2017.01.21,2017,AUSTRALIA,Queensland,"Boot Reef, Torres Strait",Scuba Diving,M,55,torso,N,12,bull shark
2007.08.15,2007,USA,Florida,Sarasota Bay,Floating near boat & observing bioluminesce,M,20,torso,N,21,bull shark
1999.01.29,1999,MAURITIUS,Unknown,Belle-Mare,Spearfishing,M,47,torso,N,Unknown,bull shark
2009.12.22,2009,MOZAMBIQUE,Maputo Province,Ponta do Ouro,Swimming,M,27,torso,N,16,bull shark
2014.06.09.a,2014,AUSTRALIA,South Australia,"Parsons Beach,  Fleurieu Peninsula",Body boarding,M,39,torso,N,9,copper shark
1972.00.00.a,1972,MARSHALL ISLANDS,Illeginni Atoll,Unknown,"Free diving, collecting shells",M,Unknown,torso,N,Unknown,grey reef shark
1968.12.02,1968,SOUTH AFRICA,KwaZulu-Natal,"Bluff, Durban",Spearfishing,M,28,torso,N,Unknown,hammerhead shark
2015.07.06,2015,FRENCH POLYNESIA,Bora Bora,Unknown,Swimming,M,Unknown,torso,N,Unknown,Unknown
2013.08.29,2013,USA,California,Catalina Channel,Marathon swimming,F,47,torso,N,Unknown,Unknown
1932.10.31,1932,AUSTRALIA,New South Wales,"Redhead Beach, Newcastle",Swimming,M,24,torso,N,11,sandtiger shark
1956.12.26,1956,PAPUA NEW GUINEA,Milne Bay Province,Samarai Island (south end),Spearfishing,M,19,torso,Y,13,tiger shark
2000.10.18,2000,USA,Hawaii,Olowalu,Swimming / snorkeling,F,56,torso,N,11,tiger shark
1995.06.14,1995,USA,Hawaii,"Opposite Grand Wailea Resort, Wailea, Maui",Swimming,M,38,torso,N,11,tiger shark
1925.11.22,1925,AUSTRALIA,Western Australia,Cottesloe Beach,Floating on his back,M,55,torso,Y,15,tiger shark
1980.08.04,1980,USA,Hawaii,"Puamana, Lahaina, Maui",Resting on body board,M,Unknown,torso,N,Unknown,tiger shark
2005.05.27,2005,USA,Florida,"Sand Key Beach, Clearwater, Pinellas County",Crouching in 2' of water,F,Unknown,torso,N,18,Unknown
1958.01.09.R,1958,JAPAN,Ibaraki Prefecture,Mito,Unknown,M,50,torso,Y,Unknown,Unknown
1962.02.23,1962,PAPUA NEW GUINEA,Central Province,Fishermanï¿½ï¿½ï¿½ï¿½ï¿½ï¿½ï¿½ï¿½ï¿½,Swimming along a row of nets,M,Unknown,torso,N,Unknown,Unknown
1961.02.12,1961,SOUTH AFRICA,Western Cape Province,Sea Point,"Spearfishing, shark grabbed his white t-shirt and towed him ",M,27,torso,N,15,Unknown
1963.09.13,1963,AUSTRALIA,New South Wales,Wanda Beach,Surfing,M,18,torso,N,9,Unknown
1957.12.30,1957,SOUTH AFRICA,KwaZulu-Natal,Margate,Standing,F,14,torso,N,12,Unknown
1964.05.00,1964,PANAMA,San Blas Islands,"Achutupu, a small island ner Ailigandi",Skin diving,M,13,torso,Y,Unknown,Unknown
1905.12.31,1905,SOUTH AFRICA,KwaZulu-Natal,"Back Beach, Durban",Floating or standing,M,Unknown,torso,Y,9,Unknown
1937.10.24.c,1937,AUSTRALIA,New South Wales,Byron Bay ,Swimming near jetty,M,16,torso,N,Unknown,Unknown
1987.07.00,1987,BAHAMAS,Unknown,Unknown,Spearfishing,M,Unknown,torso,N,Unknown,Unknown
1894.06.15.a.R,1894,MEXICO,Bay of Campeche,Unknown,Fell from yardarm of British ship Rover,M,Unknown,torso,Y,Unknown,Unknown
1998.04.26,1998,MOZAMBIQUE,Gaza,"Bilene Bay, 180 km north of Maputo",Towing rubber dinghy,F,35,torso,Y,15,Unknown
2006.09.11,2006,USA,Florida,"New Smyrna Beach, Volusia County",Surfing,M,52,torso,N,Unknown,Unknown
2015.07.01,2015,USA,North Carolina,"Ocracoke, Lifeguard Beach, National Park Service, Hyde County",Swimming,M,68,torso,N,12,Unknown
2016.10.15,2016,AUSTRALIA,Queensland,"Kings Beach, Caloundra",Surfing,M,Unknown,torso,N,18,Unknown
2008.11.06,2008,PHILIPPINES,Luzon,"off Paoay, Ilocos Norte Province",Fishing,M,39,torso,Y,11,Unknown
1916.07.12.a,1916,USA,New Jersey,"Matawan Creek, 10 miles from the sea, Monmouth County",Swimming,M,10,torso,Y,9,Unknown
2012.08.28,2012,AUSTRALIA,Western Australia,Red Bluff near Quobba Station,Surfing,M,34,torso,N,15,Unknown
2009.10.18,2009,PANAMA,Bocas,Playa La Cabaï¿½,Wading,F,10,torso,N,18,Unknown
2007.08.19.c,2007,USA,Florida,"Islamorada Founder's Park, Plantation Key, Monroe County",Swimming,M,52,torso,N,20,Unknown
1972.12.25,1972,MEXICO,Guerrero,"Revolcadero Beach, Acapulco",Body surfing,M,17,torso,Y,15,Unknown
1971.01.02,1971,AUSTRALIA,Tasmania,Unknown,Swimming,M,Unknown,torso,N,16,Unknown
1961.06.24,1961,USA,Florida,"500 yards from Fowey Rock Light, 9 miles east of Key Biscayne, Miami",Scuba diving & spearfishing ,M,23,torso,Y,9,Unknown
1954.12.04,1954,SOUTH AFRICA,KwaZulu-Natal,"Rocket Hut Beach, Durban",Swimming,M,16,torso,N,11,Unknown
1953.00.00.b,1953,PAPUA NEW GUINEA,Bougainville (North Solomons),"Kahuli, Buka Island",Washing,M,Unknown,torso,Y,Unknown,Unknown
1960.07.27,1960,PAPUA NEW GUINEA,Milne Bay Province,"Taupota, Samarai ",Spearfishing,M,25,torso,N,21,Unknown
1863.03.05,1863,AUSTRALIA,Victoria,Brighton,Floating on back,M,Unknown,torso,N,20,Unknown
1936.08.04,1936,AUSTRALIA,Torres Strait,Bathurst Island,Pearl diving,M,Unknown,torso,N,Unknown,Unknown
1932.04.16.b,1932,PHILIPPINES,Manila,Fort Mills,Standing,M,Unknown,torso,Y,Unknown,Unknown
1932.04.16.a,1932,PHILIPPINES,Manila,Fort Mills,Standing,F,Unknown,torso,Y,Unknown,Unknown
1917.05.05,1917,KUWAIT,Unknown,Unknown,Diving for pearls,M,Unknown,torso,N,Unknown,Unknown
1901.12.01,1901,AUSTRALIA,Queensland,Brisbane,Bathing,M,10,torso,N,Unknown,Unknown
1885.07.26.b,1885,USA,Hawaii,Kau District,Wreck of the schooner Pohoiki ,M,Unknown,torso,N,Unknown,Unknown
1882.05.12.R,1882,AUSTRALIA,Unknown,Unknown,Pearl diving,M,Unknown,torso,Y,Unknown,Unknown
1849.01.27,1849,AUSTRALIA,New South Wales,Sydney,boat capsized,M,Unknown,torso,Y,Unknown,Unknown
2014.07.05.b,2014,USA,California,"Manhattan Beach, Los Angeles County",Swimming,M,Unknown,torso,N,9,white shark
1989.07.20,1989,SOUTH AFRICA,Eastern Cape Province,Jeffreys Bay,Surfing,M,34,torso,N,10,white shark
1987.09.13,1987,SOUTH AFRICA,Western Cape Province,Still Bay,Surfing,M,24,torso,N,11,white shark
1985.01.04,1985,SOUTH AFRICA,Western Cape Province,"Buffels Bay, False Bay",Spearfishing,M,34,torso,N,11,white shark
1981.12.19,1981,USA,California,"South Moss Beach, Spanish Bay, Monterey Peninsula",Surfing,M,24,torso,Y,18,white shark
1996.07.23.b,1996,OKINAWA,Miyako,Hirara City,Swimming,M,52,torso,Y,Unknown,white shark
1995.08.00,1995,USA,California,"Carmel, Monterey County",Diving,M,Unknown,torso,N,Unknown,white shark
2012.10.30,2012,USA,California,"Humboldt Bay, Eureka, Humboldt County",Surfing,M,25,torso,N,12,white shark
2010.10.30,2010,AUSTRALIA,Western Australia,Off Garden Island,Snorkeling,F,20,torso,N,12,white shark
1963.12.08,1963,AUSTRALIA,South Australia,55 miles south of Adelaide,Spearfishing,M,23,torso,N,12,white shark
2012.07.31.a,2012,AUSTRALIA,South Australia,Streaky Bay,Surfing,M,48,torso,N,14,white shark
2007.08.28.a,2007,USA,California,"Marina State Beach, Monterey County",Surfing,M,24,torso,N,10,white shark
1972.01.01.a,1972,MOZAMBIQUE,Gaza,Xai Xai,Standing,M,24,torso,N,16,white shark
2015.06.26.b,2015,SOUTH AFRICA,Western Cape Province,"Lookout Beach, Plettenberg Bay",Surfing,M,23,torso,N,16,white shark
1976.11.27,1976,SOUTH AFRICA,Western Cape Province,Clifton,"Thrashing the water / imitating the shark victim from ""Jaws""",M,19,torso,N,16,white shark
1968.07.27,1968,USA,California,"Bodega Rock, Sonoma County",Free diving,M,25,torso,N,11,white shark
1930.01.16,1930,SOUTH AFRICA,Western Cape Province,"Melkbaai, False Bay",Swimming,M,23,torso,N,17,white shark
2000.11.06.a,2000,AUSTRALIA,Western Australia,"Cottesloe Beach, Perth",Swimming,M,49,torso,Y,6,white shark
2002.04.30,2002,AUSTRALIA,South Australia,"Smoky Bay, near Ceduna, on the Eyre Peninsula",Scallop diving (using surface-supplied air & a POD) ,M,23,torso,Y,12,white shark
1920.03.08,1920,AUSTRALIA,Queensland,"Between Bay Rock & Magnetic Island, Cleveland Bay","Boat capsized, swimming to shore",M,20,Unknown,N,Unknown,Unknown
1932.02.16,1932,USA,Hawaii,"1 mile off Mala Wharf, Lahaina, Maui",Swimming,M,Unknown,Unknown,N,Unknown,Unknown
1949.04.13,1949,MEXICO,Tamaulipas,"Miramar Beach, Tampico",Bathing,M,Unknown,Unknown,N,Unknown,Unknown
1884.08.18,1884,USA,New York,Jamaica Bay,Clamming,M,Unknown,Unknown,N,Unknown,Unknown
1907.10.16.b,1907,CHINA,Hong Kong,"Sharp Peak, Sai Kung Peninsula, New Territories",Fishing,M,Unknown,Unknown,Y,Unknown,Unknown
1946.06.28,1946,INDIA,Unknown,Chennai,Bathing,M,14,Unknown,N,Unknown,Unknown
2016.04.08,2016,CAPE VERDE,Boa Vista Island,Unknown,Unknown,M,60,Unknown,N,Unknown,Unknown
2010.11.27.R,2010,SAMOA,Unknown,Unknown,Fishing,M,47,Unknown,N,9,Unknown
1997.08.11.b,1997,EGYPT,Red Sea,Safaga,Fishing,M,17,Unknown,N,Unknown,Unknown
1932.01.11,1932,AUSTRALIA,Victoria,Frankston,Fishing,Unknown,Unknown,unknown,Unknown,Unknown,sandtiger shark
1968.09.22,1968,USA,Florida,"Riviera Beach, Palm Beach County",Surfing,Unknown,Unknown,unknown,Unknown,12,Unknown
1928.05.17,1928,INDIA,Unknown,Unknown,Unknown,M,Unknown,unknown,Unknown,13,Unknown
2008.04.20.a,2008,AUSTRALIA,New South Wales,Crescent Head,Unknown,M,Unknown,unknown,Unknown,Unknown,tiger shark
1969.02.00,1969,AUSTRALIA,Queensland,Cooktown,Hard hat diving,M,52,unknown,Unknown,Unknown,Unknown
1962.08.31.R,1962,ISRAEL,Sharon,2 km north of Apollonia,Fishing,M,Unknown,unknown,Unknown,Unknown,Unknown
2013.09.08,2013,USA,South Carolina,"St. Helena Island, Beaufort County",Unknown,F,Unknown,unknown,Unknown,Unknown,Unknown
2007.07.00,2007,SENEGAL,Unknown,Unknown,Murder,Unknown,Unknown,unknown,Unknown,Unknown,Unknown
1969.06.27,1969,USA,Florida,Florida Keys,Wading,M,22,unknown,Unknown,16,Unknown
1997.06.07,1997,BRAZIL,Rio de Janeiro,"Copacabana, Rio de Janeiro",Bathing,M,Unknown,unknown,Unknown,Unknown,Unknown
1997.02.21,1997,USA,Hawaii,"Sunset Beach, O'ahu",Unknown,M,Unknown,unknown,Unknown,Unknown,Unknown
1996.07.14,1996,USA,Hawaii,"Nakalele Point, Maui",Unknown,Unknown,Unknown,unknown,Unknown,Unknown,Unknown
1996.04.28.b,1996,USA,Hawaii,"La'ie Point, O'ahu",Unknown,M,Unknown,unknown,Unknown,Unknown,Unknown
1996.01.14.b,1996,AUSTRALIA,Western Australia,"Mutton Bird Island, Albany",Unknown,Unknown,Unknown,unknown,Unknown,Unknown,Unknown
1995.12.18,1995,USA,Hawaii,Southwest of O'ahu,Unknown,M,Unknown,unknown,Unknown,Unknown,Unknown
1995.05.18,1995,AUSTRALIA,Western Australia,"Bernier Island, Shark Bay",Unknown,Unknown,Unknown,unknown,Unknown,Unknown,Unknown
1995.00.00.b,1995,USA,South Carolina,"Pawleys Island, Georgetown County",Unknown,M,Unknown,unknown,Unknown,Unknown,Unknown
1994.12.10,1994,VANUATU,Tafea Province,Aniwa Island,Unknown,Unknown,Unknown,unknown,Unknown,Unknown,Unknown
1992.08.00,1992,USA,Florida,St. Lucie County,Fisherman,M,Unknown,unknown,Unknown,Unknown,Unknown
1990.00.00,1990,USA,Florida,"Pensacola, Escambia County",Surfing,M,17,unknown,Unknown,Unknown,Unknown
1986.10.01,1986,AUSTRALIA,Western Australia,"Direction Island, Cocos Islands",Unknown,Unknown,Unknown,unknown,Unknown,Unknown,Unknown
1984.09.19,1984,USA,Florida,Volusia County,Swimming,Unknown,Unknown,unknown,Unknown,Unknown,Unknown
1984.03.01,1984,AUSTRALIA,Western Australia,Coral Bay,Unknown,Unknown,Unknown,unknown,Unknown,Unknown,Unknown
1983.04.19,1983,USA,Florida,Unknown,Surfing,M,Unknown,unknown,Unknown,Unknown,Unknown
1982.00.00.a,1982,TUNISIA,Biserta,Bechateur,Spearfishing,Unknown,Unknown,unknown,Unknown,Unknown,Unknown
1981.02.07,1981,AUSTRALIA,Western Australia,"Parker's Point, Rottnest Island",Unknown,Unknown,Unknown,unknown,Unknown,Unknown,Unknown
1975.10.04,1975,USA,California,"Seal Beach, Orange County",Surfing,Unknown,Unknown,unknown,Unknown,Unknown,Unknown
1973.08.27,1973,AUSTRALIA,Queensland,Palm Cove Beach,Unknown,Unknown,21,unknown,Unknown,Unknown,Unknown
1996.12.29,1996,AUSTRALIA,Queensland,Coolum Beach,Surfing,M,18,unknown,Unknown,18,Unknown
1966.11.14,1966,THAILAND,Unknown,Unknown,Unknown,Unknown,28,unknown,Unknown,Unknown,Unknown
1981.10.17,1981,USA,Florida,"Palm Beach, Palm Beach County",Surfing,M,Unknown,unknown,Unknown,9,Unknown
1965.00.00.a,1965,SOUTH AFRICA,Eastern Cape Province,Pollock Beach,Bather,Unknown,Unknown,unknown,Unknown,Unknown,Unknown
1969.05.22,1969,DOMINICAN REPUBLIC,Unknown,Unknown,Surfing,M,18,unknown,Unknown,16,Unknown
1964.01.01.b,1964,AUSTRALIA,Western Australia,Metro coast,Unknown,Unknown,Unknown,unknown,Unknown,Unknown,Unknown
1968.00.00.a,1968,USA,Florida,"Jensen Beach, Martin County",Surfing,Unknown,Unknown,unknown,Unknown,17,Unknown
1963.00.00.b,1963,FIJI,Vita Levu,Korolevu (South coast between Nadi & Suva),Unknown,Unknown,Unknown,unknown,Unknown,Unknown,Unknown
1962.02.02,1962,NEW ZEALAND,North Island,South of New Plymouth,Fishing,Unknown,Unknown,unknown,Unknown,Unknown,Unknown
1962.01.26,1962,MOZAMBIQUE,Gaza,Praia Sepulveda,Unknown,M,16,unknown,Unknown,Unknown,Unknown
1956.00.00.d,1956,USA,Virginia,"Virginia Beach, Princess Anne County",Swimming,F,14,unknown,Unknown,Unknown,Unknown
1955.00.00.f,1955,USA,Florida,"Vero Beach, Indian River County",Unknown,Unknown,Unknown,unknown,Unknown,Unknown,Unknown
1949.03.00,1949,AUSTRALIA,South Australia,18 miles south of Port Augusta,Unknown,Unknown,Unknown,unknown,Unknown,Unknown,Unknown
1784.12.12,1774,JAMAICA,Unknown,Kingston,Swimming,M,Unknown,unknown,Y,22,Unknown
1943.00.00.a,1943,USA,Hawaii,"Midway, Northwestern Hawaiian Islands",Unknown,M,Unknown,unknown,Unknown,Unknown,Unknown
1940.00.00.c,1940,SOUTH AFRICA,Eastern Cape Province,Kidd's Beach,Swimming,Unknown,Unknown,unknown,Unknown,Unknown,Unknown
1939.11.09,1939,AUSTRALIA,New South Wales,Wollongong,Unknown,Unknown,Unknown,unknown,Unknown,Unknown,Unknown
1939.11.06,1939,AUSTRALIA,New South Wales,Wollongong,Unknown,Unknown,Unknown,unknown,Unknown,Unknown,Unknown
1938.03.21.R,1938,FIJI,Viti Levu,Singatoka River,Wading,M,Unknown,unknown,N,Unknown,Unknown
1932.11.09,1932,CUBA,Unknown,Unknown,Hurricane & Tidal Wave,Unknown,Unknown,unknown,Unknown,Unknown,Unknown
1931.00.00.a,1931,PAPUA NEW GUINEA,Unknown,Unknown,Unknown,Unknown,Unknown,unknown,Unknown,Unknown,Unknown
1926.00.00.a,1926,SOUTH AFRICA,Western Cape Province,Mossel Bay,Swimming to mail boat,M,Unknown,unknown,Unknown,Unknown,Unknown
1914.00.00,1914,SOUTH AFRICA,KwaZulu-Natal,Durban,Unknown,F,Unknown,unknown,Unknown,Unknown,Unknown
1912.05.04,1912,SOUTH AFRICA,KwaZulu-Natal,Durban,Unknown,M,Unknown,unknown,Unknown,Unknown,Unknown
1901.06.29.R,1901,YEMEN ,Aden,Unknown,Diving around anchored liner,M,Unknown,unknown,Unknown,Unknown,Unknown
1898.00.00.R,1898,CRETE,Unknown,Unknown,Sponge divers,M,Unknown,unknown,Unknown,Unknown,Unknown
1897.00.00.a,1897,EGYPT,Mediterranean Sea,Port Said,Unknown,Unknown,Unknown,unknown,Unknown,Unknown,Unknown
1893.00.00,1893,EGYPT,Mediterranean Sea,Port Said,Unknown,Unknown,Unknown,unknown,Unknown,Unknown,Unknown
1890.00.00.d,1890,INDIA,Tamil Nadu,Tuticorin,Diving,M,Unknown,unknown,Unknown,Unknown,Unknown
1890.00.00.c,1890,INDIA,Tamil Nadu,Tuticorin,Diving,M,Unknown,unknown,Unknown,Unknown,Unknown
1879.07.03,1879,USA,California,"Los Angeles, Los Angeles County",Bathing,M,Unknown,unknown,Unknown,Unknown,Unknown
1862.12.04,1862,NEW ZEALAND,South Island,Lyttleton?,Unknown,Unknown,Unknown,unknown,Unknown,Unknown,Unknown
1755.00.00,1755,SWEDEN,Skagerrak arm of the North Sea,Bohuslï¿,Unknown,M,Unknown,unknown,Unknown,Unknown,Unknown
1637.00.00.R,1637,INDIA,West Bengal,Hooghly River mouth,Wading,Unknown,Unknown,unknown,Unknown,Unknown,Unknown
1617.00.00.R,1617,INDIA,West Bengal,Ganges Delta,Unknown,Unknown,Unknown,unknown,Unknown,Unknown,Unknown
ND.0025,1927,AUSTRALIA,New South Wales,"Spectacle Island, Port Jackson",Unknown,M,Unknown,unknown,Unknown,Unknown,Unknown
1959.09.26.a,1959,USA,South Carolina,"Albergotti Creek, near Air Station boat docks, Beaufort",Gigging for flounder,Unknown,Unknown,unknown,Unknown,0,white shark
1989.10.01,1989,AUSTRALIA,Victoria,"Surfers Point, Phillip Island",Surfing,M,Unknown,unknown,Unknown,Unknown,white shark
1982.00.00.c,1982,ITALY,Tyrrhenian Sea,"Lacona, Isola d'Elba",Boat,M,Unknown,unknown,Unknown,Unknown,white shark
1981.03.00,1981,BRAZIL,Rio de Janeiro,Cabo Frio,Diving,Unknown,Unknown,unknown,Unknown,Unknown,white shark
1970.00.00.e,1970,CROATIA,Zadar County,Novigrad,Spearfishing,M,Unknown,unknown,Unknown,Unknown,white shark
1956.03.25,1956,ITALY,Ligurian Sea,"Genova, S. Nazaro, Punta Vagno",Boating,Unknown,Unknown,unknown,Unknown,Unknown,white shark
1954.10.02.b,1954,CROATIA,Zadar County,"Lika-Senj, Pag Island",Boating,Unknown,Unknown,unknown,Unknown,Unknown,white shark
1554.00.00,1554,FRANCE,Nice & Marseilles,Unknown,Unknown,M,Unknown,unknown,Unknown,Unknown,white shark
1970.04.00.a,1970,SOLOMON ISLANDS,Unknown,Unknown,Swimming,M,Unknown,unknown,Unknown,Unknown,wobbegong shark
1984.11.08,1984,SOUTH AFRICA,Eastern Cape Province,Gonubie River Mouth,Surfing,M,14,Unknown,N,17,Unknown
1944.06.23,1944,NORTH PACIFIC OCEAN,Unknown,Aircraft went down on 6/12/1944. He survived on raft for 11 days and was 150 miles off Guam when rescued,Unknown,M,Unknown,Unknown,N,Unknown,Unknown
1944.10.26.b,1944,PHILIPPINES,Unknown,Unknown,"USS Gambier Bay CVE-73  shelled & sunk  at 09h57 on 10/24/1944, by Japanes fleet enroute to attack the Allied landing force at Leyte.",M,Unknown,Unknown,Y,Unknown,Unknown
1960.11.00.c,1960,NEW GUINEA,Western District,Toro Passage,Unknown,M,Unknown,wrist, N,Unknown,blacktip shark
2008.08.30.a,2008,ENGLAND,North Devon, Lundy Island,Fishing,M,52,wrist,N,Unknown,blue shark
1977.06.06,1977,USA,Texas,Padre Island,Collecting fish from net,M,25,wrist,N,Unknown,bull shark
2016.02.10.R,2016,CAYMAN ISLANDS,Grand Cayman,Stingray City Bar,Feeding stingrays?,M,65,wrist,N,Unknown,Unknown
1990.10.20,1990,USA,Florida,"North end of County Beach, Palm Beach County",Surfing,M,25,wrist,N,16,spinner shark
2014.07.22,2014,REUNION,Saint-Leu,Unknown,Surfing,M,51,wrist,N,15,Unknown
1997.08.05,1997,USA,Texas,"East Beach, Galveston",Wading,F,10,wrist,N,Unknown,Unknown
1959.12.11,1959,AUSTRALIA,Victoria,"Altona, Melbourne","Spearfishing, Smith  & Walker touched shark with tip of their guns",M,26,wrist,N,Unknown,Unknown
2016.06.11,2016,USA,North Carolina,"Atlantic Beach, Emerald Isle, Carteret County",Standing,M,19,wrist,N,15,Unknown
2010.09.07,2010,USA,Florida,"St. Augustine, St. John's County",Swimming,M,27,wrist,N,Unknown,Unknown
1968.02.18,1968,NEW ZEALAND,North Island,"Pilot Bay, Mt Maunganui ",Picking up shark by the tail,F,Unknown,wrist,N,Unknown,Unknown
1960.06.29,1960,USA,South Carolina,"Little River Beach, Horry County",Surf fishing,M,Unknown,wrist,N,14,Unknown
2002.05.21,2002,PAPUA NEW GUINEA,Milne Bay Province,Tewatewa Island,Collecting beche-de-mer,M,14,wrist,N,Unknown,Unknown
2014.12.03.R,2014,SPAIN,Granada,Off Motril,Fishing for blue sharks,M,Unknown,wrist,N,7,Unknown
2010.01.09.b,2010,VIETNAM,Binh Dinh Province,Quy Nhon ,Unknown,M,Unknown,wrist,N,17,Unknown
1929.04.17.R,1929,AUSTRALIA,Queensland,Great Barrier Reef,Diving for trochus,M,Unknown,wrist,N,Unknown,Unknown
1886.04.26,1886,AUSTRALIA,Queensland,Rothesay Bay,Oystering,M,Unknown,wrist,N,Unknown,Unknown
1959.01.15,1959,SOUTH AFRICA,Western Cape Province,Melkbaai,Swimming,M,18,wrist,N,16,white shark
2007.10.15,2007,AUSTRALIA,New South Wales,Byron Bay,Surf-skiing,F,52,wrist,N,11,white shark
2001.04.08.a,2001,AUSTRALIA,New South Wales,Bronte Beach,Snorkeling,M,Unknown,wrist,N,Unknown,wobbegong shark
2004.04.26,2004,AUSTRALIA,New South Wales,"Latitude Reef, near Forster",Diving,M,Unknown,wrist,N,9,wobbegong shark
